hash_type,hash_category,gpu,gpu_brand,gpu_category,hashrate_hs,hashcat_version,source
"1Password, agilekeychain",Password Manager,NVIDIA GeForce RTX 5090,NVIDIA,Consumer; Desktop,26603700,6.2.6-851-g6716447df,https://github.com/dosoos/hashcat_speeds
"1Password, agilekeychain",Password Manager,NVIDIA GeForce RTX 4090,NVIDIA,Consumer; Desktop,19623700,6.2.6,https://github.com/dosoos/hashcat_speeds
"1Password, agilekeychain",Password Manager,NVIDIA RTX 6000 Ada Generation,NVIDIA,Professional; Desktop,17922300,6.2.6,https://github.com/dosoos/hashcat_speeds
"1Password, agilekeychain",Password Manager,NVIDIA GeForce RTX 4080,NVIDIA,Consumer; Desktop,11952800,6.2.6-325-gea6173b30,https://github.com/dosoos/hashcat_speeds
"1Password, agilekeychain",Password Manager,NVIDIA H100 PCIe,NVIDIA,Server; Data Center,11341900,6.2.6-514-gbf1d7d078,https://github.com/dosoos/hashcat_speeds
"1Password, agilekeychain",Password Manager,AMD Radeon RX 7900 XTX,AMD,Consumer; Desktop,9927700,6.2.6,https://docs.google.com/document/d/1q0dhInwifS8yDYQFYe0hTSECvaLE3LSqkR1dRZ-_PtM/edit
"1Password, agilekeychain",Password Manager,NVIDIA GeForce RTX 3090 Ti,NVIDIA,Consumer; Desktop,9704300,6.2.6-424-g3df97954c,https://www.onlinehashcrack.com/tools-benchmark-hashcat-gtx-1080-ti-1070-ti-rtx-2080-ti-rtx-3090-3080-4090.php
"1Password, agilekeychain",Password Manager,NVIDIA GeForce RTX 3090,NVIDIA,Consumer; Desktop,8975300,6.2.5-656-gc8350eb55,https://www.onlinehashcrack.com/tools-benchmark-hashcat-gtx-1080-ti-1070-ti-rtx-2080-ti-rtx-3090-3080-4090.php
"1Password, agilekeychain",Password Manager,NVIDIA A100-PCIE-40GB,NVIDIA,Server; Data Center,8953500,6.1.1,https://github.com/dosoos/hashcat_speeds
"1Password, agilekeychain",Password Manager,NVIDIA GeForce RTX 3080 Ti,NVIDIA,Consumer; Desktop,8743300,6.2.3,https://www.onlinehashcrack.com/tools-benchmark-hashcat-gtx-1080-ti-1070-ti-rtx-2080-ti-rtx-3090-3080-4090.php
"1Password, agilekeychain",Password Manager,AMD Radeon RX 6800 XT,AMD,Consumer; Desktop,8471800,6.1.1-120-g15bf8b730,https://gist.github.com/epixoip/99085955a1145ff61ec83512a50421a7
"1Password, agilekeychain",Password Manager,NVIDIA GeForce RTX 3080,NVIDIA,Consumer; Desktop,7513000,6.2.6-424-g3df97954c,https://www.onlinehashcrack.com/tools-benchmark-hashcat-gtx-1080-ti-1070-ti-rtx-2080-ti-rtx-3090-3080-4090.php
"1Password, agilekeychain",Password Manager,NVIDIA TITAN RTX,NVIDIA,Consumer; Desktop,7282000,6.2.6,https://github.com/dosoos/hashcat_speeds
"1Password, agilekeychain",Password Manager,NVIDIA GeForce RTX 2080 Ti,NVIDIA,Consumer; Desktop,6896000,6.2.6,https://www.onlinehashcrack.com/tools-benchmark-hashcat-gtx-1080-ti-1070-ti-rtx-2080-ti-rtx-3090-3080-4090.php
"1Password, agilekeychain",Password Manager,NVIDIA Tesla V100-SXM2-16GB,NVIDIA,Server; Data Center,6501400,6.2.6,https://github.com/dosoos/hashcat_speeds
"1Password, agilekeychain",Password Manager,NVIDIA GeForce GTX 1080 Ti,NVIDIA,Consumer; Desktop,5056400,6.2.6,https://www.onlinehashcrack.com/tools-benchmark-hashcat-gtx-1080-ti-1070-ti-rtx-2080-ti-rtx-3090-3080-4090.php
"1Password, agilekeychain",Password Manager,NVIDIA GeForce RTX 2070 SUPER,NVIDIA,Consumer; Desktop,4570700,6.2.6,https://www.onlinehashcrack.com/tools-benchmark-hashcat-gtx-1080-ti-1070-ti-rtx-2080-ti-rtx-3090-3080-4090.php
"1Password, agilekeychain",Password Manager,AMD Radeon RX Vega 64,AMD,Consumer; Desktop,4282062,6.0.0,https://hashcat.net/hashcat/
"1Password, agilekeychain",Password Manager,NVIDIA Tesla P100-PCIE-16GB,NVIDIA,Server; Data Center,3861600,6.2.6,https://www.onlinehashcrack.com/tools-benchmark-hashcat-gtx-1080-ti-1070-ti-rtx-2080-ti-rtx-3090-3080-4090.php
"1Password, agilekeychain",Password Manager,AMD Radeon RX 6600 XT,AMD,Consumer; Desktop,3724200,6.2.4,https://gist.github.com/soxrok2212/7ebabe2136e48514ad579929af123037
"1Password, agilekeychain",Password Manager,NVIDIA Tesla T4,NVIDIA,Server; Data Center,2769000,6.2.6,https://www.onlinehashcrack.com/tools-benchmark-hashcat-gtx-1080-ti-1070-ti-rtx-2080-ti-rtx-3090-3080-4090.php
"1Password, agilekeychain",Password Manager,Apple M1 Ultra,Apple,Integrated; SoC; Desktop,2448500,6.2.5-340-g98b89e43d,https://gist.github.com/fhlip0
"1Password, agilekeychain",Password Manager,Apple M3 Pro,Apple,Integrated; SoC; Mobile,1165800,6.2.6-827-g46ce637d3,https://gist.github.com/Chick3nman/fdf7f9ddcc0a65f6725aefede99ada4e
"1Password, agilekeychain",Password Manager,NVIDIA Tegra X1,NVIDIA,Embedded; SoC,129900,6.2.6,https://hashcat.net/forum/printthread.php?tid=11520
"1Password, cloudkeychain",Password Manager,NVIDIA GeForce RTX 5090,NVIDIA,Consumer; Desktop,109300,6.2.6-851-g6716447df,https://github.com/dosoos/hashcat_speeds
"1Password, cloudkeychain",Password Manager,NVIDIA GeForce RTX 4090,NVIDIA,Consumer; Desktop,81369,6.2.6,https://github.com/dosoos/hashcat_speeds
"1Password, cloudkeychain",Password Manager,NVIDIA RTX 6000 Ada Generation,NVIDIA,Professional; Desktop,69765,6.2.6,https://github.com/dosoos/hashcat_speeds
"1Password, cloudkeychain",Password Manager,NVIDIA GeForce RTX 4080,NVIDIA,Consumer; Desktop,48293,6.2.6-325-gea6173b30,https://github.com/dosoos/hashcat_speeds
"1Password, cloudkeychain",Password Manager,NVIDIA H100 PCIe,NVIDIA,Server; Data Center,44587,6.2.6-514-gbf1d7d078,https://github.com/dosoos/hashcat_speeds
"1Password, cloudkeychain",Password Manager,NVIDIA GeForce RTX 3090 Ti,NVIDIA,Consumer; Desktop,39369,6.2.6-424-g3df97954c,https://www.onlinehashcrack.com/tools-benchmark-hashcat-gtx-1080-ti-1070-ti-rtx-2080-ti-rtx-3090-3080-4090.php
"1Password, cloudkeychain",Password Manager,AMD Radeon RX 7900 XTX,AMD,Consumer; Desktop,35785,6.2.6,https://docs.google.com/document/d/1q0dhInwifS8yDYQFYe0hTSECvaLE3LSqkR1dRZ-_PtM/edit
"1Password, cloudkeychain",Password Manager,NVIDIA GeForce RTX 3090,NVIDIA,Consumer; Desktop,35315,6.2.5-656-gc8350eb55,https://www.onlinehashcrack.com/tools-benchmark-hashcat-gtx-1080-ti-1070-ti-rtx-2080-ti-rtx-3090-3080-4090.php
"1Password, cloudkeychain",Password Manager,NVIDIA A100-PCIE-40GB,NVIDIA,Server; Data Center,34866,6.1.1,https://github.com/dosoos/hashcat_speeds
"1Password, cloudkeychain",Password Manager,NVIDIA GeForce RTX 3080 Ti,NVIDIA,Consumer; Desktop,34416,6.2.3,https://www.onlinehashcrack.com/tools-benchmark-hashcat-gtx-1080-ti-1070-ti-rtx-2080-ti-rtx-3090-3080-4090.php
"1Password, cloudkeychain",Password Manager,NVIDIA GeForce RTX 3080,NVIDIA,Consumer; Desktop,30096,6.2.6-424-g3df97954c,https://www.onlinehashcrack.com/tools-benchmark-hashcat-gtx-1080-ti-1070-ti-rtx-2080-ti-rtx-3090-3080-4090.php
"1Password, cloudkeychain",Password Manager,NVIDIA TITAN RTX,NVIDIA,Consumer; Desktop,28422,6.2.6,https://github.com/dosoos/hashcat_speeds
"1Password, cloudkeychain",Password Manager,AMD Radeon RX 6800 XT,AMD,Consumer; Desktop,26171,6.1.1-120-g15bf8b730,https://gist.github.com/epixoip/99085955a1145ff61ec83512a50421a7
"1Password, cloudkeychain",Password Manager,NVIDIA Tesla V100-SXM2-16GB,NVIDIA,Server; Data Center,26014,6.2.6,https://github.com/dosoos/hashcat_speeds
"1Password, cloudkeychain",Password Manager,NVIDIA GeForce RTX 2080 Ti,NVIDIA,Consumer; Desktop,25687,6.2.6,https://www.onlinehashcrack.com/tools-benchmark-hashcat-gtx-1080-ti-1070-ti-rtx-2080-ti-rtx-3090-3080-4090.php
"1Password, cloudkeychain",Password Manager,NVIDIA GeForce RTX 2070 SUPER,NVIDIA,Consumer; Desktop,17334,6.2.6,https://www.onlinehashcrack.com/tools-benchmark-hashcat-gtx-1080-ti-1070-ti-rtx-2080-ti-rtx-3090-3080-4090.php
"1Password, cloudkeychain",Password Manager,NVIDIA GeForce GTX 1080 Ti,NVIDIA,Consumer; Desktop,15841,6.2.6,https://www.onlinehashcrack.com/tools-benchmark-hashcat-gtx-1080-ti-1070-ti-rtx-2080-ti-rtx-3090-3080-4090.php
"1Password, cloudkeychain",Password Manager,AMD Radeon RX 6600 XT,AMD,Consumer; Desktop,12505,6.2.4,https://gist.github.com/soxrok2212/7ebabe2136e48514ad579929af123037
"1Password, cloudkeychain",Password Manager,AMD Radeon RX Vega 64,AMD,Consumer; Desktop,12300,6.0.0,https://hashcat.net/hashcat/
"1Password, cloudkeychain",Password Manager,NVIDIA Tesla P100-PCIE-16GB,NVIDIA,Server; Data Center,11903,6.2.6,https://www.onlinehashcrack.com/tools-benchmark-hashcat-gtx-1080-ti-1070-ti-rtx-2080-ti-rtx-3090-3080-4090.php
"1Password, cloudkeychain",Password Manager,NVIDIA Tesla T4,NVIDIA,Server; Data Center,10451,6.2.6,https://www.onlinehashcrack.com/tools-benchmark-hashcat-gtx-1080-ti-1070-ti-rtx-2080-ti-rtx-3090-3080-4090.php
"1Password, cloudkeychain",Password Manager,Apple M3 Pro,Apple,Integrated; SoC; Mobile,2465,6.2.6-827-g46ce637d3,https://gist.github.com/Chick3nman/fdf7f9ddcc0a65f6725aefede99ada4e
"1Password, cloudkeychain",Password Manager,Apple M1 Ultra,Apple,Integrated; SoC; Desktop,2187,6.2.5-340-g98b89e43d,https://gist.github.com/fhlip0
"1Password, cloudkeychain",Password Manager,NVIDIA Tegra X1,NVIDIA,Embedded; SoC,439,6.2.6,https://hashcat.net/forum/printthread.php?tid=11520
7-Zip,Archive,NVIDIA RTX PRO 6000 Blackwell Workstation Edition,NVIDIA,Professional; Desktop,4177290,7.1.2,https://openbenchmarking.org/test/pts/hashcat
7-Zip,Archive,NVIDIA GeForce RTX 5090,NVIDIA,Consumer; Desktop,3527533,7.0,https://openbenchmarking.org/test/pts/hashcat
7-Zip,Archive,NVIDIA RTX PRO 6000 Blackwell Max-Q Workstation Edition,NVIDIA,Professional; Mobile,2879175,7.1.2,https://openbenchmarking.org/test/pts/hashcat
7-Zip,Archive,NVIDIA GeForce RTX 4090,NVIDIA,Consumer; Desktop,2734859,7.0,https://openbenchmarking.org/test/pts/hashcat
7-Zip,Archive,NVIDIA RTX PRO 5000 Blackwell,NVIDIA,Professional; Desktop,2249078,7.1.2,https://openbenchmarking.org/test/pts/hashcat
7-Zip,Archive,NVIDIA RTX 6000 Ada Generation,NVIDIA,Professional; Desktop,2205542,7.1.2,https://openbenchmarking.org/test/pts/hashcat
7-Zip,Archive,NVIDIA H100 SXM5 80GB,NVIDIA,Server; Data Center,1983500,6.2.6,https://www.onlinehashcrack.com/tools-benchmark-hashcat-gtx-1080-ti-1070-ti-rtx-2080-ti-rtx-3090-3080-4090.php
7-Zip,Archive,NVIDIA RTX PRO 4500 Blackwell,NVIDIA,Professional; Desktop,1698092,7.1.2,https://openbenchmarking.org/test/pts/hashcat
7-Zip,Archive,NVIDIA GeForce RTX 5080,NVIDIA,Consumer; Desktop,1687600,7.1.2,https://openbenchmarking.org/test/pts/hashcat
7-Zip,Archive,NVIDIA GeForce RTX 4080,NVIDIA,Consumer; Desktop,1640200,6.2.6-325-gea6173b30,https://github.com/dosoos/hashcat_speeds
7-Zip,Archive,NVIDIA GeForce RTX 4080 SUPER,NVIDIA,Consumer; Desktop,1604200,6.2.6,https://hashcat.net/forum/printthread.php?tid=11520
7-Zip,Archive,NVIDIA H100 PCIe,NVIDIA,Server; Data Center,1476300,6.2.6-514-gbf1d7d078,https://github.com/dosoos/hashcat_speeds
7-Zip,Archive,NVIDIA GeForce RTX 4070 Ti SUPER,NVIDIA,Consumer; Desktop,1441878,6.2.4,https://openbenchmarking.org/test/pts/hashcat
7-Zip,Archive,AMD Radeon RX 7900 XTX,AMD,Consumer; Desktop,1424951,6.2.4,https://openbenchmarking.org/test/pts/hashcat
7-Zip,Archive,NVIDIA GeForce RTX 5070 Ti,NVIDIA,Consumer; Desktop,1415800,6.2.6,https://github.com/dosoos/hashcat_speeds
7-Zip,Archive,AMD Radeon PRO W7900,AMD,Professional; Desktop,1269535,7.1.2,https://openbenchmarking.org/test/pts/hashcat
7-Zip,Archive,NVIDIA GeForce RTX 3090 Ti,NVIDIA,Consumer; Desktop,1262200,6.2.6-424-g3df97954c,https://www.onlinehashcrack.com/tools-benchmark-hashcat-gtx-1080-ti-1070-ti-rtx-2080-ti-rtx-3090-3080-4090.php
7-Zip,Archive,NVIDIA A800 80GB PCIe,NVIDIA,Server; Data Center,1223600,6.2.6,https://github.com/dosoos/hashcat_speeds
7-Zip,Archive,AMD Radeon RX 7900 XT,AMD,Consumer; Desktop,1219816,6.2.4,https://openbenchmarking.org/test/pts/hashcat
7-Zip,Archive,NVIDIA GeForce RTX 4070 SUPER,NVIDIA,Consumer; Desktop,1208350,6.2.4,https://openbenchmarking.org/test/pts/hashcat
7-Zip,Archive,NVIDIA RTX PRO 4000 Blackwell,NVIDIA,Professional; Desktop,1197803,7.1.2,https://openbenchmarking.org/test/pts/hashcat
7-Zip,Archive,AMD Radeon RX 6900 XT,AMD,Consumer; Desktop,1195564,6.2.4,https://openbenchmarking.org/test/pts/hashcat
7-Zip,Archive,NVIDIA A100-SXM4-40GB,NVIDIA,Server; Data Center,1166900,6.2.3,https://www.onlinehashcrack.com/tools-benchmark-hashcat-gtx-1080-ti-1070-ti-rtx-2080-ti-rtx-3090-3080-4090.php
7-Zip,Archive,NVIDIA A100-PCIE-40GB,NVIDIA,Server; Data Center,1124000,6.1.1,https://github.com/dosoos/hashcat_speeds
7-Zip,Archive,NVIDIA GeForce RTX 3080 Ti,NVIDIA,Consumer; Desktop,1086437,6.2.4,https://openbenchmarking.org/test/pts/hashcat
7-Zip,Archive,AMD Radeon RX 6800 XT,AMD,Consumer; Desktop,1067274,6.2.4,https://openbenchmarking.org/test/pts/hashcat
7-Zip,Archive,AMD Radeon RX 7900 GRE,AMD,Consumer; Desktop,1065031,6.2.4,https://openbenchmarking.org/test/pts/hashcat
7-Zip,Archive,NVIDIA GeForce RTX 3090,NVIDIA,Consumer; Desktop,1012000,6.2.5-656-gc8350eb55,https://www.onlinehashcrack.com/tools-benchmark-hashcat-gtx-1080-ti-1070-ti-rtx-2080-ti-rtx-3090-3080-4090.php
7-Zip,Archive,NVIDIA GeForce RTX 3080,NVIDIA,Consumer; Desktop,971800,6.2.6-424-g3df97954c,https://www.onlinehashcrack.com/tools-benchmark-hashcat-gtx-1080-ti-1070-ti-rtx-2080-ti-rtx-3090-3080-4090.php
7-Zip,Archive,NVIDIA GeForce RTX 4070,NVIDIA,Consumer; Desktop,955900,6.2.6,https://github.com/dosoos/hashcat_speeds
7-Zip,Archive,AMD Radeon RX 9070 GRE,AMD,Consumer; Desktop,904533,7.1.2,https://openbenchmarking.org/test/pts/hashcat
7-Zip,Archive,NVIDIA RTX 4000 Ada Generation,NVIDIA,Professional; Desktop,876644,7.1.2,https://openbenchmarking.org/test/pts/hashcat
7-Zip,Archive,AMD Radeon RX 6800,AMD,Consumer; Desktop,875922,6.2.4,https://openbenchmarking.org/test/pts/hashcat
7-Zip,Archive,AMD Radeon RX 7800 XT,AMD,Consumer; Desktop,863310,6.2.4,https://openbenchmarking.org/test/pts/hashcat
7-Zip,Archive,NVIDIA GeForce RTX 5060 Ti,NVIDIA,Consumer; Desktop,811200,7.1.2,https://github.com/dosoos/hashcat_speeds
7-Zip,Archive,NVIDIA Tesla V100-SXM2-16GB,NVIDIA,Server; Data Center,808600,6.2.6,https://github.com/dosoos/hashcat_speeds
7-Zip,Archive,NVIDIA GeForce RTX 2080 Ti,NVIDIA,Consumer; Desktop,786000,6.2.6,https://www.onlinehashcrack.com/tools-benchmark-hashcat-gtx-1080-ti-1070-ti-rtx-2080-ti-rtx-3090-3080-4090.php
7-Zip,Archive,AMD Radeon RX 7700 XT,AMD,Consumer; Desktop,783998,6.2.4,https://openbenchmarking.org/test/pts/hashcat
7-Zip,Archive,NVIDIA GeForce RTX 2080 SUPER,NVIDIA,Consumer; Desktop,731900,6.2.4,https://openbenchmarking.org/test/pts/hashcat
7-Zip,Archive,NVIDIA GeForce RTX 3070 Ti,NVIDIA,Consumer; Desktop,712825,6.2.4,https://openbenchmarking.org/test/pts/hashcat
7-Zip,Archive,AMD Radeon 8060S,AMD,Integrated; iGPU; Mobile,695267,7.0,https://openbenchmarking.org/test/pts/hashcat
7-Zip,Archive,NVIDIA RTX A5000,NVIDIA,Professional; Desktop,667100,6.2.6,https://www.onlinehashcrack.com/tools-benchmark-hashcat-gtx-1080-ti-1070-ti-rtx-2080-ti-rtx-3090-3080-4090.php
7-Zip,Archive,NVIDIA GeForce RTX 3070,NVIDIA,Consumer; Desktop,667084,6.2.4,https://openbenchmarking.org/test/pts/hashcat
7-Zip,Archive,AMD Radeon PRO W7700,AMD,Professional; Desktop,658089,7.0,https://openbenchmarking.org/test/pts/hashcat
7-Zip,Archive,NVIDIA GeForce RTX 2080,NVIDIA,Consumer; Desktop,650867,6.2.4,https://openbenchmarking.org/test/pts/hashcat
7-Zip,Archive,NVIDIA TITAN RTX,NVIDIA,Consumer; Desktop,641100,6.2.6,https://github.com/dosoos/hashcat_speeds
7-Zip,Archive,NVIDIA CMP 50HX,NVIDIA,Mining; Desktop,636600,6.2.6,https://github.com/dosoos/hashcat_speeds
7-Zip,Archive,NVIDIA RTX PRO 2000 Blackwell,NVIDIA,Professional; Desktop,634217,7.1.2,https://openbenchmarking.org/test/pts/hashcat
7-Zip,Archive,NVIDIA CMP 90HX,NVIDIA,Mining; Desktop,622000,6.2.6,https://github.com/dosoos/hashcat_speeds
7-Zip,Archive,NVIDIA GeForce RTX 3060 Ti,NVIDIA,Consumer; Desktop,573612,6.2.4,https://openbenchmarking.org/test/pts/hashcat
7-Zip,Archive,NVIDIA RTX A4000,NVIDIA,Professional; Desktop,537642,6.2.4,https://openbenchmarking.org/test/pts/hashcat
7-Zip,Archive,NVIDIA GeForce RTX 2070 SUPER,NVIDIA,Consumer; Desktop,537500,6.2.6,https://www.onlinehashcrack.com/tools-benchmark-hashcat-gtx-1080-ti-1070-ti-rtx-2080-ti-rtx-3090-3080-4090.php
7-Zip,Archive,NVIDIA GeForce RTX 4060,NVIDIA,Consumer; Desktop,525300,6.2.6,https://github.com/dosoos/hashcat_speeds
7-Zip,Archive,AMD Radeon RX 6600 XT,AMD,Consumer; Desktop,524900,6.2.4,https://gist.github.com/soxrok2212/7ebabe2136e48514ad579929af123037
7-Zip,Archive,AMD Radeon RX Vega 64,AMD,Consumer; Desktop,524060,6.0.0,https://hashcat.net/hashcat/
7-Zip,Archive,AMD Radeon RX 7600 XT,AMD,Consumer; Desktop,499797,6.2.4,https://openbenchmarking.org/test/pts/hashcat
7-Zip,Archive,NVIDIA GeForce RTX 2070,NVIDIA,Consumer; Desktop,491946,6.2.4,https://openbenchmarking.org/test/pts/hashcat
7-Zip,Archive,NVIDIA GeForce RTX 2060 SUPER,NVIDIA,Consumer; Desktop,488640,6.2.4,https://openbenchmarking.org/test/pts/hashcat
7-Zip,Archive,NVIDIA GeForce GTX 1080 Ti,NVIDIA,Consumer; Desktop,486600,6.2.6,https://www.onlinehashcrack.com/tools-benchmark-hashcat-gtx-1080-ti-1070-ti-rtx-2080-ti-rtx-3090-3080-4090.php
7-Zip,Archive,AMD Radeon RX 7600,AMD,Consumer; Desktop,484438,6.2.4,https://openbenchmarking.org/test/pts/hashcat
7-Zip,Archive,AMD Radeon PRO W7600,AMD,Professional; Desktop,468950,6.2.4,https://openbenchmarking.org/test/pts/hashcat
7-Zip,Archive,NVIDIA RTX 2000 Ada Generation,NVIDIA,Professional; Desktop,446563,7.1.2,https://openbenchmarking.org/test/pts/hashcat
7-Zip,Archive,NVIDIA GeForce RTX 2060,NVIDIA,Consumer; Desktop,440538,6.2.4,https://openbenchmarking.org/test/pts/hashcat
7-Zip,Archive,NVIDIA Quadro RTX 4000,NVIDIA,Professional; Desktop,437622,6.2.4,https://openbenchmarking.org/test/pts/hashcat
7-Zip,Archive,NVIDIA GeForce RTX 3060,NVIDIA,Consumer; Desktop,414253,6.2.4,https://openbenchmarking.org/test/pts/hashcat
7-Zip,Archive,NVIDIA Quadro RTX 5000 with Max-Q Design,NVIDIA,Professional; Mobile,383100,6.1.1,https://openbenchmarking.org/test/pts/hashcat
7-Zip,Archive,NVIDIA Tesla P100-PCIE-16GB,NVIDIA,Server; Data Center,381400,6.2.6,https://www.onlinehashcrack.com/tools-benchmark-hashcat-gtx-1080-ti-1070-ti-rtx-2080-ti-rtx-3090-3080-4090.php
7-Zip,Archive,NVIDIA GeForce GTX 1080,NVIDIA,Consumer; Desktop,372638,6.1.1,https://openbenchmarking.org/test/pts/hashcat
7-Zip,Archive,NVIDIA GeForce GTX 1660 Ti,NVIDIA,Consumer; Desktop,357209,6.2.4,https://openbenchmarking.org/test/pts/hashcat
7-Zip,Archive,NVIDIA P102-100,NVIDIA,Mining; Desktop,357200,7.1.2,https://github.com/dosoos/hashcat_speeds
7-Zip,Archive,NVIDIA GeForce GTX 1660 SUPER,NVIDIA,Consumer; Desktop,332897,6.2.4,https://openbenchmarking.org/test/pts/hashcat
7-Zip,Archive,Intel Arc A580,Intel,Consumer; Desktop,292542,7.0,https://openbenchmarking.org/test/pts/hashcat
7-Zip,Archive,AMD Radeon PRO W7500,AMD,Professional; Desktop,289986,6.2.4,https://openbenchmarking.org/test/pts/hashcat
7-Zip,Archive,Intel Arc B580 (BMG G21),Intel,Consumer; Desktop,284100,7.0,https://openbenchmarking.org/test/pts/hashcat
7-Zip,Archive,NVIDIA Tesla T4,NVIDIA,Server; Data Center,280100,6.2.6,https://www.onlinehashcrack.com/tools-benchmark-hashcat-gtx-1080-ti-1070-ti-rtx-2080-ti-rtx-3090-3080-4090.php
7-Zip,Archive,NVIDIA GeForce GTX 1070,NVIDIA,Consumer; Desktop,251700,6.2.5-620-g31758f09a,https://github.com/dosoos/hashcat_speeds
7-Zip,Archive,Intel Arc A750,Intel,Consumer; Desktop,247210,6.2.4,https://openbenchmarking.org/test/pts/hashcat
7-Zip,Archive,Intel Arc A770,Intel,Consumer; Desktop,236963,7.1.2,https://openbenchmarking.org/test/pts/hashcat
7-Zip,Archive,NVIDIA P104-100,NVIDIA,Mining; Desktop,234200,6.2.6,https://github.com/dosoos/hashcat_speeds
7-Zip,Archive,Intel Arc B580,Intel,Consumer; Desktop,230633,7.1.2,https://openbenchmarking.org/test/pts/hashcat
7-Zip,Archive,NVIDIA RTX A1000,NVIDIA,Professional; Desktop,224455,7.1.2,https://openbenchmarking.org/test/pts/hashcat
7-Zip,Archive,Apple M1 Ultra,Apple,Integrated; SoC; Desktop,209000,6.2.5-340-g98b89e43d,https://gist.github.com/fhlip0
7-Zip,Archive,NVIDIA GeForce GTX 1060,NVIDIA,Consumer; Desktop,187083,6.2.4,https://openbenchmarking.org/test/pts/hashcat
7-Zip,Archive,Apple M3 Pro,Apple,Integrated; SoC; Mobile,137600,6.2.6-827-g46ce637d3,https://gist.github.com/Chick3nman/fdf7f9ddcc0a65f6725aefede99ada4e
7-Zip,Archive,Intel Arc Pro B50,Intel,Professional; Desktop,134429,7.1.2,https://openbenchmarking.org/test/pts/hashcat
7-Zip,Archive,NVIDIA Tesla M6,NVIDIA,Server; Data Center,119095,6.1.1,https://openbenchmarking.org/test/pts/hashcat
7-Zip,Archive,Intel Iris Xe ADL GT2,Intel,Integrated; iGPU,55083,7.1.2,https://openbenchmarking.org/test/pts/hashcat
7-Zip,Archive,Intel Iris Xe TGL GT2,Intel,Integrated; iGPU; Mobile,34647,7.1.2,https://openbenchmarking.org/test/pts/hashcat
7-Zip,Archive,Intel UHD 730,Intel,Integrated; iGPU; Desktop,18945,6.2.6,https://github.com/dosoos/hashcat_speeds
7-Zip,Archive,NVIDIA Tegra X1,NVIDIA,Embedded; SoC,15031,6.2.6,https://hashcat.net/forum/printthread.php?tid=11520
Android FDE,Disk Encryption,NVIDIA GeForce RTX 5090,NVIDIA,Consumer; Desktop,6896500,6.2.6-851-g6716447df,https://github.com/dosoos/hashcat_speeds
Android FDE,Disk Encryption,NVIDIA GeForce RTX 4090,NVIDIA,Consumer; Desktop,5155300,6.2.6,https://github.com/dosoos/hashcat_speeds
Android FDE,Disk Encryption,NVIDIA RTX 6000 Ada Generation,NVIDIA,Professional; Desktop,4500200,6.2.6,https://github.com/dosoos/hashcat_speeds
Android FDE,Disk Encryption,NVIDIA GeForce RTX 4080,NVIDIA,Consumer; Desktop,3062400,6.2.6-325-gea6173b30,https://github.com/dosoos/hashcat_speeds
Android FDE,Disk Encryption,NVIDIA H100 PCIe,NVIDIA,Server; Data Center,2895000,6.2.6-514-gbf1d7d078,https://github.com/dosoos/hashcat_speeds
Android FDE,Disk Encryption,AMD Radeon RX 7900 XTX,AMD,Consumer; Desktop,2663300,6.2.6,https://docs.google.com/document/d/1q0dhInwifS8yDYQFYe0hTSECvaLE3LSqkR1dRZ-_PtM/edit
Android FDE,Disk Encryption,NVIDIA GeForce RTX 3090 Ti,NVIDIA,Consumer; Desktop,2528300,6.2.6-424-g3df97954c,https://www.onlinehashcrack.com/tools-benchmark-hashcat-gtx-1080-ti-1070-ti-rtx-2080-ti-rtx-3090-3080-4090.php
Android FDE,Disk Encryption,NVIDIA GeForce RTX 3090,NVIDIA,Consumer; Desktop,2271200,6.2.5-656-gc8350eb55,https://www.onlinehashcrack.com/tools-benchmark-hashcat-gtx-1080-ti-1070-ti-rtx-2080-ti-rtx-3090-3080-4090.php
Android FDE,Disk Encryption,NVIDIA A100-PCIE-40GB,NVIDIA,Server; Data Center,2182800,6.1.1,https://github.com/dosoos/hashcat_speeds
Android FDE,Disk Encryption,AMD Radeon RX 6800 XT,AMD,Consumer; Desktop,2161900,6.1.1-120-g15bf8b730,https://gist.github.com/epixoip/99085955a1145ff61ec83512a50421a7
Android FDE,Disk Encryption,NVIDIA GeForce RTX 3080 Ti,NVIDIA,Consumer; Desktop,2149000,6.2.3,https://www.onlinehashcrack.com/tools-benchmark-hashcat-gtx-1080-ti-1070-ti-rtx-2080-ti-rtx-3090-3080-4090.php
Android FDE,Disk Encryption,NVIDIA GeForce RTX 3080,NVIDIA,Consumer; Desktop,1938900,6.2.6-424-g3df97954c,https://www.onlinehashcrack.com/tools-benchmark-hashcat-gtx-1080-ti-1070-ti-rtx-2080-ti-rtx-3090-3080-4090.php
Android FDE,Disk Encryption,NVIDIA TITAN RTX,NVIDIA,Consumer; Desktop,1852700,6.2.6,https://github.com/dosoos/hashcat_speeds
Android FDE,Disk Encryption,NVIDIA Tesla V100-SXM2-16GB,NVIDIA,Server; Data Center,1729400,6.2.6,https://github.com/dosoos/hashcat_speeds
Android FDE,Disk Encryption,NVIDIA GeForce RTX 2080 Ti,NVIDIA,Consumer; Desktop,1693900,6.2.6,https://www.onlinehashcrack.com/tools-benchmark-hashcat-gtx-1080-ti-1070-ti-rtx-2080-ti-rtx-3090-3080-4090.php
Android FDE,Disk Encryption,NVIDIA GeForce GTX 1080 Ti,NVIDIA,Consumer; Desktop,1274300,6.2.6,https://www.onlinehashcrack.com/tools-benchmark-hashcat-gtx-1080-ti-1070-ti-rtx-2080-ti-rtx-3090-3080-4090.php
Android FDE,Disk Encryption,NVIDIA GeForce RTX 2070 SUPER,NVIDIA,Consumer; Desktop,1142600,6.2.6,https://www.onlinehashcrack.com/tools-benchmark-hashcat-gtx-1080-ti-1070-ti-rtx-2080-ti-rtx-3090-3080-4090.php
Android FDE,Disk Encryption,AMD Radeon RX Vega 64,AMD,Consumer; Desktop,1063146,6.0.0,https://hashcat.net/hashcat/
Android FDE,Disk Encryption,AMD Radeon RX 6600 XT,AMD,Consumer; Desktop,977300,6.2.4,https://gist.github.com/soxrok2212/7ebabe2136e48514ad579929af123037
Android FDE,Disk Encryption,NVIDIA Tesla P100-PCIE-16GB,NVIDIA,Server; Data Center,969500,6.2.6,https://www.onlinehashcrack.com/tools-benchmark-hashcat-gtx-1080-ti-1070-ti-rtx-2080-ti-rtx-3090-3080-4090.php
Android FDE,Disk Encryption,NVIDIA Tesla T4,NVIDIA,Server; Data Center,700000,6.2.6,https://www.onlinehashcrack.com/tools-benchmark-hashcat-gtx-1080-ti-1070-ti-rtx-2080-ti-rtx-3090-3080-4090.php
Android FDE,Disk Encryption,Apple M1 Ultra,Apple,Integrated; SoC; Desktop,601700,6.2.5-340-g98b89e43d,https://gist.github.com/fhlip0
Android FDE,Disk Encryption,Apple M3 Pro,Apple,Integrated; SoC; Mobile,303700,6.2.6-827-g46ce637d3,https://gist.github.com/Chick3nman/fdf7f9ddcc0a65f6725aefede99ada4e
Android FDE,Disk Encryption,NVIDIA Tegra X1,NVIDIA,Embedded; SoC,34223,6.2.6,https://hashcat.net/forum/printthread.php?tid=11520
Apple File System (APFS),Disk Encryption,NVIDIA GeForce RTX 5090,NVIDIA,Consumer; Desktop,583800,6.2.6-851-g6716447df,https://github.com/dosoos/hashcat_speeds
Apple File System (APFS),Disk Encryption,NVIDIA GeForce RTX 4090,NVIDIA,Consumer; Desktop,457500,6.2.6,https://github.com/dosoos/hashcat_speeds
Apple File System (APFS),Disk Encryption,NVIDIA RTX 6000 Ada Generation,NVIDIA,Professional; Desktop,393700,6.2.6,https://github.com/dosoos/hashcat_speeds
Apple File System (APFS),Disk Encryption,NVIDIA GeForce RTX 4080,NVIDIA,Consumer; Desktop,271600,6.2.6-325-gea6173b30,https://github.com/dosoos/hashcat_speeds
Apple File System (APFS),Disk Encryption,NVIDIA H100 PCIe,NVIDIA,Server; Data Center,248400,6.2.6-514-gbf1d7d078,https://github.com/dosoos/hashcat_speeds
Apple File System (APFS),Disk Encryption,NVIDIA GeForce RTX 3090 Ti,NVIDIA,Consumer; Desktop,221800,6.2.6-424-g3df97954c,https://www.onlinehashcrack.com/tools-benchmark-hashcat-gtx-1080-ti-1070-ti-rtx-2080-ti-rtx-3090-3080-4090.php
Apple File System (APFS),Disk Encryption,NVIDIA GeForce RTX 3090,NVIDIA,Consumer; Desktop,199800,6.2.5-656-gc8350eb55,https://www.onlinehashcrack.com/tools-benchmark-hashcat-gtx-1080-ti-1070-ti-rtx-2080-ti-rtx-3090-3080-4090.php
Apple File System (APFS),Disk Encryption,NVIDIA A100-PCIE-40GB,NVIDIA,Server; Data Center,192500,6.1.1,https://github.com/dosoos/hashcat_speeds
Apple File System (APFS),Disk Encryption,NVIDIA GeForce RTX 3080 Ti,NVIDIA,Consumer; Desktop,190500,6.2.3,https://www.onlinehashcrack.com/tools-benchmark-hashcat-gtx-1080-ti-1070-ti-rtx-2080-ti-rtx-3090-3080-4090.php
Apple File System (APFS),Disk Encryption,AMD Radeon RX 6800 XT,AMD,Consumer; Desktop,184100,6.1.1-120-g15bf8b730,https://gist.github.com/epixoip/99085955a1145ff61ec83512a50421a7
Apple File System (APFS),Disk Encryption,NVIDIA GeForce RTX 3080,NVIDIA,Consumer; Desktop,170500,6.2.6-424-g3df97954c,https://www.onlinehashcrack.com/tools-benchmark-hashcat-gtx-1080-ti-1070-ti-rtx-2080-ti-rtx-3090-3080-4090.php
Apple File System (APFS),Disk Encryption,NVIDIA TITAN RTX,NVIDIA,Consumer; Desktop,165500,6.2.6,https://github.com/dosoos/hashcat_speeds
Apple File System (APFS),Disk Encryption,NVIDIA Tesla V100-SXM2-16GB,NVIDIA,Server; Data Center,152200,6.2.6,https://github.com/dosoos/hashcat_speeds
Apple File System (APFS),Disk Encryption,NVIDIA GeForce RTX 2080 Ti,NVIDIA,Consumer; Desktop,143600,6.2.6,https://www.onlinehashcrack.com/tools-benchmark-hashcat-gtx-1080-ti-1070-ti-rtx-2080-ti-rtx-3090-3080-4090.php
Apple File System (APFS),Disk Encryption,NVIDIA GeForce RTX 5060 Ti,NVIDIA,Consumer; Desktop,123200,7.1.2,https://github.com/dosoos/hashcat_speeds
Apple File System (APFS),Disk Encryption,AMD Radeon RX Vega 64,AMD,Consumer; Desktop,93186,6.0.0,https://hashcat.net/hashcat/
Apple File System (APFS),Disk Encryption,NVIDIA GeForce GTX 1080 Ti,NVIDIA,Consumer; Desktop,88926,6.2.6,https://www.onlinehashcrack.com/tools-benchmark-hashcat-gtx-1080-ti-1070-ti-rtx-2080-ti-rtx-3090-3080-4090.php
Apple File System (APFS),Disk Encryption,AMD Radeon RX 6600 XT,AMD,Consumer; Desktop,88619,6.2.4,https://gist.github.com/soxrok2212/7ebabe2136e48514ad579929af123037
Apple File System (APFS),Disk Encryption,NVIDIA GeForce RTX 2070 SUPER,NVIDIA,Consumer; Desktop,87413,6.2.6,https://www.onlinehashcrack.com/tools-benchmark-hashcat-gtx-1080-ti-1070-ti-rtx-2080-ti-rtx-3090-3080-4090.php
Apple File System (APFS),Disk Encryption,NVIDIA P102-100,NVIDIA,Mining; Desktop,79931,7.1.2,https://github.com/dosoos/hashcat_speeds
Apple File System (APFS),Disk Encryption,NVIDIA Tesla P100-PCIE-16GB,NVIDIA,Server; Data Center,64500,6.2.6,https://www.onlinehashcrack.com/tools-benchmark-hashcat-gtx-1080-ti-1070-ti-rtx-2080-ti-rtx-3090-3080-4090.php
Apple File System (APFS),Disk Encryption,NVIDIA Tesla T4,NVIDIA,Server; Data Center,53731,6.2.6,https://www.onlinehashcrack.com/tools-benchmark-hashcat-gtx-1080-ti-1070-ti-rtx-2080-ti-rtx-3090-3080-4090.php
Apple File System (APFS),Disk Encryption,Apple M1 Ultra,Apple,Integrated; SoC; Desktop,36262,6.2.5-340-g98b89e43d,https://gist.github.com/fhlip0
Apple File System (APFS),Disk Encryption,Apple M3 Pro,Apple,Integrated; SoC; Mobile,22231,6.2.6-827-g46ce637d3,https://gist.github.com/Chick3nman/fdf7f9ddcc0a65f6725aefede99ada4e
Apple File System (APFS),Disk Encryption,NVIDIA Tegra X1,NVIDIA,Embedded; SoC,2432,6.2.6,https://hashcat.net/forum/printthread.php?tid=11520
Argon2,Password Hash / KDF,NVIDIA GeForce RTX 5060 Ti,NVIDIA,Consumer; Desktop,684,7.1.2,https://github.com/dosoos/hashcat_speeds
Argon2,Password Hash / KDF,NVIDIA P102-100,NVIDIA,Mining; Desktop,610,7.1.2,https://github.com/dosoos/hashcat_speeds
BitLocker,Disk Encryption,NVIDIA GeForce RTX 5090,NVIDIA,Consumer; Desktop,10717,6.2.6-851-g6716447df,https://github.com/dosoos/hashcat_speeds
BitLocker,Disk Encryption,NVIDIA GeForce RTX 4090,NVIDIA,Consumer; Desktop,10025,6.2.6,https://github.com/dosoos/hashcat_speeds
BitLocker,Disk Encryption,NVIDIA RTX 6000 Ada Generation,NVIDIA,Professional; Desktop,8893,6.2.6,https://github.com/dosoos/hashcat_speeds
BitLocker,Disk Encryption,NVIDIA GeForce RTX 4080,NVIDIA,Consumer; Desktop,5663,6.2.6-325-gea6173b30,https://github.com/dosoos/hashcat_speeds
BitLocker,Disk Encryption,NVIDIA GeForce RTX 3090 Ti,NVIDIA,Consumer; Desktop,4878,6.2.6-424-g3df97954c,https://www.onlinehashcrack.com/tools-benchmark-hashcat-gtx-1080-ti-1070-ti-rtx-2080-ti-rtx-3090-3080-4090.php
BitLocker,Disk Encryption,NVIDIA H100 PCIe,NVIDIA,Server; Data Center,4621,6.2.6-514-gbf1d7d078,https://github.com/dosoos/hashcat_speeds
BitLocker,Disk Encryption,NVIDIA GeForce RTX 3090,NVIDIA,Consumer; Desktop,4423,6.2.5-656-gc8350eb55,https://www.onlinehashcrack.com/tools-benchmark-hashcat-gtx-1080-ti-1070-ti-rtx-2080-ti-rtx-3090-3080-4090.php
BitLocker,Disk Encryption,NVIDIA GeForce RTX 3080 Ti,NVIDIA,Consumer; Desktop,4226,6.2.3,https://www.onlinehashcrack.com/tools-benchmark-hashcat-gtx-1080-ti-1070-ti-rtx-2080-ti-rtx-3090-3080-4090.php
BitLocker,Disk Encryption,NVIDIA A100-PCIE-40GB,NVIDIA,Server; Data Center,4216,6.1.1,https://github.com/dosoos/hashcat_speeds
BitLocker,Disk Encryption,AMD Radeon RX 6800 XT,AMD,Consumer; Desktop,3984,6.1.1-120-g15bf8b730,https://gist.github.com/epixoip/99085955a1145ff61ec83512a50421a7
BitLocker,Disk Encryption,NVIDIA TITAN RTX,NVIDIA,Consumer; Desktop,3729,6.0.0,https://hashcat.net/forum/printthread.php?tid=11520
BitLocker,Disk Encryption,NVIDIA GeForce RTX 3080,NVIDIA,Consumer; Desktop,3691,6.2.6-424-g3df97954c,https://www.onlinehashcrack.com/tools-benchmark-hashcat-gtx-1080-ti-1070-ti-rtx-2080-ti-rtx-3090-3080-4090.php
BitLocker,Disk Encryption,NVIDIA GeForce RTX 2080 Ti,NVIDIA,Consumer; Desktop,3198,6.2.6,https://www.onlinehashcrack.com/tools-benchmark-hashcat-gtx-1080-ti-1070-ti-rtx-2080-ti-rtx-3090-3080-4090.php
BitLocker,Disk Encryption,NVIDIA Tesla V100-SXM2-16GB,NVIDIA,Server; Data Center,3003,6.2.6,https://github.com/dosoos/hashcat_speeds
BitLocker,Disk Encryption,NVIDIA GeForce RTX 5060 Ti,NVIDIA,Consumer; Desktop,2730,7.1.2,https://github.com/dosoos/hashcat_speeds
BitLocker,Disk Encryption,AMD Radeon RX 6600 XT,AMD,Consumer; Desktop,1965,6.2.4,https://gist.github.com/soxrok2212/7ebabe2136e48514ad579929af123037
BitLocker,Disk Encryption,NVIDIA GeForce GTX 1080 Ti,NVIDIA,Consumer; Desktop,1941,6.2.6,https://www.onlinehashcrack.com/tools-benchmark-hashcat-gtx-1080-ti-1070-ti-rtx-2080-ti-rtx-3090-3080-4090.php
BitLocker,Disk Encryption,NVIDIA GeForce RTX 2070 SUPER,NVIDIA,Consumer; Desktop,1893,6.2.6,https://www.onlinehashcrack.com/tools-benchmark-hashcat-gtx-1080-ti-1070-ti-rtx-2080-ti-rtx-3090-3080-4090.php
BitLocker,Disk Encryption,NVIDIA P102-100,NVIDIA,Mining; Desktop,1791,7.1.2,https://github.com/dosoos/hashcat_speeds
BitLocker,Disk Encryption,NVIDIA Tesla P100-PCIE-16GB,NVIDIA,Server; Data Center,1440,6.2.6,https://www.onlinehashcrack.com/tools-benchmark-hashcat-gtx-1080-ti-1070-ti-rtx-2080-ti-rtx-3090-3080-4090.php
BitLocker,Disk Encryption,NVIDIA Tesla T4,NVIDIA,Server; Data Center,1225,6.2.6,https://www.onlinehashcrack.com/tools-benchmark-hashcat-gtx-1080-ti-1070-ti-rtx-2080-ti-rtx-3090-3080-4090.php
BitLocker,Disk Encryption,NVIDIA Tegra X1,NVIDIA,Embedded; SoC,55,6.2.6,https://hashcat.net/forum/printthread.php?tid=11520
BitLocker,Disk Encryption,Apple M3 Pro,Apple,Integrated; SoC; Mobile,8,6.2.6-827-g46ce637d3,https://gist.github.com/Chick3nman/fdf7f9ddcc0a65f6725aefede99ada4e
BitLocker,Disk Encryption,Apple M1 Ultra,Apple,Integrated; SoC; Desktop,7,6.2.5-340-g98b89e43d,https://gist.github.com/fhlip0
Bitcoin/Litecoin wallet.dat,Crypto Wallet,NVIDIA GeForce RTX 5090,NVIDIA,Consumer; Desktop,45804,6.2.6-1087-gd3983edaf,https://www.onlinehashcrack.com/tools-benchmark-hashcat-gtx-1080-ti-1070-ti-rtx-2080-ti-rtx-3090-3080-4090.php
Bitcoin/Litecoin wallet.dat,Crypto Wallet,NVIDIA GeForce RTX 4090,NVIDIA,Consumer; Desktop,34064,6.2.6,https://github.com/dosoos/hashcat_speeds
Bitcoin/Litecoin wallet.dat,Crypto Wallet,NVIDIA RTX 6000 Ada Generation,NVIDIA,Professional; Desktop,29149,6.2.6,https://github.com/dosoos/hashcat_speeds
Bitcoin/Litecoin wallet.dat,Crypto Wallet,NVIDIA H100 SXM5 80GB,NVIDIA,Server; Data Center,24881,6.2.6,https://www.onlinehashcrack.com/tools-benchmark-hashcat-gtx-1080-ti-1070-ti-rtx-2080-ti-rtx-3090-3080-4090.php
Bitcoin/Litecoin wallet.dat,Crypto Wallet,NVIDIA GeForce RTX 5080,NVIDIA,Consumer; Desktop,21274,6.2.6,https://github.com/dosoos/hashcat_speeds
Bitcoin/Litecoin wallet.dat,Crypto Wallet,NVIDIA GeForce RTX 4080,NVIDIA,Consumer; Desktop,20301,6.2.6-325-gea6173b30,https://github.com/dosoos/hashcat_speeds
Bitcoin/Litecoin wallet.dat,Crypto Wallet,NVIDIA GeForce RTX 4080 SUPER,NVIDIA,Consumer; Desktop,20085,6.2.6,https://hashcat.net/forum/printthread.php?tid=11520
Bitcoin/Litecoin wallet.dat,Crypto Wallet,NVIDIA GeForce RTX 5070 Ti,NVIDIA,Consumer; Desktop,18873,6.2.6,https://github.com/dosoos/hashcat_speeds
Bitcoin/Litecoin wallet.dat,Crypto Wallet,NVIDIA H100 PCIe,NVIDIA,Server; Data Center,18626,6.2.6-514-gbf1d7d078,https://github.com/dosoos/hashcat_speeds
Bitcoin/Litecoin wallet.dat,Crypto Wallet,NVIDIA GeForce RTX 3090 Ti,NVIDIA,Consumer; Desktop,16403,6.2.6-424-g3df97954c,https://www.onlinehashcrack.com/tools-benchmark-hashcat-gtx-1080-ti-1070-ti-rtx-2080-ti-rtx-3090-3080-4090.php
Bitcoin/Litecoin wallet.dat,Crypto Wallet,NVIDIA GeForce RTX 3090,NVIDIA,Consumer; Desktop,14679,6.2.5-656-gc8350eb55,https://www.onlinehashcrack.com/tools-benchmark-hashcat-gtx-1080-ti-1070-ti-rtx-2080-ti-rtx-3090-3080-4090.php
Bitcoin/Litecoin wallet.dat,Crypto Wallet,NVIDIA A800 80GB PCIe,NVIDIA,Server; Data Center,14619,6.2.6,https://github.com/dosoos/hashcat_speeds
Bitcoin/Litecoin wallet.dat,Crypto Wallet,NVIDIA A100-SXM4-40GB,NVIDIA,Server; Data Center,14551,6.2.3,https://www.onlinehashcrack.com/tools-benchmark-hashcat-gtx-1080-ti-1070-ti-rtx-2080-ti-rtx-3090-3080-4090.php
Bitcoin/Litecoin wallet.dat,Crypto Wallet,NVIDIA A100-PCIE-40GB,NVIDIA,Server; Data Center,14283,6.1.1,https://github.com/dosoos/hashcat_speeds
Bitcoin/Litecoin wallet.dat,Crypto Wallet,NVIDIA GeForce RTX 3080 Ti,NVIDIA,Consumer; Desktop,14140,6.2.3,https://www.onlinehashcrack.com/tools-benchmark-hashcat-gtx-1080-ti-1070-ti-rtx-2080-ti-rtx-3090-3080-4090.php
Bitcoin/Litecoin wallet.dat,Crypto Wallet,NVIDIA TITAN RTX,NVIDIA,Consumer; Desktop,12622,6.2.6,https://github.com/dosoos/hashcat_speeds
Bitcoin/Litecoin wallet.dat,Crypto Wallet,NVIDIA GeForce RTX 3080,NVIDIA,Consumer; Desktop,12531,6.2.6-424-g3df97954c,https://www.onlinehashcrack.com/tools-benchmark-hashcat-gtx-1080-ti-1070-ti-rtx-2080-ti-rtx-3090-3080-4090.php
Bitcoin/Litecoin wallet.dat,Crypto Wallet,NVIDIA GeForce RTX 4070,NVIDIA,Consumer; Desktop,11853,6.2.6,https://github.com/dosoos/hashcat_speeds
Bitcoin/Litecoin wallet.dat,Crypto Wallet,NVIDIA Tesla V100-SXM2-16GB,NVIDIA,Server; Data Center,11307,6.2.6,https://github.com/dosoos/hashcat_speeds
Bitcoin/Litecoin wallet.dat,Crypto Wallet,AMD Radeon RX 6800 XT,AMD,Consumer; Desktop,10862,6.1.1-120-g15bf8b730,https://gist.github.com/epixoip/99085955a1145ff61ec83512a50421a7
Bitcoin/Litecoin wallet.dat,Crypto Wallet,NVIDIA GeForce RTX 2080 Ti,NVIDIA,Consumer; Desktop,10710,6.2.6,https://www.onlinehashcrack.com/tools-benchmark-hashcat-gtx-1080-ti-1070-ti-rtx-2080-ti-rtx-3090-3080-4090.php
Bitcoin/Litecoin wallet.dat,Crypto Wallet,NVIDIA RTX A5000,NVIDIA,Professional; Desktop,10633,6.2.6,https://www.onlinehashcrack.com/tools-benchmark-hashcat-gtx-1080-ti-1070-ti-rtx-2080-ti-rtx-3090-3080-4090.php
Bitcoin/Litecoin wallet.dat,Crypto Wallet,NVIDIA CMP 50HX,NVIDIA,Mining; Desktop,9341,6.2.6,https://github.com/dosoos/hashcat_speeds
Bitcoin/Litecoin wallet.dat,Crypto Wallet,NVIDIA CMP 90HX,NVIDIA,Mining; Desktop,8512,6.2.6,https://github.com/dosoos/hashcat_speeds
Bitcoin/Litecoin wallet.dat,Crypto Wallet,NVIDIA GeForce RTX 5060 Ti,NVIDIA,Consumer; Desktop,7598,7.1.2,https://github.com/dosoos/hashcat_speeds
Bitcoin/Litecoin wallet.dat,Crypto Wallet,NVIDIA GeForce RTX 2070 SUPER,NVIDIA,Consumer; Desktop,6944,6.2.6,https://www.onlinehashcrack.com/tools-benchmark-hashcat-gtx-1080-ti-1070-ti-rtx-2080-ti-rtx-3090-3080-4090.php
Bitcoin/Litecoin wallet.dat,Crypto Wallet,NVIDIA GeForce GTX 1080 Ti,NVIDIA,Consumer; Desktop,6785,6.2.6,https://www.onlinehashcrack.com/tools-benchmark-hashcat-gtx-1080-ti-1070-ti-rtx-2080-ti-rtx-3090-3080-4090.php
Bitcoin/Litecoin wallet.dat,Crypto Wallet,NVIDIA GeForce RTX 4060,NVIDIA,Consumer; Desktop,6171,6.2.6,https://github.com/dosoos/hashcat_speeds
Bitcoin/Litecoin wallet.dat,Crypto Wallet,NVIDIA P102-100,NVIDIA,Mining; Desktop,6119,7.1.2,https://github.com/dosoos/hashcat_speeds
Bitcoin/Litecoin wallet.dat,Crypto Wallet,AMD Radeon RX Vega 64,AMD,Consumer; Desktop,5389,6.0.0,https://hashcat.net/hashcat/
Bitcoin/Litecoin wallet.dat,Crypto Wallet,AMD Radeon RX 6600 XT,AMD,Consumer; Desktop,5268,6.2.4,https://gist.github.com/soxrok2212/7ebabe2136e48514ad579929af123037
Bitcoin/Litecoin wallet.dat,Crypto Wallet,NVIDIA Tesla P100-PCIE-16GB,NVIDIA,Server; Data Center,4908,6.2.6,https://www.onlinehashcrack.com/tools-benchmark-hashcat-gtx-1080-ti-1070-ti-rtx-2080-ti-rtx-3090-3080-4090.php
Bitcoin/Litecoin wallet.dat,Crypto Wallet,NVIDIA Tesla T4,NVIDIA,Server; Data Center,4374,6.2.6,https://www.onlinehashcrack.com/tools-benchmark-hashcat-gtx-1080-ti-1070-ti-rtx-2080-ti-rtx-3090-3080-4090.php
Bitcoin/Litecoin wallet.dat,Crypto Wallet,NVIDIA P104-100,NVIDIA,Mining; Desktop,3690,6.2.6,https://github.com/dosoos/hashcat_speeds
Bitcoin/Litecoin wallet.dat,Crypto Wallet,NVIDIA GeForce GTX 1070,NVIDIA,Consumer; Desktop,3623,6.2.5-620-g31758f09a,https://github.com/dosoos/hashcat_speeds
Bitcoin/Litecoin wallet.dat,Crypto Wallet,Apple M1 Ultra,Apple,Integrated; SoC; Desktop,2559,6.2.5-340-g98b89e43d,https://gist.github.com/fhlip0
Bitcoin/Litecoin wallet.dat,Crypto Wallet,Apple M3 Pro,Apple,Integrated; SoC; Mobile,1028,6.2.6-827-g46ce637d3,https://gist.github.com/Chick3nman/fdf7f9ddcc0a65f6725aefede99ada4e
Bitcoin/Litecoin wallet.dat,Crypto Wallet,NVIDIA Tegra X1,NVIDIA,Embedded; SoC,188,6.2.6,https://hashcat.net/forum/printthread.php?tid=11520
Bitcoin/Litecoin wallet.dat,Crypto Wallet,Intel UHD 730,Intel,Integrated; iGPU; Desktop,139,6.2.6,https://github.com/dosoos/hashcat_speeds
"Ethereum Pre-Sale Wallet, PBKDF2-HMAC-SHA256",Crypto Wallet,NVIDIA GeForce RTX 5090,NVIDIA,Consumer; Desktop,5655100,6.2.6-851-g6716447df,https://github.com/dosoos/hashcat_speeds
"Ethereum Pre-Sale Wallet, PBKDF2-HMAC-SHA256",Crypto Wallet,NVIDIA GeForce RTX 4090,NVIDIA,Consumer; Desktop,4457800,6.2.6,https://github.com/dosoos/hashcat_speeds
"Ethereum Pre-Sale Wallet, PBKDF2-HMAC-SHA256",Crypto Wallet,NVIDIA RTX 6000 Ada Generation,NVIDIA,Professional; Desktop,3814900,6.2.6,https://github.com/dosoos/hashcat_speeds
"Ethereum Pre-Sale Wallet, PBKDF2-HMAC-SHA256",Crypto Wallet,NVIDIA GeForce RTX 4080,NVIDIA,Consumer; Desktop,2590100,6.2.6-325-gea6173b30,https://github.com/dosoos/hashcat_speeds
"Ethereum Pre-Sale Wallet, PBKDF2-HMAC-SHA256",Crypto Wallet,NVIDIA H100 PCIe,NVIDIA,Server; Data Center,2404100,6.2.6-514-gbf1d7d078,https://github.com/dosoos/hashcat_speeds
"Ethereum Pre-Sale Wallet, PBKDF2-HMAC-SHA256",Crypto Wallet,NVIDIA GeForce RTX 3090 Ti,NVIDIA,Consumer; Desktop,2158500,6.2.6-424-g3df97954c,https://www.onlinehashcrack.com/tools-benchmark-hashcat-gtx-1080-ti-1070-ti-rtx-2080-ti-rtx-3090-3080-4090.php
"Ethereum Pre-Sale Wallet, PBKDF2-HMAC-SHA256",Crypto Wallet,NVIDIA GeForce RTX 3090,NVIDIA,Consumer; Desktop,1961600,6.2.5-656-gc8350eb55,https://www.onlinehashcrack.com/tools-benchmark-hashcat-gtx-1080-ti-1070-ti-rtx-2080-ti-rtx-3090-3080-4090.php
"Ethereum Pre-Sale Wallet, PBKDF2-HMAC-SHA256",Crypto Wallet,NVIDIA A100-PCIE-40GB,NVIDIA,Server; Data Center,1915400,6.1.1,https://github.com/dosoos/hashcat_speeds
"Ethereum Pre-Sale Wallet, PBKDF2-HMAC-SHA256",Crypto Wallet,NVIDIA GeForce RTX 3080 Ti,NVIDIA,Consumer; Desktop,1884500,6.2.3,https://www.onlinehashcrack.com/tools-benchmark-hashcat-gtx-1080-ti-1070-ti-rtx-2080-ti-rtx-3090-3080-4090.php
"Ethereum Pre-Sale Wallet, PBKDF2-HMAC-SHA256",Crypto Wallet,AMD Radeon RX 6800 XT,AMD,Consumer; Desktop,1807000,6.1.1-120-g15bf8b730,https://gist.github.com/epixoip/99085955a1145ff61ec83512a50421a7
"Ethereum Pre-Sale Wallet, PBKDF2-HMAC-SHA256",Crypto Wallet,NVIDIA GeForce RTX 3080,NVIDIA,Consumer; Desktop,1659400,6.2.6-424-g3df97954c,https://www.onlinehashcrack.com/tools-benchmark-hashcat-gtx-1080-ti-1070-ti-rtx-2080-ti-rtx-3090-3080-4090.php
"Ethereum Pre-Sale Wallet, PBKDF2-HMAC-SHA256",Crypto Wallet,NVIDIA TITAN RTX,NVIDIA,Consumer; Desktop,1614300,6.2.6,https://github.com/dosoos/hashcat_speeds
"Ethereum Pre-Sale Wallet, PBKDF2-HMAC-SHA256",Crypto Wallet,NVIDIA Tesla V100-SXM2-16GB,NVIDIA,Server; Data Center,1456800,6.2.6,https://github.com/dosoos/hashcat_speeds
"Ethereum Pre-Sale Wallet, PBKDF2-HMAC-SHA256",Crypto Wallet,NVIDIA GeForce RTX 2080 Ti,NVIDIA,Consumer; Desktop,1413300,6.2.6,https://www.onlinehashcrack.com/tools-benchmark-hashcat-gtx-1080-ti-1070-ti-rtx-2080-ti-rtx-3090-3080-4090.php
"Ethereum Pre-Sale Wallet, PBKDF2-HMAC-SHA256",Crypto Wallet,NVIDIA GeForce RTX 5060 Ti,NVIDIA,Consumer; Desktop,1228100,7.1.2,https://github.com/dosoos/hashcat_speeds
"Ethereum Pre-Sale Wallet, PBKDF2-HMAC-SHA256",Crypto Wallet,AMD Radeon RX Vega 64,AMD,Consumer; Desktop,919483,6.0.0,https://hashcat.net/hashcat/
"Ethereum Pre-Sale Wallet, PBKDF2-HMAC-SHA256",Crypto Wallet,NVIDIA GeForce GTX 1080 Ti,NVIDIA,Consumer; Desktop,878700,6.2.6,https://www.onlinehashcrack.com/tools-benchmark-hashcat-gtx-1080-ti-1070-ti-rtx-2080-ti-rtx-3090-3080-4090.php
"Ethereum Pre-Sale Wallet, PBKDF2-HMAC-SHA256",Crypto Wallet,NVIDIA GeForce RTX 2070 SUPER,NVIDIA,Consumer; Desktop,857700,6.2.6,https://www.onlinehashcrack.com/tools-benchmark-hashcat-gtx-1080-ti-1070-ti-rtx-2080-ti-rtx-3090-3080-4090.php
"Ethereum Pre-Sale Wallet, PBKDF2-HMAC-SHA256",Crypto Wallet,AMD Radeon RX 6600 XT,AMD,Consumer; Desktop,820200,6.2.4,https://gist.github.com/soxrok2212/7ebabe2136e48514ad579929af123037
"Ethereum Pre-Sale Wallet, PBKDF2-HMAC-SHA256",Crypto Wallet,NVIDIA P102-100,NVIDIA,Mining; Desktop,788500,7.1.2,https://github.com/dosoos/hashcat_speeds
"Ethereum Pre-Sale Wallet, PBKDF2-HMAC-SHA256",Crypto Wallet,NVIDIA Tesla P100-PCIE-16GB,NVIDIA,Server; Data Center,638900,6.2.6,https://www.onlinehashcrack.com/tools-benchmark-hashcat-gtx-1080-ti-1070-ti-rtx-2080-ti-rtx-3090-3080-4090.php
"Ethereum Pre-Sale Wallet, PBKDF2-HMAC-SHA256",Crypto Wallet,NVIDIA Tesla T4,NVIDIA,Server; Data Center,528200,6.2.6,https://www.onlinehashcrack.com/tools-benchmark-hashcat-gtx-1080-ti-1070-ti-rtx-2080-ti-rtx-3090-3080-4090.php
"Ethereum Pre-Sale Wallet, PBKDF2-HMAC-SHA256",Crypto Wallet,Apple M1 Ultra,Apple,Integrated; SoC; Desktop,354700,6.2.5-340-g98b89e43d,https://gist.github.com/fhlip0
"Ethereum Pre-Sale Wallet, PBKDF2-HMAC-SHA256",Crypto Wallet,Apple M3 Pro,Apple,Integrated; SoC; Mobile,220000,6.2.6-827-g46ce637d3,https://gist.github.com/Chick3nman/fdf7f9ddcc0a65f6725aefede99ada4e
"Ethereum Pre-Sale Wallet, PBKDF2-HMAC-SHA256",Crypto Wallet,NVIDIA Tegra X1,NVIDIA,Embedded; SoC,22951,6.2.6,https://hashcat.net/forum/printthread.php?tid=11520
"Ethereum Wallet, PBKDF2-HMAC-SHA256",Crypto Wallet,NVIDIA GeForce RTX 5090,NVIDIA,Consumer; Desktop,10883100,6.2.6-851-g6716447df,https://github.com/dosoos/hashcat_speeds
"Ethereum Wallet, PBKDF2-HMAC-SHA256",Crypto Wallet,NVIDIA GeForce RTX 4090,NVIDIA,Consumer; Desktop,8341300,6.2.6,https://github.com/dosoos/hashcat_speeds
"Ethereum Wallet, PBKDF2-HMAC-SHA256",Crypto Wallet,NVIDIA RTX 6000 Ada Generation,NVIDIA,Professional; Desktop,7303700,6.2.6,https://github.com/dosoos/hashcat_speeds
"Ethereum Wallet, PBKDF2-HMAC-SHA256",Crypto Wallet,NVIDIA H100 PCIe,NVIDIA,Server; Data Center,4783200,6.2.6-514-gbf1d7d078,https://github.com/dosoos/hashcat_speeds
"Ethereum Wallet, PBKDF2-HMAC-SHA256",Crypto Wallet,NVIDIA GeForce RTX 4080,NVIDIA,Consumer; Desktop,4754600,6.2.6-325-gea6173b30,https://github.com/dosoos/hashcat_speeds
"Ethereum Wallet, PBKDF2-HMAC-SHA256",Crypto Wallet,NVIDIA GeForce RTX 3090 Ti,NVIDIA,Consumer; Desktop,4193400,6.2.6-424-g3df97954c,https://www.onlinehashcrack.com/tools-benchmark-hashcat-gtx-1080-ti-1070-ti-rtx-2080-ti-rtx-3090-3080-4090.php
"Ethereum Wallet, PBKDF2-HMAC-SHA256",Crypto Wallet,NVIDIA GeForce RTX 3090,NVIDIA,Consumer; Desktop,3841800,6.2.5-656-gc8350eb55,https://www.onlinehashcrack.com/tools-benchmark-hashcat-gtx-1080-ti-1070-ti-rtx-2080-ti-rtx-3090-3080-4090.php
"Ethereum Wallet, PBKDF2-HMAC-SHA256",Crypto Wallet,NVIDIA A100-PCIE-40GB,NVIDIA,Server; Data Center,3689300,6.1.1,https://github.com/dosoos/hashcat_speeds
"Ethereum Wallet, PBKDF2-HMAC-SHA256",Crypto Wallet,NVIDIA GeForce RTX 3080 Ti,NVIDIA,Consumer; Desktop,3658400,6.2.3,https://www.onlinehashcrack.com/tools-benchmark-hashcat-gtx-1080-ti-1070-ti-rtx-2080-ti-rtx-3090-3080-4090.php
"Ethereum Wallet, PBKDF2-HMAC-SHA256",Crypto Wallet,AMD Radeon RX 6800 XT,AMD,Consumer; Desktop,3520600,6.1.1-120-g15bf8b730,https://gist.github.com/epixoip/99085955a1145ff61ec83512a50421a7
"Ethereum Wallet, PBKDF2-HMAC-SHA256",Crypto Wallet,NVIDIA GeForce RTX 3080,NVIDIA,Consumer; Desktop,3212000,6.2.6-424-g3df97954c,https://www.onlinehashcrack.com/tools-benchmark-hashcat-gtx-1080-ti-1070-ti-rtx-2080-ti-rtx-3090-3080-4090.php
"Ethereum Wallet, PBKDF2-HMAC-SHA256",Crypto Wallet,NVIDIA TITAN RTX,NVIDIA,Consumer; Desktop,3212000,6.2.6,https://github.com/dosoos/hashcat_speeds
"Ethereum Wallet, PBKDF2-HMAC-SHA256",Crypto Wallet,NVIDIA GeForce RTX 2080 Ti,NVIDIA,Consumer; Desktop,2791700,6.2.6,https://www.onlinehashcrack.com/tools-benchmark-hashcat-gtx-1080-ti-1070-ti-rtx-2080-ti-rtx-3090-3080-4090.php
"Ethereum Wallet, PBKDF2-HMAC-SHA256",Crypto Wallet,NVIDIA Tesla V100-SXM2-16GB,NVIDIA,Server; Data Center,2766600,6.2.6,https://github.com/dosoos/hashcat_speeds
"Ethereum Wallet, PBKDF2-HMAC-SHA256",Crypto Wallet,NVIDIA GeForce RTX 5060 Ti,NVIDIA,Consumer; Desktop,2406800,7.1.2,https://github.com/dosoos/hashcat_speeds
"Ethereum Wallet, PBKDF2-HMAC-SHA256",Crypto Wallet,AMD Radeon RX Vega 64,AMD,Consumer; Desktop,1814164,6.0.0,https://hashcat.net/hashcat/
"Ethereum Wallet, PBKDF2-HMAC-SHA256",Crypto Wallet,NVIDIA GeForce GTX 1080 Ti,NVIDIA,Consumer; Desktop,1706400,6.2.6,https://www.onlinehashcrack.com/tools-benchmark-hashcat-gtx-1080-ti-1070-ti-rtx-2080-ti-rtx-3090-3080-4090.php
"Ethereum Wallet, PBKDF2-HMAC-SHA256",Crypto Wallet,NVIDIA GeForce RTX 2070 SUPER,NVIDIA,Consumer; Desktop,1678300,6.2.6,https://www.onlinehashcrack.com/tools-benchmark-hashcat-gtx-1080-ti-1070-ti-rtx-2080-ti-rtx-3090-3080-4090.php
"Ethereum Wallet, PBKDF2-HMAC-SHA256",Crypto Wallet,NVIDIA P102-100,NVIDIA,Mining; Desktop,1540400,7.1.2,https://github.com/dosoos/hashcat_speeds
"Ethereum Wallet, PBKDF2-HMAC-SHA256",Crypto Wallet,AMD Radeon RX 6600 XT,AMD,Consumer; Desktop,1524700,6.2.4,https://gist.github.com/soxrok2212/7ebabe2136e48514ad579929af123037
"Ethereum Wallet, PBKDF2-HMAC-SHA256",Crypto Wallet,NVIDIA Tesla P100-PCIE-16GB,NVIDIA,Server; Data Center,1250900,6.2.6,https://www.onlinehashcrack.com/tools-benchmark-hashcat-gtx-1080-ti-1070-ti-rtx-2080-ti-rtx-3090-3080-4090.php
"Ethereum Wallet, PBKDF2-HMAC-SHA256",Crypto Wallet,NVIDIA Tesla T4,NVIDIA,Server; Data Center,1042600,6.2.6,https://www.onlinehashcrack.com/tools-benchmark-hashcat-gtx-1080-ti-1070-ti-rtx-2080-ti-rtx-3090-3080-4090.php
"Ethereum Wallet, PBKDF2-HMAC-SHA256",Crypto Wallet,Apple M1 Ultra,Apple,Integrated; SoC; Desktop,706100,6.2.5-340-g98b89e43d,https://gist.github.com/fhlip0
"Ethereum Wallet, PBKDF2-HMAC-SHA256",Crypto Wallet,Apple M3 Pro,Apple,Integrated; SoC; Mobile,425900,6.2.6-827-g46ce637d3,https://gist.github.com/Chick3nman/fdf7f9ddcc0a65f6725aefede99ada4e
"Ethereum Wallet, PBKDF2-HMAC-SHA256",Crypto Wallet,NVIDIA Tegra X1,NVIDIA,Embedded; SoC,43157,6.2.6,https://hashcat.net/forum/printthread.php?tid=11520
"Ethereum Wallet, SCRYPT",Crypto Wallet,NVIDIA GeForce RTX 3090 Ti,NVIDIA,Consumer; Desktop,22,6.2.6-424-g3df97954c,https://www.onlinehashcrack.com/tools-benchmark-hashcat-gtx-1080-ti-1070-ti-rtx-2080-ti-rtx-3090-3080-4090.php
"Ethereum Wallet, SCRYPT",Crypto Wallet,NVIDIA GeForce RTX 3090,NVIDIA,Consumer; Desktop,19,6.2.5-656-gc8350eb55,https://www.onlinehashcrack.com/tools-benchmark-hashcat-gtx-1080-ti-1070-ti-rtx-2080-ti-rtx-3090-3080-4090.php
"Ethereum Wallet, SCRYPT",Crypto Wallet,NVIDIA GeForce RTX 5060 Ti,NVIDIA,Consumer; Desktop,16,7.1.2,https://github.com/dosoos/hashcat_speeds
"Ethereum Wallet, SCRYPT",Crypto Wallet,NVIDIA A100-PCIE-40GB,NVIDIA,Server; Data Center,4,6.1.1,https://github.com/dosoos/hashcat_speeds
JWT (JSON Web Token),Web Token,NVIDIA GeForce RTX 5090,NVIDIA,Consumer; Desktop,4853900000,6.2.6-851-g6716447df,https://github.com/dosoos/hashcat_speeds
JWT (JSON Web Token),Web Token,NVIDIA GeForce RTX 4090,NVIDIA,Consumer; Desktop,4209200000,6.2.6,https://github.com/dosoos/hashcat_speeds
JWT (JSON Web Token),Web Token,NVIDIA RTX 6000 Ada Generation,NVIDIA,Professional; Desktop,3669300000,6.2.6,https://github.com/dosoos/hashcat_speeds
JWT (JSON Web Token),Web Token,NVIDIA GeForce RTX 4080,NVIDIA,Consumer; Desktop,2516100000,6.2.6-325-gea6173b30,https://github.com/dosoos/hashcat_speeds
JWT (JSON Web Token),Web Token,NVIDIA H100 PCIe,NVIDIA,Server; Data Center,2315300000,6.2.6-514-gbf1d7d078,https://github.com/dosoos/hashcat_speeds
JWT (JSON Web Token),Web Token,NVIDIA GeForce RTX 3090 Ti,NVIDIA,Consumer; Desktop,2023100000,6.2.6-424-g3df97954c,https://www.onlinehashcrack.com/tools-benchmark-hashcat-gtx-1080-ti-1070-ti-rtx-2080-ti-rtx-3090-3080-4090.php
JWT (JSON Web Token),Web Token,NVIDIA GeForce RTX 3090,NVIDIA,Consumer; Desktop,1829400000,6.2.5-656-gc8350eb55,https://www.onlinehashcrack.com/tools-benchmark-hashcat-gtx-1080-ti-1070-ti-rtx-2080-ti-rtx-3090-3080-4090.php
JWT (JSON Web Token),Web Token,NVIDIA A100-PCIE-40GB,NVIDIA,Server; Data Center,1813400000,6.1.1,https://github.com/dosoos/hashcat_speeds
JWT (JSON Web Token),Web Token,NVIDIA GeForce RTX 3080 Ti,NVIDIA,Consumer; Desktop,1752300000,6.2.3,https://www.onlinehashcrack.com/tools-benchmark-hashcat-gtx-1080-ti-1070-ti-rtx-2080-ti-rtx-3090-3080-4090.php
JWT (JSON Web Token),Web Token,AMD Radeon RX 6800 XT,AMD,Consumer; Desktop,1703600000,6.1.1-120-g15bf8b730,https://gist.github.com/epixoip/99085955a1145ff61ec83512a50421a7
JWT (JSON Web Token),Web Token,NVIDIA GeForce RTX 3080,NVIDIA,Consumer; Desktop,1561300000,6.2.6-424-g3df97954c,https://www.onlinehashcrack.com/tools-benchmark-hashcat-gtx-1080-ti-1070-ti-rtx-2080-ti-rtx-3090-3080-4090.php
JWT (JSON Web Token),Web Token,NVIDIA TITAN RTX,NVIDIA,Consumer; Desktop,1433200000,6.2.6,https://github.com/dosoos/hashcat_speeds
JWT (JSON Web Token),Web Token,NVIDIA Tesla V100-SXM2-16GB,NVIDIA,Server; Data Center,1367100000,6.2.6,https://github.com/dosoos/hashcat_speeds
JWT (JSON Web Token),Web Token,NVIDIA GeForce RTX 2080 Ti,NVIDIA,Consumer; Desktop,1329700000,6.2.6,https://www.onlinehashcrack.com/tools-benchmark-hashcat-gtx-1080-ti-1070-ti-rtx-2080-ti-rtx-3090-3080-4090.php
JWT (JSON Web Token),Web Token,NVIDIA GeForce GTX 1080 Ti,NVIDIA,Consumer; Desktop,816300000,6.2.6,https://www.onlinehashcrack.com/tools-benchmark-hashcat-gtx-1080-ti-1070-ti-rtx-2080-ti-rtx-3090-3080-4090.php
JWT (JSON Web Token),Web Token,NVIDIA GeForce RTX 2070 SUPER,NVIDIA,Consumer; Desktop,790400000,6.2.6,https://www.onlinehashcrack.com/tools-benchmark-hashcat-gtx-1080-ti-1070-ti-rtx-2080-ti-rtx-3090-3080-4090.php
JWT (JSON Web Token),Web Token,AMD Radeon RX 6600 XT,AMD,Consumer; Desktop,742700000,6.2.4,https://gist.github.com/soxrok2212/7ebabe2136e48514ad579929af123037
JWT (JSON Web Token),Web Token,NVIDIA Tesla P100-PCIE-16GB,NVIDIA,Server; Data Center,574700000,6.2.6,https://www.onlinehashcrack.com/tools-benchmark-hashcat-gtx-1080-ti-1070-ti-rtx-2080-ti-rtx-3090-3080-4090.php
JWT (JSON Web Token),Web Token,NVIDIA Tesla T4,NVIDIA,Server; Data Center,537900000,6.2.6,https://www.onlinehashcrack.com/tools-benchmark-hashcat-gtx-1080-ti-1070-ti-rtx-2080-ti-rtx-3090-3080-4090.php
JWT (JSON Web Token),Web Token,Apple M1 Ultra,Apple,Integrated; SoC; Desktop,339800000,6.2.5-340-g98b89e43d,https://gist.github.com/fhlip0
JWT (JSON Web Token),Web Token,Apple M3 Pro,Apple,Integrated; SoC; Mobile,209900000,6.2.6-827-g46ce637d3,https://gist.github.com/Chick3nman/fdf7f9ddcc0a65f6725aefede99ada4e
JWT (JSON Web Token),Web Token,NVIDIA Tegra X1,NVIDIA,Embedded; SoC,22309200,6.2.6,https://hashcat.net/forum/printthread.php?tid=11520
KeePass 1 (AES/Twofish) and KeePass 2 (AES),Password Manager,NVIDIA GeForce RTX 5090,NVIDIA,Consumer; Desktop,450000,6.2.6-1087-gd3983edaf,https://www.onlinehashcrack.com/tools-benchmark-hashcat-gtx-1080-ti-1070-ti-rtx-2080-ti-rtx-3090-3080-4090.php
KeePass 1 (AES/Twofish) and KeePass 2 (AES),Password Manager,NVIDIA RTX 6000 Ada Generation,NVIDIA,Professional; Desktop,338200,6.2.6,https://github.com/dosoos/hashcat_speeds
KeePass 1 (AES/Twofish) and KeePass 2 (AES),Password Manager,NVIDIA GeForce RTX 4090,NVIDIA,Consumer; Desktop,329800,6.2.6,https://github.com/dosoos/hashcat_speeds
KeePass 1 (AES/Twofish) and KeePass 2 (AES),Password Manager,NVIDIA H100 SXM5 80GB,NVIDIA,Server; Data Center,240500,6.2.6,https://www.onlinehashcrack.com/tools-benchmark-hashcat-gtx-1080-ti-1070-ti-rtx-2080-ti-rtx-3090-3080-4090.php
KeePass 1 (AES/Twofish) and KeePass 2 (AES),Password Manager,NVIDIA GeForce RTX 5080,NVIDIA,Consumer; Desktop,209100,6.2.6,https://github.com/dosoos/hashcat_speeds
KeePass 1 (AES/Twofish) and KeePass 2 (AES),Password Manager,NVIDIA GeForce RTX 4080,NVIDIA,Consumer; Desktop,195500,6.2.6-325-gea6173b30,https://github.com/dosoos/hashcat_speeds
KeePass 1 (AES/Twofish) and KeePass 2 (AES),Password Manager,NVIDIA GeForce RTX 4080 SUPER,NVIDIA,Consumer; Desktop,193100,6.2.6,https://hashcat.net/forum/printthread.php?tid=11520
KeePass 1 (AES/Twofish) and KeePass 2 (AES),Password Manager,NVIDIA GeForce RTX 5070 Ti,NVIDIA,Consumer; Desktop,181800,6.2.6,https://github.com/dosoos/hashcat_speeds
KeePass 1 (AES/Twofish) and KeePass 2 (AES),Password Manager,NVIDIA H100 PCIe,NVIDIA,Server; Data Center,180700,6.2.6-514-gbf1d7d078,https://github.com/dosoos/hashcat_speeds
KeePass 1 (AES/Twofish) and KeePass 2 (AES),Password Manager,NVIDIA GeForce RTX 3090 Ti,NVIDIA,Consumer; Desktop,157100,6.2.6-424-g3df97954c,https://www.onlinehashcrack.com/tools-benchmark-hashcat-gtx-1080-ti-1070-ti-rtx-2080-ti-rtx-3090-3080-4090.php
KeePass 1 (AES/Twofish) and KeePass 2 (AES),Password Manager,NVIDIA GeForce RTX 3080 Ti,NVIDIA,Consumer; Desktop,143400,6.2.3,https://www.onlinehashcrack.com/tools-benchmark-hashcat-gtx-1080-ti-1070-ti-rtx-2080-ti-rtx-3090-3080-4090.php
KeePass 1 (AES/Twofish) and KeePass 2 (AES),Password Manager,NVIDIA GeForce RTX 3090,NVIDIA,Consumer; Desktop,143100,6.2.5-656-gc8350eb55,https://www.onlinehashcrack.com/tools-benchmark-hashcat-gtx-1080-ti-1070-ti-rtx-2080-ti-rtx-3090-3080-4090.php
KeePass 1 (AES/Twofish) and KeePass 2 (AES),Password Manager,NVIDIA A100-PCIE-40GB,NVIDIA,Server; Data Center,140300,6.1.1,https://github.com/dosoos/hashcat_speeds
KeePass 1 (AES/Twofish) and KeePass 2 (AES),Password Manager,NVIDIA A100-SXM4-40GB,NVIDIA,Server; Data Center,140200,6.2.3,https://www.onlinehashcrack.com/tools-benchmark-hashcat-gtx-1080-ti-1070-ti-rtx-2080-ti-rtx-3090-3080-4090.php
KeePass 1 (AES/Twofish) and KeePass 2 (AES),Password Manager,NVIDIA A800 80GB PCIe,NVIDIA,Server; Data Center,140100,6.2.6,https://github.com/dosoos/hashcat_speeds
KeePass 1 (AES/Twofish) and KeePass 2 (AES),Password Manager,NVIDIA GeForce RTX 3080,NVIDIA,Consumer; Desktop,121900,6.2.6-424-g3df97954c,https://www.onlinehashcrack.com/tools-benchmark-hashcat-gtx-1080-ti-1070-ti-rtx-2080-ti-rtx-3090-3080-4090.php
KeePass 1 (AES/Twofish) and KeePass 2 (AES),Password Manager,NVIDIA GeForce RTX 4070,NVIDIA,Consumer; Desktop,117500,6.2.6,https://github.com/dosoos/hashcat_speeds
KeePass 1 (AES/Twofish) and KeePass 2 (AES),Password Manager,NVIDIA Tesla V100-SXM2-16GB,NVIDIA,Server; Data Center,112100,6.2.6,https://github.com/dosoos/hashcat_speeds
KeePass 1 (AES/Twofish) and KeePass 2 (AES),Password Manager,NVIDIA RTX A5000,NVIDIA,Professional; Desktop,109500,6.2.6,https://www.onlinehashcrack.com/tools-benchmark-hashcat-gtx-1080-ti-1070-ti-rtx-2080-ti-rtx-3090-3080-4090.php
KeePass 1 (AES/Twofish) and KeePass 2 (AES),Password Manager,Apple M1 Ultra,Apple,Integrated; SoC; Desktop,108700,6.2.5-340-g98b89e43d,https://gist.github.com/fhlip0
KeePass 1 (AES/Twofish) and KeePass 2 (AES),Password Manager,NVIDIA GeForce RTX 5060 Ti,NVIDIA,Consumer; Desktop,96519,7.1.2,https://github.com/dosoos/hashcat_speeds
KeePass 1 (AES/Twofish) and KeePass 2 (AES),Password Manager,AMD Radeon RX 6800 XT,AMD,Consumer; Desktop,92590,6.1.1-120-g15bf8b730,https://gist.github.com/epixoip/99085955a1145ff61ec83512a50421a7
KeePass 1 (AES/Twofish) and KeePass 2 (AES),Password Manager,AMD Radeon RX Vega 64,AMD,Consumer; Desktop,91373,6.0.0,https://hashcat.net/hashcat/
KeePass 1 (AES/Twofish) and KeePass 2 (AES),Password Manager,NVIDIA CMP 90HX,NVIDIA,Mining; Desktop,82214,6.2.6,https://github.com/dosoos/hashcat_speeds
KeePass 1 (AES/Twofish) and KeePass 2 (AES),Password Manager,NVIDIA TITAN RTX,NVIDIA,Consumer; Desktop,67151,6.2.6,https://github.com/dosoos/hashcat_speeds
KeePass 1 (AES/Twofish) and KeePass 2 (AES),Password Manager,NVIDIA Tesla P100-PCIE-16GB,NVIDIA,Server; Data Center,67138,6.2.6,https://www.onlinehashcrack.com/tools-benchmark-hashcat-gtx-1080-ti-1070-ti-rtx-2080-ti-rtx-3090-3080-4090.php
KeePass 1 (AES/Twofish) and KeePass 2 (AES),Password Manager,NVIDIA GeForce RTX 4060,NVIDIA,Consumer; Desktop,60425,6.2.6,https://github.com/dosoos/hashcat_speeds
KeePass 1 (AES/Twofish) and KeePass 2 (AES),Password Manager,NVIDIA GeForce RTX 2080 Ti,NVIDIA,Consumer; Desktop,59579,6.2.6,https://www.onlinehashcrack.com/tools-benchmark-hashcat-gtx-1080-ti-1070-ti-rtx-2080-ti-rtx-3090-3080-4090.php
KeePass 1 (AES/Twofish) and KeePass 2 (AES),Password Manager,NVIDIA GeForce GTX 1080 Ti,NVIDIA,Consumer; Desktop,50236,6.2.6,https://www.onlinehashcrack.com/tools-benchmark-hashcat-gtx-1080-ti-1070-ti-rtx-2080-ti-rtx-3090-3080-4090.php
KeePass 1 (AES/Twofish) and KeePass 2 (AES),Password Manager,NVIDIA CMP 50HX,NVIDIA,Mining; Desktop,47824,6.2.6,https://github.com/dosoos/hashcat_speeds
KeePass 1 (AES/Twofish) and KeePass 2 (AES),Password Manager,AMD Radeon RX 6600 XT,AMD,Consumer; Desktop,43764,6.2.4,https://gist.github.com/soxrok2212/7ebabe2136e48514ad579929af123037
KeePass 1 (AES/Twofish) and KeePass 2 (AES),Password Manager,NVIDIA P102-100,NVIDIA,Mining; Desktop,42521,7.1.2,https://github.com/dosoos/hashcat_speeds
KeePass 1 (AES/Twofish) and KeePass 2 (AES),Password Manager,NVIDIA GeForce RTX 2070 SUPER,NVIDIA,Consumer; Desktop,36182,6.2.6,https://www.onlinehashcrack.com/tools-benchmark-hashcat-gtx-1080-ti-1070-ti-rtx-2080-ti-rtx-3090-3080-4090.php
KeePass 1 (AES/Twofish) and KeePass 2 (AES),Password Manager,NVIDIA Tesla T4,NVIDIA,Server; Data Center,28132,6.2.6,https://www.onlinehashcrack.com/tools-benchmark-hashcat-gtx-1080-ti-1070-ti-rtx-2080-ti-rtx-3090-3080-4090.php
KeePass 1 (AES/Twofish) and KeePass 2 (AES),Password Manager,NVIDIA GeForce GTX 1070,NVIDIA,Consumer; Desktop,25825,6.2.5-620-g31758f09a,https://github.com/dosoos/hashcat_speeds
KeePass 1 (AES/Twofish) and KeePass 2 (AES),Password Manager,NVIDIA P104-100,NVIDIA,Mining; Desktop,24688,6.2.6,https://github.com/dosoos/hashcat_speeds
KeePass 1 (AES/Twofish) and KeePass 2 (AES),Password Manager,Apple M3 Pro,Apple,Integrated; SoC; Mobile,22043,6.2.6-827-g46ce637d3,https://gist.github.com/Chick3nman/fdf7f9ddcc0a65f6725aefede99ada4e
KeePass 1 (AES/Twofish) and KeePass 2 (AES),Password Manager,Intel UHD 730,Intel,Integrated; iGPU; Desktop,2457,6.2.6,https://github.com/dosoos/hashcat_speeds
KeePass 1 (AES/Twofish) and KeePass 2 (AES),Password Manager,NVIDIA Tegra X1,NVIDIA,Embedded; SoC,1391,6.2.6,https://hashcat.net/forum/printthread.php?tid=11520
Kerberos 5 AS-REQ Pre-Auth etype 23,Network Auth,NVIDIA H100 SXM5 80GB,NVIDIA,Server; Data Center,4430900000,6.2.6,https://www.onlinehashcrack.com/tools-benchmark-hashcat-gtx-1080-ti-1070-ti-rtx-2080-ti-rtx-3090-3080-4090.php
Kerberos 5 AS-REQ Pre-Auth etype 23,Network Auth,NVIDIA GeForce RTX 5090,NVIDIA,Consumer; Desktop,4169800000,6.2.6-1087-gd3983edaf,https://www.onlinehashcrack.com/tools-benchmark-hashcat-gtx-1080-ti-1070-ti-rtx-2080-ti-rtx-3090-3080-4090.php
Kerberos 5 AS-REQ Pre-Auth etype 23,Network Auth,NVIDIA GeForce RTX 4090,NVIDIA,Consumer; Desktop,3599600000,6.2.6,https://github.com/dosoos/hashcat_speeds
Kerberos 5 AS-REQ Pre-Auth etype 23,Network Auth,NVIDIA RTX 6000 Ada Generation,NVIDIA,Professional; Desktop,3464400000,6.2.6,https://github.com/dosoos/hashcat_speeds
Kerberos 5 AS-REQ Pre-Auth etype 23,Network Auth,NVIDIA H100 PCIe,NVIDIA,Server; Data Center,3222900000,6.2.6-514-gbf1d7d078,https://github.com/dosoos/hashcat_speeds
Kerberos 5 AS-REQ Pre-Auth etype 23,Network Auth,NVIDIA A800 80GB PCIe,NVIDIA,Server; Data Center,2153900000,6.2.6,https://github.com/dosoos/hashcat_speeds
Kerberos 5 AS-REQ Pre-Auth etype 23,Network Auth,NVIDIA GeForce RTX 4080,NVIDIA,Consumer; Desktop,2144300000,6.2.6-325-gea6173b30,https://github.com/dosoos/hashcat_speeds
Kerberos 5 AS-REQ Pre-Auth etype 23,Network Auth,NVIDIA GeForce RTX 4080 SUPER,NVIDIA,Consumer; Desktop,2117200000,6.2.6,https://hashcat.net/forum/printthread.php?tid=11520
Kerberos 5 AS-REQ Pre-Auth etype 23,Network Auth,NVIDIA GeForce RTX 5080,NVIDIA,Consumer; Desktop,1948600000,6.2.6,https://github.com/dosoos/hashcat_speeds
Kerberos 5 AS-REQ Pre-Auth etype 23,Network Auth,NVIDIA A100-SXM4-40GB,NVIDIA,Server; Data Center,1873200000,6.2.3,https://www.onlinehashcrack.com/tools-benchmark-hashcat-gtx-1080-ti-1070-ti-rtx-2080-ti-rtx-3090-3080-4090.php
Kerberos 5 AS-REQ Pre-Auth etype 23,Network Auth,NVIDIA GeForce RTX 3090 Ti,NVIDIA,Consumer; Desktop,1747000000,6.2.6-424-g3df97954c,https://www.onlinehashcrack.com/tools-benchmark-hashcat-gtx-1080-ti-1070-ti-rtx-2080-ti-rtx-3090-3080-4090.php
Kerberos 5 AS-REQ Pre-Auth etype 23,Network Auth,NVIDIA A100-PCIE-40GB,NVIDIA,Server; Data Center,1687500000,6.1.1,https://github.com/dosoos/hashcat_speeds
Kerberos 5 AS-REQ Pre-Auth etype 23,Network Auth,AMD Radeon RX 7900 XTX,AMD,Consumer; Desktop,1686000000,6.2.6,https://docs.google.com/document/d/1q0dhInwifS8yDYQFYe0hTSECvaLE3LSqkR1dRZ-_PtM/edit
Kerberos 5 AS-REQ Pre-Auth etype 23,Network Auth,NVIDIA GeForce RTX 5070 Ti,NVIDIA,Consumer; Desktop,1670500000,6.2.6,https://github.com/dosoos/hashcat_speeds
Kerberos 5 AS-REQ Pre-Auth etype 23,Network Auth,NVIDIA GeForce RTX 3090,NVIDIA,Consumer; Desktop,1581000000,6.2.5-656-gc8350eb55,https://www.onlinehashcrack.com/tools-benchmark-hashcat-gtx-1080-ti-1070-ti-rtx-2080-ti-rtx-3090-3080-4090.php
Kerberos 5 AS-REQ Pre-Auth etype 23,Network Auth,NVIDIA GeForce RTX 3080 Ti,NVIDIA,Consumer; Desktop,1473600000,6.2.3,https://www.onlinehashcrack.com/tools-benchmark-hashcat-gtx-1080-ti-1070-ti-rtx-2080-ti-rtx-3090-3080-4090.php
Kerberos 5 AS-REQ Pre-Auth etype 23,Network Auth,NVIDIA GeForce RTX 3080,NVIDIA,Consumer; Desktop,1351200000,6.2.6-424-g3df97954c,https://www.onlinehashcrack.com/tools-benchmark-hashcat-gtx-1080-ti-1070-ti-rtx-2080-ti-rtx-3090-3080-4090.php
Kerberos 5 AS-REQ Pre-Auth etype 23,Network Auth,NVIDIA GeForce RTX 4070,NVIDIA,Consumer; Desktop,1186900000,6.2.6,https://github.com/dosoos/hashcat_speeds
Kerberos 5 AS-REQ Pre-Auth etype 23,Network Auth,NVIDIA RTX A5000,NVIDIA,Professional; Desktop,1169200000,6.2.6,https://www.onlinehashcrack.com/tools-benchmark-hashcat-gtx-1080-ti-1070-ti-rtx-2080-ti-rtx-3090-3080-4090.php
Kerberos 5 AS-REQ Pre-Auth etype 23,Network Auth,NVIDIA Tesla V100-SXM2-16GB,NVIDIA,Server; Data Center,1146200000,6.2.6,https://github.com/dosoos/hashcat_speeds
Kerberos 5 AS-REQ Pre-Auth etype 23,Network Auth,NVIDIA CMP 90HX,NVIDIA,Mining; Desktop,984300000,6.2.6,https://github.com/dosoos/hashcat_speeds
Kerberos 5 AS-REQ Pre-Auth etype 23,Network Auth,AMD Radeon RX 6800 XT,AMD,Consumer; Desktop,892200000,6.1.1-120-g15bf8b730,https://gist.github.com/epixoip/99085955a1145ff61ec83512a50421a7
Kerberos 5 AS-REQ Pre-Auth etype 23,Network Auth,NVIDIA CMP 50HX,NVIDIA,Mining; Desktop,820400000,6.2.6,https://github.com/dosoos/hashcat_speeds
Kerberos 5 AS-REQ Pre-Auth etype 23,Network Auth,NVIDIA TITAN RTX,NVIDIA,Consumer; Desktop,754200000,6.2.6,https://github.com/dosoos/hashcat_speeds
Kerberos 5 AS-REQ Pre-Auth etype 23,Network Auth,NVIDIA GeForce RTX 2080 Ti,NVIDIA,Consumer; Desktop,669900000,6.2.6,https://www.onlinehashcrack.com/tools-benchmark-hashcat-gtx-1080-ti-1070-ti-rtx-2080-ti-rtx-3090-3080-4090.php
Kerberos 5 AS-REQ Pre-Auth etype 23,Network Auth,NVIDIA GeForce RTX 4060,NVIDIA,Consumer; Desktop,612700000,6.2.6,https://github.com/dosoos/hashcat_speeds
Kerberos 5 AS-REQ Pre-Auth etype 23,Network Auth,AMD Radeon RX 6600 XT,AMD,Consumer; Desktop,492200000,6.2.4,https://gist.github.com/soxrok2212/7ebabe2136e48514ad579929af123037
Kerberos 5 AS-REQ Pre-Auth etype 23,Network Auth,NVIDIA GeForce GTX 1080 Ti,NVIDIA,Consumer; Desktop,462200000,6.2.6,https://www.onlinehashcrack.com/tools-benchmark-hashcat-gtx-1080-ti-1070-ti-rtx-2080-ti-rtx-3090-3080-4090.php
Kerberos 5 AS-REQ Pre-Auth etype 23,Network Auth,NVIDIA GeForce RTX 2070 SUPER,NVIDIA,Consumer; Desktop,421100000,6.2.6,https://www.onlinehashcrack.com/tools-benchmark-hashcat-gtx-1080-ti-1070-ti-rtx-2080-ti-rtx-3090-3080-4090.php
Kerberos 5 AS-REQ Pre-Auth etype 23,Network Auth,NVIDIA Tesla P100-PCIE-16GB,NVIDIA,Server; Data Center,382700000,6.2.6,https://www.onlinehashcrack.com/tools-benchmark-hashcat-gtx-1080-ti-1070-ti-rtx-2080-ti-rtx-3090-3080-4090.php
Kerberos 5 AS-REQ Pre-Auth etype 23,Network Auth,AMD Radeon RX Vega 64,AMD,Consumer; Desktop,340129799,6.0.0,https://hashcat.net/hashcat/
Kerberos 5 AS-REQ Pre-Auth etype 23,Network Auth,NVIDIA Tesla T4,NVIDIA,Server; Data Center,293500000,6.2.6,https://www.onlinehashcrack.com/tools-benchmark-hashcat-gtx-1080-ti-1070-ti-rtx-2080-ti-rtx-3090-3080-4090.php
Kerberos 5 AS-REQ Pre-Auth etype 23,Network Auth,NVIDIA GeForce GTX 1070,NVIDIA,Consumer; Desktop,282100000,6.2.5-620-g31758f09a,https://github.com/dosoos/hashcat_speeds
Kerberos 5 AS-REQ Pre-Auth etype 23,Network Auth,Apple M1 Ultra,Apple,Integrated; SoC; Desktop,237300000,6.2.5-340-g98b89e43d,https://gist.github.com/fhlip0
Kerberos 5 AS-REQ Pre-Auth etype 23,Network Auth,NVIDIA P104-100,NVIDIA,Mining; Desktop,147700000,6.2.6,https://github.com/dosoos/hashcat_speeds
Kerberos 5 AS-REQ Pre-Auth etype 23,Network Auth,Apple M3 Pro,Apple,Integrated; SoC; Mobile,83823300,6.2.6-827-g46ce637d3,https://gist.github.com/Chick3nman/fdf7f9ddcc0a65f6725aefede99ada4e
Kerberos 5 AS-REQ Pre-Auth etype 23,Network Auth,NVIDIA Tegra X1,NVIDIA,Embedded; SoC,10553300,6.2.6,https://hashcat.net/forum/printthread.php?tid=11520
Kerberos 5 AS-REQ Pre-Auth etype 23,Network Auth,Intel UHD 730,Intel,Integrated; iGPU; Desktop,9761100,6.2.6,https://github.com/dosoos/hashcat_speeds
Kerberos 5 TGS-REP etype 23,Network Auth,NVIDIA RTX PRO 6000 Blackwell Workstation Edition,NVIDIA,Professional; Desktop,5205345238,7.1.2,https://openbenchmarking.org/test/pts/hashcat
Kerberos 5 TGS-REP etype 23,Network Auth,NVIDIA GeForce RTX 5090,NVIDIA,Consumer; Desktop,4113855556,7.0,https://openbenchmarking.org/test/pts/hashcat
Kerberos 5 TGS-REP etype 23,Network Auth,NVIDIA RTX PRO 6000 Blackwell Max-Q Workstation Edition,NVIDIA,Professional; Mobile,3875569047,7.1.2,https://openbenchmarking.org/test/pts/hashcat
Kerberos 5 TGS-REP etype 23,Network Auth,NVIDIA H100 SXM5 80GB,NVIDIA,Server; Data Center,3792100000,6.2.6,https://www.onlinehashcrack.com/tools-benchmark-hashcat-gtx-1080-ti-1070-ti-rtx-2080-ti-rtx-3090-3080-4090.php
Kerberos 5 TGS-REP etype 23,Network Auth,NVIDIA GeForce RTX 4090,NVIDIA,Consumer; Desktop,3385775000,7.0,https://openbenchmarking.org/test/pts/hashcat
Kerberos 5 TGS-REP etype 23,Network Auth,NVIDIA RTX 6000 Ada Generation,NVIDIA,Professional; Desktop,3325117533,7.1.2,https://openbenchmarking.org/test/pts/hashcat
Kerberos 5 TGS-REP etype 23,Network Auth,NVIDIA H100 PCIe,NVIDIA,Server; Data Center,2800000000,6.2.6-514-gbf1d7d078,https://github.com/dosoos/hashcat_speeds
Kerberos 5 TGS-REP etype 23,Network Auth,NVIDIA RTX PRO 5000 Blackwell,NVIDIA,Professional; Desktop,2743480952,7.1.2,https://openbenchmarking.org/test/pts/hashcat
Kerberos 5 TGS-REP etype 23,Network Auth,NVIDIA RTX PRO 4500 Blackwell,NVIDIA,Professional; Desktop,2137001786,7.1.2,https://openbenchmarking.org/test/pts/hashcat
Kerberos 5 TGS-REP etype 23,Network Auth,NVIDIA GeForce RTX 5080,NVIDIA,Consumer; Desktop,2087833333,7.1.2,https://openbenchmarking.org/test/pts/hashcat
Kerberos 5 TGS-REP etype 23,Network Auth,NVIDIA GeForce RTX 4080,NVIDIA,Consumer; Desktop,2068700000,6.2.6-325-gea6173b30,https://github.com/dosoos/hashcat_speeds
Kerberos 5 TGS-REP etype 23,Network Auth,NVIDIA GeForce RTX 4080 SUPER,NVIDIA,Consumer; Desktop,2054800000,6.2.6,https://hashcat.net/forum/printthread.php?tid=11520
Kerberos 5 TGS-REP etype 23,Network Auth,NVIDIA A800 80GB PCIe,NVIDIA,Server; Data Center,1975700000,6.2.6,https://github.com/dosoos/hashcat_speeds
Kerberos 5 TGS-REP etype 23,Network Auth,NVIDIA A100-SXM4-40GB,NVIDIA,Server; Data Center,1824800000,6.2.3,https://www.onlinehashcrack.com/tools-benchmark-hashcat-gtx-1080-ti-1070-ti-rtx-2080-ti-rtx-3090-3080-4090.php
Kerberos 5 TGS-REP etype 23,Network Auth,NVIDIA GeForce RTX 3090 Ti,NVIDIA,Consumer; Desktop,1703100000,6.2.6-424-g3df97954c,https://www.onlinehashcrack.com/tools-benchmark-hashcat-gtx-1080-ti-1070-ti-rtx-2080-ti-rtx-3090-3080-4090.php
Kerberos 5 TGS-REP etype 23,Network Auth,NVIDIA GeForce RTX 5070 Ti,NVIDIA,Consumer; Desktop,1669000000,6.2.6,https://github.com/dosoos/hashcat_speeds
Kerberos 5 TGS-REP etype 23,Network Auth,NVIDIA A100-PCIE-40GB,NVIDIA,Server; Data Center,1650100000,6.1.1,https://github.com/dosoos/hashcat_speeds
Kerberos 5 TGS-REP etype 23,Network Auth,NVIDIA RTX PRO 4000 Blackwell,NVIDIA,Professional; Desktop,1597095238,7.1.2,https://openbenchmarking.org/test/pts/hashcat
Kerberos 5 TGS-REP etype 23,Network Auth,NVIDIA GeForce RTX 3090,NVIDIA,Consumer; Desktop,1543300000,6.2.5-656-gc8350eb55,https://www.onlinehashcrack.com/tools-benchmark-hashcat-gtx-1080-ti-1070-ti-rtx-2080-ti-rtx-3090-3080-4090.php
Kerberos 5 TGS-REP etype 23,Network Auth,NVIDIA GeForce RTX 3080 Ti,NVIDIA,Consumer; Desktop,1472500000,6.2.3,https://www.onlinehashcrack.com/tools-benchmark-hashcat-gtx-1080-ti-1070-ti-rtx-2080-ti-rtx-3090-3080-4090.php
Kerberos 5 TGS-REP etype 23,Network Auth,AMD Radeon PRO W7900,AMD,Professional; Desktop,1356428572,7.1.2,https://openbenchmarking.org/test/pts/hashcat
Kerberos 5 TGS-REP etype 23,Network Auth,NVIDIA GeForce RTX 3080,NVIDIA,Consumer; Desktop,1317300000,6.2.6-424-g3df97954c,https://www.onlinehashcrack.com/tools-benchmark-hashcat-gtx-1080-ti-1070-ti-rtx-2080-ti-rtx-3090-3080-4090.php
Kerberos 5 TGS-REP etype 23,Network Auth,NVIDIA GeForce RTX 4070,NVIDIA,Consumer; Desktop,1182200000,6.2.6,https://github.com/dosoos/hashcat_speeds
Kerberos 5 TGS-REP etype 23,Network Auth,NVIDIA RTX A5000,NVIDIA,Professional; Desktop,1146600000,6.2.6,https://www.onlinehashcrack.com/tools-benchmark-hashcat-gtx-1080-ti-1070-ti-rtx-2080-ti-rtx-3090-3080-4090.php
Kerberos 5 TGS-REP etype 23,Network Auth,NVIDIA Tesla V100-SXM2-16GB,NVIDIA,Server; Data Center,1103200000,6.2.6,https://github.com/dosoos/hashcat_speeds
Kerberos 5 TGS-REP etype 23,Network Auth,NVIDIA RTX 4000 Ada Generation,NVIDIA,Professional; Desktop,1074604762,7.1.2,https://openbenchmarking.org/test/pts/hashcat
Kerberos 5 TGS-REP etype 23,Network Auth,NVIDIA CMP 90HX,NVIDIA,Mining; Desktop,979500000,6.2.6,https://github.com/dosoos/hashcat_speeds
Kerberos 5 TGS-REP etype 23,Network Auth,NVIDIA GeForce RTX 5060 Ti,NVIDIA,Consumer; Desktop,979100000,7.1.2,https://github.com/dosoos/hashcat_speeds
Kerberos 5 TGS-REP etype 23,Network Auth,AMD Radeon RX 6800 XT,AMD,Consumer; Desktop,880900000,6.1.1-120-g15bf8b730,https://gist.github.com/epixoip/99085955a1145ff61ec83512a50421a7
Kerberos 5 TGS-REP etype 23,Network Auth,AMD Radeon RX 9070 GRE,AMD,Consumer; Desktop,824733333,7.1.2,https://openbenchmarking.org/test/pts/hashcat
Kerberos 5 TGS-REP etype 23,Network Auth,NVIDIA RTX PRO 2000 Blackwell,NVIDIA,Professional; Desktop,806217143,7.1.2,https://openbenchmarking.org/test/pts/hashcat
Kerberos 5 TGS-REP etype 23,Network Auth,NVIDIA CMP 50HX,NVIDIA,Mining; Desktop,794200000,6.2.6,https://github.com/dosoos/hashcat_speeds
Kerberos 5 TGS-REP etype 23,Network Auth,NVIDIA TITAN RTX,NVIDIA,Consumer; Desktop,752100000,6.2.6,https://github.com/dosoos/hashcat_speeds
Kerberos 5 TGS-REP etype 23,Network Auth,NVIDIA GeForce RTX 2080 Ti,NVIDIA,Consumer; Desktop,668600000,6.2.6,https://www.onlinehashcrack.com/tools-benchmark-hashcat-gtx-1080-ti-1070-ti-rtx-2080-ti-rtx-3090-3080-4090.php
Kerberos 5 TGS-REP etype 23,Network Auth,AMD Radeon PRO W7700,AMD,Professional; Desktop,626287500,7.0,https://openbenchmarking.org/test/pts/hashcat
Kerberos 5 TGS-REP etype 23,Network Auth,NVIDIA GeForce RTX 4060,NVIDIA,Consumer; Desktop,596700000,6.2.6,https://github.com/dosoos/hashcat_speeds
Kerberos 5 TGS-REP etype 23,Network Auth,NVIDIA RTX 2000 Ada Generation,NVIDIA,Professional; Desktop,538007143,7.1.2,https://openbenchmarking.org/test/pts/hashcat
Kerberos 5 TGS-REP etype 23,Network Auth,AMD Radeon 8060S,AMD,Integrated; iGPU; Mobile,489541667,7.0,https://openbenchmarking.org/test/pts/hashcat
Kerberos 5 TGS-REP etype 23,Network Auth,NVIDIA P102-100,NVIDIA,Mining; Desktop,457600000,7.1.2,https://github.com/dosoos/hashcat_speeds
Kerberos 5 TGS-REP etype 23,Network Auth,NVIDIA GeForce GTX 1080 Ti,NVIDIA,Consumer; Desktop,457300000,6.2.6,https://www.onlinehashcrack.com/tools-benchmark-hashcat-gtx-1080-ti-1070-ti-rtx-2080-ti-rtx-3090-3080-4090.php
Kerberos 5 TGS-REP etype 23,Network Auth,AMD Radeon RX 6600 XT,AMD,Consumer; Desktop,438500000,6.2.4,https://gist.github.com/soxrok2212/7ebabe2136e48514ad579929af123037
Kerberos 5 TGS-REP etype 23,Network Auth,NVIDIA GeForce RTX 2070 SUPER,NVIDIA,Consumer; Desktop,417900000,6.2.6,https://www.onlinehashcrack.com/tools-benchmark-hashcat-gtx-1080-ti-1070-ti-rtx-2080-ti-rtx-3090-3080-4090.php
Kerberos 5 TGS-REP etype 23,Network Auth,Intel Arc A770,Intel,Consumer; Desktop,414816667,7.1.2,https://openbenchmarking.org/test/pts/hashcat
Kerberos 5 TGS-REP etype 23,Network Auth,AMD Radeon PRO W7600,AMD,Professional; Desktop,403866666,7.0,https://openbenchmarking.org/test/pts/hashcat
Kerberos 5 TGS-REP etype 23,Network Auth,AMD Radeon RX Vega 64,AMD,Consumer; Desktop,340132806,6.0.0,https://hashcat.net/hashcat/
Kerberos 5 TGS-REP etype 23,Network Auth,NVIDIA Tesla P100-PCIE-16GB,NVIDIA,Server; Data Center,339600000,6.2.6,https://www.onlinehashcrack.com/tools-benchmark-hashcat-gtx-1080-ti-1070-ti-rtx-2080-ti-rtx-3090-3080-4090.php
Kerberos 5 TGS-REP etype 23,Network Auth,Intel Arc B580,Intel,Consumer; Desktop,318322222,7.1.2,https://openbenchmarking.org/test/pts/hashcat
Kerberos 5 TGS-REP etype 23,Network Auth,NVIDIA Tesla T4,NVIDIA,Server; Data Center,292400000,6.2.6,https://www.onlinehashcrack.com/tools-benchmark-hashcat-gtx-1080-ti-1070-ti-rtx-2080-ti-rtx-3090-3080-4090.php
Kerberos 5 TGS-REP etype 23,Network Auth,NVIDIA GeForce GTX 1070,NVIDIA,Consumer; Desktop,281000000,6.2.5-620-g31758f09a,https://github.com/dosoos/hashcat_speeds
Kerberos 5 TGS-REP etype 23,Network Auth,NVIDIA RTX A1000,NVIDIA,Professional; Desktop,269833333,7.1.2,https://openbenchmarking.org/test/pts/hashcat
Kerberos 5 TGS-REP etype 23,Network Auth,Apple M1 Ultra,Apple,Integrated; SoC; Desktop,244200000,6.2.5-340-g98b89e43d,https://gist.github.com/fhlip0
Kerberos 5 TGS-REP etype 23,Network Auth,Intel Arc B570,Intel,Consumer; Desktop,230044445,7.0,https://openbenchmarking.org/test/pts/hashcat
Kerberos 5 TGS-REP etype 23,Network Auth,Intel Arc Pro B50,Intel,Professional; Desktop,199590000,7.1.2,https://openbenchmarking.org/test/pts/hashcat
Kerberos 5 TGS-REP etype 23,Network Auth,Intel Arc A580,Intel,Consumer; Desktop,184406653,7.0,https://openbenchmarking.org/test/pts/hashcat
Kerberos 5 TGS-REP etype 23,Network Auth,Intel Arc B580 (BMG G21),Intel,Consumer; Desktop,162929317,7.0,https://openbenchmarking.org/test/pts/hashcat
Kerberos 5 TGS-REP etype 23,Network Auth,NVIDIA P104-100,NVIDIA,Mining; Desktop,149800000,6.2.6,https://github.com/dosoos/hashcat_speeds
Kerberos 5 TGS-REP etype 23,Network Auth,Apple M3 Pro,Apple,Integrated; SoC; Mobile,70653700,6.2.6-827-g46ce637d3,https://gist.github.com/Chick3nman/fdf7f9ddcc0a65f6725aefede99ada4e
Kerberos 5 TGS-REP etype 23,Network Auth,Intel Iris Xe ADL GT2,Intel,Integrated; iGPU,38570689,7.1.2,https://openbenchmarking.org/test/pts/hashcat
Kerberos 5 TGS-REP etype 23,Network Auth,Intel Iris Xe TGL GT2,Intel,Integrated; iGPU; Mobile,35820827,7.1.2,https://openbenchmarking.org/test/pts/hashcat
Kerberos 5 TGS-REP etype 23,Network Auth,NVIDIA Tegra X1,NVIDIA,Embedded; SoC,10275200,6.2.6,https://hashcat.net/forum/printthread.php?tid=11520
Kerberos 5 TGS-REP etype 23,Network Auth,Intel UHD 730,Intel,Integrated; iGPU; Desktop,8808700,6.2.6,https://github.com/dosoos/hashcat_speeds
LM,OS Credentials,NVIDIA GeForce RTX 5090,NVIDIA,Consumer; Desktop,180800000000,6.2.6-1087-gd3983edaf,https://www.onlinehashcrack.com/tools-benchmark-hashcat-gtx-1080-ti-1070-ti-rtx-2080-ti-rtx-3090-3080-4090.php
LM,OS Credentials,NVIDIA GeForce RTX 4090,NVIDIA,Consumer; Desktop,151100000000,6.2.6,https://github.com/dosoos/hashcat_speeds
LM,OS Credentials,NVIDIA RTX 6000 Ada Generation,NVIDIA,Professional; Desktop,134600000000,6.2.6,https://github.com/dosoos/hashcat_speeds
LM,OS Credentials,NVIDIA H100 SXM5 80GB,NVIDIA,Server; Data Center,112000000000,6.2.6,https://www.onlinehashcrack.com/tools-benchmark-hashcat-gtx-1080-ti-1070-ti-rtx-2080-ti-rtx-3090-3080-4090.php
LM,OS Credentials,NVIDIA GeForce RTX 4080,NVIDIA,Consumer; Desktop,91437600000,6.2.6-325-gea6173b30,https://github.com/dosoos/hashcat_speeds
LM,OS Credentials,NVIDIA GeForce RTX 4080 SUPER,NVIDIA,Consumer; Desktop,89580800000,6.2.6,https://hashcat.net/forum/printthread.php?tid=11520
LM,OS Credentials,NVIDIA GeForce RTX 5080,NVIDIA,Consumer; Desktop,88534500000,6.2.6,https://github.com/dosoos/hashcat_speeds
LM,OS Credentials,NVIDIA H100 PCIe,NVIDIA,Server; Data Center,82075500000,6.2.6-514-gbf1d7d078,https://github.com/dosoos/hashcat_speeds
LM,OS Credentials,NVIDIA GeForce RTX 5070 Ti,NVIDIA,Consumer; Desktop,76765200000,6.2.6,https://github.com/dosoos/hashcat_speeds
LM,OS Credentials,AMD Radeon RX 7900 XTX,AMD,Consumer; Desktop,74503700000,6.2.6,https://docs.google.com/document/d/1q0dhInwifS8yDYQFYe0hTSECvaLE3LSqkR1dRZ-_PtM/edit
LM,OS Credentials,NVIDIA GeForce RTX 3090 Ti,NVIDIA,Consumer; Desktop,74376000000,6.2.6-424-g3df97954c,https://www.onlinehashcrack.com/tools-benchmark-hashcat-gtx-1080-ti-1070-ti-rtx-2080-ti-rtx-3090-3080-4090.php
LM,OS Credentials,NVIDIA GeForce RTX 3090,NVIDIA,Consumer; Desktop,66375600000,6.2.5-656-gc8350eb55,https://www.onlinehashcrack.com/tools-benchmark-hashcat-gtx-1080-ti-1070-ti-rtx-2080-ti-rtx-3090-3080-4090.php
LM,OS Credentials,NVIDIA A800 80GB PCIe,NVIDIA,Server; Data Center,66037400000,6.2.6,https://github.com/dosoos/hashcat_speeds
LM,OS Credentials,NVIDIA A100-SXM4-40GB,NVIDIA,Server; Data Center,65376900000,6.2.3,https://www.onlinehashcrack.com/tools-benchmark-hashcat-gtx-1080-ti-1070-ti-rtx-2080-ti-rtx-3090-3080-4090.php
LM,OS Credentials,NVIDIA A100-PCIE-40GB,NVIDIA,Server; Data Center,65158300000,6.1.1,https://github.com/dosoos/hashcat_speeds
LM,OS Credentials,NVIDIA GeForce RTX 3080 Ti,NVIDIA,Consumer; Desktop,63628100000,6.2.3,https://www.onlinehashcrack.com/tools-benchmark-hashcat-gtx-1080-ti-1070-ti-rtx-2080-ti-rtx-3090-3080-4090.php
LM,OS Credentials,NVIDIA GeForce RTX 3080,NVIDIA,Consumer; Desktop,57582900000,6.2.6-424-g3df97954c,https://www.onlinehashcrack.com/tools-benchmark-hashcat-gtx-1080-ti-1070-ti-rtx-2080-ti-rtx-3090-3080-4090.php
LM,OS Credentials,NVIDIA TITAN RTX,NVIDIA,Consumer; Desktop,55142500000,6.2.6,https://github.com/dosoos/hashcat_speeds
LM,OS Credentials,NVIDIA GeForce RTX 4070,NVIDIA,Consumer; Desktop,54289400000,6.2.6,https://github.com/dosoos/hashcat_speeds
LM,OS Credentials,AMD Radeon RX 6800 XT,AMD,Consumer; Desktop,52534700000,6.1.1-120-g15bf8b730,https://gist.github.com/epixoip/99085955a1145ff61ec83512a50421a7
LM,OS Credentials,NVIDIA Tesla V100-SXM2-16GB,NVIDIA,Server; Data Center,48806200000,6.2.6,https://github.com/dosoos/hashcat_speeds
LM,OS Credentials,NVIDIA RTX A5000,NVIDIA,Professional; Desktop,48341500000,6.2.6,https://www.onlinehashcrack.com/tools-benchmark-hashcat-gtx-1080-ti-1070-ti-rtx-2080-ti-rtx-3090-3080-4090.php
LM,OS Credentials,NVIDIA GeForce RTX 2080 Ti,NVIDIA,Consumer; Desktop,46692800000,6.2.6,https://www.onlinehashcrack.com/tools-benchmark-hashcat-gtx-1080-ti-1070-ti-rtx-2080-ti-rtx-3090-3080-4090.php
LM,OS Credentials,NVIDIA GeForce RTX 5060 Ti,NVIDIA,Consumer; Desktop,44437000000,7.1.2,https://github.com/dosoos/hashcat_speeds
LM,OS Credentials,NVIDIA CMP 90HX,NVIDIA,Mining; Desktop,41483700000,6.2.6,https://github.com/dosoos/hashcat_speeds
LM,OS Credentials,NVIDIA CMP 50HX,NVIDIA,Mining; Desktop,40541300000,6.2.6,https://github.com/dosoos/hashcat_speeds
LM,OS Credentials,NVIDIA GeForce RTX 2070 SUPER,NVIDIA,Consumer; Desktop,32772300000,6.2.6,https://www.onlinehashcrack.com/tools-benchmark-hashcat-gtx-1080-ti-1070-ti-rtx-2080-ti-rtx-3090-3080-4090.php
LM,OS Credentials,NVIDIA GeForce GTX 1080 Ti,NVIDIA,Consumer; Desktop,30128000000,6.2.6,https://www.onlinehashcrack.com/tools-benchmark-hashcat-gtx-1080-ti-1070-ti-rtx-2080-ti-rtx-3090-3080-4090.php
LM,OS Credentials,NVIDIA GeForce RTX 4060,NVIDIA,Consumer; Desktop,28295100000,6.2.6,https://github.com/dosoos/hashcat_speeds
LM,OS Credentials,AMD Radeon RX Vega 64,AMD,Consumer; Desktop,27673038752,6.0.0,https://hashcat.net/hashcat/
LM,OS Credentials,NVIDIA P102-100,NVIDIA,Mining; Desktop,26293800000,7.1.2,https://github.com/dosoos/hashcat_speeds
LM,OS Credentials,NVIDIA Tesla P100-PCIE-16GB,NVIDIA,Server; Data Center,24855100000,6.2.6,https://www.onlinehashcrack.com/tools-benchmark-hashcat-gtx-1080-ti-1070-ti-rtx-2080-ti-rtx-3090-3080-4090.php
LM,OS Credentials,AMD Radeon RX 6600 XT,AMD,Consumer; Desktop,24558400000,6.2.4,https://gist.github.com/soxrok2212/7ebabe2136e48514ad579929af123037
LM,OS Credentials,NVIDIA Tesla T4,NVIDIA,Server; Data Center,20219900000,6.2.6,https://www.onlinehashcrack.com/tools-benchmark-hashcat-gtx-1080-ti-1070-ti-rtx-2080-ti-rtx-3090-3080-4090.php
LM,OS Credentials,NVIDIA P104-100,NVIDIA,Mining; Desktop,16582300000,6.2.6,https://github.com/dosoos/hashcat_speeds
LM,OS Credentials,NVIDIA GeForce GTX 1070,NVIDIA,Consumer; Desktop,15713700000,6.2.5-620-g31758f09a,https://github.com/dosoos/hashcat_speeds
LM,OS Credentials,Apple M3 Pro,Apple,Integrated; SoC; Mobile,3692300000,6.2.6-827-g46ce637d3,https://gist.github.com/Chick3nman/fdf7f9ddcc0a65f6725aefede99ada4e
LM,OS Credentials,NVIDIA Tegra X1,NVIDIA,Embedded; SoC,952800000,6.2.6,https://hashcat.net/forum/printthread.php?tid=11520
LM,OS Credentials,Apple M1 Ultra,Apple,Integrated; SoC; Desktop,874200000,6.2.5-340-g98b89e43d,https://gist.github.com/fhlip0
LM,OS Credentials,Intel UHD 730,Intel,Integrated; iGPU; Desktop,526700000,6.2.6,https://github.com/dosoos/hashcat_speeds
LUKS v1 (PBKDF2),Disk Encryption,NVIDIA GeForce RTX 5090,NVIDIA,Consumer; Desktop,87298,6.2.6-851-g6716447df,https://github.com/dosoos/hashcat_speeds
LUKS v1 (PBKDF2),Disk Encryption,NVIDIA GeForce RTX 4090,NVIDIA,Consumer; Desktop,65253,6.2.6,https://github.com/dosoos/hashcat_speeds
LUKS v1 (PBKDF2),Disk Encryption,NVIDIA RTX 6000 Ada Generation,NVIDIA,Professional; Desktop,56128,6.2.6,https://github.com/dosoos/hashcat_speeds
LUKS v1 (PBKDF2),Disk Encryption,NVIDIA GeForce RTX 4080,NVIDIA,Consumer; Desktop,38533,6.2.6-325-gea6173b30,https://github.com/dosoos/hashcat_speeds
LUKS v1 (PBKDF2),Disk Encryption,NVIDIA H100 PCIe,NVIDIA,Server; Data Center,36220,6.2.6-514-gbf1d7d078,https://github.com/dosoos/hashcat_speeds
LUKS v1 (PBKDF2),Disk Encryption,NVIDIA GeForce RTX 3090 Ti,NVIDIA,Consumer; Desktop,31634,6.2.6-424-g3df97954c,https://www.onlinehashcrack.com/tools-benchmark-hashcat-gtx-1080-ti-1070-ti-rtx-2080-ti-rtx-3090-3080-4090.php
LUKS v1 (PBKDF2),Disk Encryption,NVIDIA GeForce RTX 3090,NVIDIA,Consumer; Desktop,28550,6.2.5-656-gc8350eb55,https://www.onlinehashcrack.com/tools-benchmark-hashcat-gtx-1080-ti-1070-ti-rtx-2080-ti-rtx-3090-3080-4090.php
LUKS v1 (PBKDF2),Disk Encryption,NVIDIA A100-PCIE-40GB,NVIDIA,Server; Data Center,27193,6.1.1,https://github.com/dosoos/hashcat_speeds
LUKS v1 (PBKDF2),Disk Encryption,NVIDIA GeForce RTX 3080 Ti,NVIDIA,Consumer; Desktop,27172,6.2.3,https://www.onlinehashcrack.com/tools-benchmark-hashcat-gtx-1080-ti-1070-ti-rtx-2080-ti-rtx-3090-3080-4090.php
LUKS v1 (PBKDF2),Disk Encryption,AMD Radeon RX 6800 XT,AMD,Consumer; Desktop,26790,6.1.1-120-g15bf8b730,https://gist.github.com/epixoip/99085955a1145ff61ec83512a50421a7
LUKS v1 (PBKDF2),Disk Encryption,NVIDIA TITAN RTX,NVIDIA,Consumer; Desktop,24951,6.2.6,https://github.com/dosoos/hashcat_speeds
LUKS v1 (PBKDF2),Disk Encryption,NVIDIA GeForce RTX 3080,NVIDIA,Consumer; Desktop,24309,6.2.6-424-g3df97954c,https://www.onlinehashcrack.com/tools-benchmark-hashcat-gtx-1080-ti-1070-ti-rtx-2080-ti-rtx-3090-3080-4090.php
LUKS v1 (PBKDF2),Disk Encryption,NVIDIA Tesla V100-SXM2-16GB,NVIDIA,Server; Data Center,22440,6.2.6,https://github.com/dosoos/hashcat_speeds
LUKS v1 (PBKDF2),Disk Encryption,NVIDIA GeForce RTX 2080 Ti,NVIDIA,Consumer; Desktop,21236,6.2.6,https://www.onlinehashcrack.com/tools-benchmark-hashcat-gtx-1080-ti-1070-ti-rtx-2080-ti-rtx-3090-3080-4090.php
LUKS v1 (PBKDF2),Disk Encryption,NVIDIA GeForce GTX 1080 Ti,NVIDIA,Consumer; Desktop,14285,6.2.6,https://www.onlinehashcrack.com/tools-benchmark-hashcat-gtx-1080-ti-1070-ti-rtx-2080-ti-rtx-3090-3080-4090.php
LUKS v1 (PBKDF2),Disk Encryption,NVIDIA GeForce RTX 2070 SUPER,NVIDIA,Consumer; Desktop,14157,6.2.6,https://www.onlinehashcrack.com/tools-benchmark-hashcat-gtx-1080-ti-1070-ti-rtx-2080-ti-rtx-3090-3080-4090.php
LUKS v1 (PBKDF2),Disk Encryption,AMD Radeon RX 6600 XT,AMD,Consumer; Desktop,12630,6.2.4,https://gist.github.com/soxrok2212/7ebabe2136e48514ad579929af123037
LUKS v1 (PBKDF2),Disk Encryption,NVIDIA Tesla P100-PCIE-16GB,NVIDIA,Server; Data Center,10969,6.2.6,https://www.onlinehashcrack.com/tools-benchmark-hashcat-gtx-1080-ti-1070-ti-rtx-2080-ti-rtx-3090-3080-4090.php
LUKS v1 (PBKDF2),Disk Encryption,NVIDIA Tesla T4,NVIDIA,Server; Data Center,8880,6.2.6,https://www.onlinehashcrack.com/tools-benchmark-hashcat-gtx-1080-ti-1070-ti-rtx-2080-ti-rtx-3090-3080-4090.php
LUKS v1 (PBKDF2),Disk Encryption,Apple M1 Ultra,Apple,Integrated; SoC; Desktop,7588,6.2.5-340-g98b89e43d,https://gist.github.com/fhlip0
LUKS v1 (PBKDF2),Disk Encryption,Apple M3 Pro,Apple,Integrated; SoC; Mobile,3762,6.2.6-827-g46ce637d3,https://gist.github.com/Chick3nman/fdf7f9ddcc0a65f6725aefede99ada4e
LUKS v1 (PBKDF2),Disk Encryption,NVIDIA Tegra X1,NVIDIA,Embedded; SoC,425,6.2.6,https://hashcat.net/forum/printthread.php?tid=11520
LUKS v2 (argon2id),Disk Encryption,NVIDIA RTX PRO 6000 Blackwell Max-Q Workstation Edition,NVIDIA,Professional; Mobile,71,7.1.2,https://openbenchmarking.org/test/pts/hashcat
LUKS v2 (argon2id),Disk Encryption,NVIDIA RTX PRO 4500 Blackwell,NVIDIA,Professional; Desktop,26,7.1.2,https://openbenchmarking.org/test/pts/hashcat
LUKS v2 (argon2id),Disk Encryption,NVIDIA GeForce RTX 5060 Ti,NVIDIA,Consumer; Desktop,13,7.1.2,https://github.com/dosoos/hashcat_speeds
LUKS v2 (argon2id),Disk Encryption,NVIDIA GeForce RTX 5080,NVIDIA,Consumer; Desktop,13,7.1.2,https://openbenchmarking.org/test/pts/hashcat
LUKS v2 (argon2id),Disk Encryption,AMD Radeon RX 9070 GRE,AMD,Consumer; Desktop,10,7.1.2,https://openbenchmarking.org/test/pts/hashcat
LUKS v2 (argon2id),Disk Encryption,NVIDIA P102-100,NVIDIA,Mining; Desktop,8,7.1.2,https://github.com/dosoos/hashcat_speeds
"LastPass (PBKDF2-HMAC-SHA256, 499 iterations)",Password Manager,NVIDIA GeForce RTX 5090,NVIDIA,Consumer; Desktop,23610526,6.2.6-1087-gd3983edaf,https://www.onlinehashcrack.com/tools-benchmark-hashcat-gtx-1080-ti-1070-ti-rtx-2080-ti-rtx-3090-3080-4090.php
"LastPass (PBKDF2-HMAC-SHA256, 499 iterations)",Password Manager,NVIDIA GeForce RTX 4090,NVIDIA,Consumer; Desktop,17066600,6.2.6,https://github.com/dosoos/hashcat_speeds
"LastPass (PBKDF2-HMAC-SHA256, 499 iterations)",Password Manager,NVIDIA RTX 6000 Ada Generation,NVIDIA,Professional; Desktop,15254700,6.2.6,https://github.com/dosoos/hashcat_speeds
"LastPass (PBKDF2-HMAC-SHA256, 499 iterations)",Password Manager,NVIDIA H100 SXM5 80GB,NVIDIA,Server; Data Center,12677400,6.2.6,https://www.onlinehashcrack.com/tools-benchmark-hashcat-gtx-1080-ti-1070-ti-rtx-2080-ti-rtx-3090-3080-4090.php
"LastPass (PBKDF2-HMAC-SHA256, 499 iterations)",Password Manager,NVIDIA GeForce RTX 5080,NVIDIA,Consumer; Desktop,9990400,6.2.6,https://github.com/dosoos/hashcat_speeds
"LastPass (PBKDF2-HMAC-SHA256, 499 iterations)",Password Manager,NVIDIA GeForce RTX 4080 SUPER,NVIDIA,Consumer; Desktop,9865900,6.2.6,https://hashcat.net/forum/printthread.php?tid=11520
"LastPass (PBKDF2-HMAC-SHA256, 499 iterations)",Password Manager,NVIDIA GeForce RTX 3090 Ti,NVIDIA,Consumer; Desktop,8884137,6.2.6-424-g3df97954c,https://www.onlinehashcrack.com/tools-benchmark-hashcat-gtx-1080-ti-1070-ti-rtx-2080-ti-rtx-3090-3080-4090.php
"LastPass (PBKDF2-HMAC-SHA256, 499 iterations)",Password Manager,NVIDIA GeForce RTX 5070 Ti,NVIDIA,Consumer; Desktop,8860700,6.2.6,https://github.com/dosoos/hashcat_speeds
"LastPass (PBKDF2-HMAC-SHA256, 499 iterations)",Password Manager,AMD Radeon RX 7900 XTX,AMD,Consumer; Desktop,8639600,6.2.6,https://docs.google.com/document/d/1q0dhInwifS8yDYQFYe0hTSECvaLE3LSqkR1dRZ-_PtM/edit
"LastPass (PBKDF2-HMAC-SHA256, 499 iterations)",Password Manager,NVIDIA A100-SXM4-40GB,NVIDIA,Server; Data Center,7729200,6.2.3,https://www.onlinehashcrack.com/tools-benchmark-hashcat-gtx-1080-ti-1070-ti-rtx-2080-ti-rtx-3090-3080-4090.php
"LastPass (PBKDF2-HMAC-SHA256, 499 iterations)",Password Manager,NVIDIA GeForce RTX 3080 Ti,NVIDIA,Consumer; Desktop,7665400,6.2.3,https://www.onlinehashcrack.com/tools-benchmark-hashcat-gtx-1080-ti-1070-ti-rtx-2080-ti-rtx-3090-3080-4090.php
"LastPass (PBKDF2-HMAC-SHA256, 499 iterations)",Password Manager,NVIDIA A800 80GB PCIe,NVIDIA,Server; Data Center,7640200,6.2.6,https://github.com/dosoos/hashcat_speeds
"LastPass (PBKDF2-HMAC-SHA256, 499 iterations)",Password Manager,NVIDIA A100-PCIE-40GB,NVIDIA,Server; Data Center,7609500,6.1.1,https://github.com/dosoos/hashcat_speeds
"LastPass (PBKDF2-HMAC-SHA256, 499 iterations)",Password Manager,NVIDIA GeForce RTX 3090,NVIDIA,Consumer; Desktop,7597800,6.2.5-656-gc8350eb55,https://www.onlinehashcrack.com/tools-benchmark-hashcat-gtx-1080-ti-1070-ti-rtx-2080-ti-rtx-3090-3080-4090.php
"LastPass (PBKDF2-HMAC-SHA256, 499 iterations)",Password Manager,AMD Radeon RX 6800 XT,AMD,Consumer; Desktop,7093000,6.1.1-120-g15bf8b730,https://gist.github.com/epixoip/99085955a1145ff61ec83512a50421a7
"LastPass (PBKDF2-HMAC-SHA256, 499 iterations)",Password Manager,NVIDIA GeForce RTX 3080,NVIDIA,Consumer; Desktop,6862499,6.2.6-424-g3df97954c,https://www.onlinehashcrack.com/tools-benchmark-hashcat-gtx-1080-ti-1070-ti-rtx-2080-ti-rtx-3090-3080-4090.php
"LastPass (PBKDF2-HMAC-SHA256, 499 iterations)",Password Manager,NVIDIA GeForce RTX 4070,NVIDIA,Consumer; Desktop,6066800,6.2.6,https://github.com/dosoos/hashcat_speeds
"LastPass (PBKDF2-HMAC-SHA256, 499 iterations)",Password Manager,NVIDIA TITAN RTX,NVIDIA,Consumer; Desktop,5795000,6.2.6,https://github.com/dosoos/hashcat_speeds
"LastPass (PBKDF2-HMAC-SHA256, 499 iterations)",Password Manager,NVIDIA GeForce RTX 2080 Ti,NVIDIA,Consumer; Desktop,5720700,6.2.6,https://www.onlinehashcrack.com/tools-benchmark-hashcat-gtx-1080-ti-1070-ti-rtx-2080-ti-rtx-3090-3080-4090.php
"LastPass (PBKDF2-HMAC-SHA256, 499 iterations)",Password Manager,NVIDIA RTX A5000,NVIDIA,Professional; Desktop,5510400,6.2.6,https://www.onlinehashcrack.com/tools-benchmark-hashcat-gtx-1080-ti-1070-ti-rtx-2080-ti-rtx-3090-3080-4090.php
"LastPass (PBKDF2-HMAC-SHA256, 499 iterations)",Password Manager,NVIDIA Tesla V100-SXM2-16GB,NVIDIA,Server; Data Center,5408800,6.2.6,https://github.com/dosoos/hashcat_speeds
"LastPass (PBKDF2-HMAC-SHA256, 499 iterations)",Password Manager,NVIDIA CMP 50HX,NVIDIA,Mining; Desktop,4543400,6.2.6,https://github.com/dosoos/hashcat_speeds
"LastPass (PBKDF2-HMAC-SHA256, 499 iterations)",Password Manager,NVIDIA CMP 90HX,NVIDIA,Mining; Desktop,4336300,6.2.6,https://github.com/dosoos/hashcat_speeds
"LastPass (PBKDF2-HMAC-SHA256, 499 iterations)",Password Manager,AMD Radeon RX Vega 64,AMD,Consumer; Desktop,3626842,6.0.0,https://hashcat.net/hashcat/
"LastPass (PBKDF2-HMAC-SHA256, 499 iterations)",Password Manager,NVIDIA GeForce GTX 1080 Ti,NVIDIA,Consumer; Desktop,3413000,6.2.6,https://www.onlinehashcrack.com/tools-benchmark-hashcat-gtx-1080-ti-1070-ti-rtx-2080-ti-rtx-3090-3080-4090.php
"LastPass (PBKDF2-HMAC-SHA256, 499 iterations)",Password Manager,NVIDIA GeForce RTX 2070 SUPER,NVIDIA,Consumer; Desktop,3412200,6.2.6,https://www.onlinehashcrack.com/tools-benchmark-hashcat-gtx-1080-ti-1070-ti-rtx-2080-ti-rtx-3090-3080-4090.php
"LastPass (PBKDF2-HMAC-SHA256, 499 iterations)",Password Manager,AMD Radeon RX 6600 XT,AMD,Consumer; Desktop,3142700,6.2.4,https://gist.github.com/soxrok2212/7ebabe2136e48514ad579929af123037
"LastPass (PBKDF2-HMAC-SHA256, 499 iterations)",Password Manager,NVIDIA GeForce RTX 4060,NVIDIA,Consumer; Desktop,2996900,6.2.6,https://github.com/dosoos/hashcat_speeds
"LastPass (PBKDF2-HMAC-SHA256, 499 iterations)",Password Manager,NVIDIA Tesla P100-PCIE-16GB,NVIDIA,Server; Data Center,2498900,6.2.6,https://www.onlinehashcrack.com/tools-benchmark-hashcat-gtx-1080-ti-1070-ti-rtx-2080-ti-rtx-3090-3080-4090.php
"LastPass (PBKDF2-HMAC-SHA256, 499 iterations)",Password Manager,NVIDIA Tesla T4,NVIDIA,Server; Data Center,2100800,6.2.6,https://www.onlinehashcrack.com/tools-benchmark-hashcat-gtx-1080-ti-1070-ti-rtx-2080-ti-rtx-3090-3080-4090.php
"LastPass (PBKDF2-HMAC-SHA256, 499 iterations)",Password Manager,NVIDIA GeForce GTX 1070,NVIDIA,Consumer; Desktop,1814900,6.2.5-620-g31758f09a,https://github.com/dosoos/hashcat_speeds
"LastPass (PBKDF2-HMAC-SHA256, 499 iterations)",Password Manager,NVIDIA P104-100,NVIDIA,Mining; Desktop,1733400,6.2.6,https://github.com/dosoos/hashcat_speeds
"LastPass (PBKDF2-HMAC-SHA256, 499 iterations)",Password Manager,Apple M1 Ultra,Apple,Integrated; SoC; Desktop,1431400,6.2.5-340-g98b89e43d,https://gist.github.com/fhlip0
"LastPass (PBKDF2-HMAC-SHA256, 499 iterations)",Password Manager,Intel UHD 730,Intel,Integrated; iGPU; Desktop,127300,6.2.6,https://github.com/dosoos/hashcat_speeds
"LastPass (PBKDF2-HMAC-SHA256, 499 iterations)",Password Manager,NVIDIA Tegra X1,NVIDIA,Embedded; SoC,91264,6.2.6,https://hashcat.net/forum/printthread.php?tid=11520
"LastPass (PBKDF2-HMAC-SHA256, 499 iterations)",Password Manager,Apple M3 Pro,Apple,Integrated; SoC; Mobile,4448,6.2.6-827-g46ce637d3,https://gist.github.com/Chick3nman/fdf7f9ddcc0a65f6725aefede99ada4e
MD4,Raw Hash,NVIDIA GeForce RTX 5090,NVIDIA,Consumer; Desktop,340000000000,6.2.6-851-g6716447df,https://github.com/dosoos/hashcat_speeds
MD4,Raw Hash,NVIDIA GeForce RTX 4090,NVIDIA,Consumer; Desktop,290400000000,6.2.6,https://github.com/dosoos/hashcat_speeds
MD4,Raw Hash,NVIDIA RTX 6000 Ada Generation,NVIDIA,Professional; Desktop,213000000000,6.2.6,https://github.com/dosoos/hashcat_speeds
MD4,Raw Hash,NVIDIA GeForce RTX 4080,NVIDIA,Consumer; Desktop,175800000000,6.2.6-325-gea6173b30,https://github.com/dosoos/hashcat_speeds
MD4,Raw Hash,NVIDIA H100 PCIe,NVIDIA,Server; Data Center,157500000000,6.2.6-514-gbf1d7d078,https://github.com/dosoos/hashcat_speeds
MD4,Raw Hash,NVIDIA GeForce RTX 3090 Ti,NVIDIA,Consumer; Desktop,141400000000,6.2.6-424-g3df97954c,https://www.onlinehashcrack.com/tools-benchmark-hashcat-gtx-1080-ti-1070-ti-rtx-2080-ti-rtx-3090-3080-4090.php
MD4,Raw Hash,NVIDIA GeForce RTX 3090,NVIDIA,Consumer; Desktop,125700000000,6.2.5-656-gc8350eb55,https://www.onlinehashcrack.com/tools-benchmark-hashcat-gtx-1080-ti-1070-ti-rtx-2080-ti-rtx-3090-3080-4090.php
MD4,Raw Hash,AMD Radeon RX 7900 XTX,AMD,Consumer; Desktop,124800000000,6.2.6,https://docs.google.com/document/d/1q0dhInwifS8yDYQFYe0hTSECvaLE3LSqkR1dRZ-_PtM/edit
MD4,Raw Hash,NVIDIA A100-PCIE-40GB,NVIDIA,Server; Data Center,119800000000,6.1.1,https://github.com/dosoos/hashcat_speeds
MD4,Raw Hash,NVIDIA GeForce RTX 3080 Ti,NVIDIA,Consumer; Desktop,117000000000,6.2.3,https://www.onlinehashcrack.com/tools-benchmark-hashcat-gtx-1080-ti-1070-ti-rtx-2080-ti-rtx-3090-3080-4090.php
MD4,Raw Hash,NVIDIA TITAN RTX,NVIDIA,Consumer; Desktop,111900000000,6.2.6,https://github.com/dosoos/hashcat_speeds
MD4,Raw Hash,NVIDIA GeForce RTX 3080,NVIDIA,Consumer; Desktop,107900000000,6.2.6-424-g3df97954c,https://www.onlinehashcrack.com/tools-benchmark-hashcat-gtx-1080-ti-1070-ti-rtx-2080-ti-rtx-3090-3080-4090.php
MD4,Raw Hash,NVIDIA Tesla V100-SXM2-16GB,NVIDIA,Server; Data Center,101500000000,6.2.6,https://github.com/dosoos/hashcat_speeds
MD4,Raw Hash,NVIDIA GeForce RTX 2080 Ti,NVIDIA,Consumer; Desktop,96837600000,6.2.6,https://www.onlinehashcrack.com/tools-benchmark-hashcat-gtx-1080-ti-1070-ti-rtx-2080-ti-rtx-3090-3080-4090.php
MD4,Raw Hash,AMD Radeon RX 6800 XT,AMD,Consumer; Desktop,85730500000,6.1.1-120-g15bf8b730,https://gist.github.com/epixoip/99085955a1145ff61ec83512a50421a7
MD4,Raw Hash,NVIDIA GeForce RTX 5060 Ti,NVIDIA,Consumer; Desktop,73748600000,7.1.2,https://github.com/dosoos/hashcat_speeds
MD4,Raw Hash,NVIDIA GeForce RTX 2070 SUPER,NVIDIA,Consumer; Desktop,64702300000,6.2.6,https://www.onlinehashcrack.com/tools-benchmark-hashcat-gtx-1080-ti-1070-ti-rtx-2080-ti-rtx-3090-3080-4090.php
MD4,Raw Hash,NVIDIA GeForce GTX 1080 Ti,NVIDIA,Consumer; Desktop,63987800000,6.2.6,https://www.onlinehashcrack.com/tools-benchmark-hashcat-gtx-1080-ti-1070-ti-rtx-2080-ti-rtx-3090-3080-4090.php
MD4,Raw Hash,AMD Radeon RX Vega 64,AMD,Consumer; Desktop,52094221764,6.0.0,https://hashcat.net/hashcat/
MD4,Raw Hash,NVIDIA Tesla P100-PCIE-16GB,NVIDIA,Server; Data Center,49565300000,6.2.6,https://www.onlinehashcrack.com/tools-benchmark-hashcat-gtx-1080-ti-1070-ti-rtx-2080-ti-rtx-3090-3080-4090.php
MD4,Raw Hash,NVIDIA P102-100,NVIDIA,Mining; Desktop,45959200000,7.1.2,https://github.com/dosoos/hashcat_speeds
MD4,Raw Hash,AMD Radeon RX 6600 XT,AMD,Consumer; Desktop,40789300000,6.2.4,https://gist.github.com/soxrok2212/7ebabe2136e48514ad579929af123037
MD4,Raw Hash,NVIDIA Tesla T4,NVIDIA,Server; Data Center,35826000000,6.2.6,https://www.onlinehashcrack.com/tools-benchmark-hashcat-gtx-1080-ti-1070-ti-rtx-2080-ti-rtx-3090-3080-4090.php
MD4,Raw Hash,Apple M1 Ultra,Apple,Integrated; SoC; Desktop,28754000000,6.2.5-340-g98b89e43d,https://gist.github.com/fhlip0
MD4,Raw Hash,Apple M3 Pro,Apple,Integrated; SoC; Mobile,11161500000,6.2.6-827-g46ce637d3,https://gist.github.com/Chick3nman/fdf7f9ddcc0a65f6725aefede99ada4e
MD4,Raw Hash,NVIDIA Tegra X1,NVIDIA,Embedded; SoC,1664600000,6.2.6,https://hashcat.net/forum/printthread.php?tid=11520
MD5,Raw Hash,NVIDIA GeForce RTX 5090,NVIDIA,Consumer; Desktop,215183333333,7.0,https://openbenchmarking.org/test/pts/hashcat
MD5,Raw Hash,NVIDIA RTX PRO 6000 Blackwell Max-Q Workstation Edition,NVIDIA,Professional; Mobile,177915000000,7.1.2,https://openbenchmarking.org/test/pts/hashcat
MD5,Raw Hash,NVIDIA GeForce RTX 4090,NVIDIA,Consumer; Desktop,158183333333,7.0,https://openbenchmarking.org/test/pts/hashcat
MD5,Raw Hash,NVIDIA RTX 6000 Ada Generation,NVIDIA,Professional; Desktop,131900000000,6.2.6,https://github.com/dosoos/hashcat_speeds
MD5,Raw Hash,NVIDIA H100 SXM5 80GB,NVIDIA,Server; Data Center,121300000000,6.2.6,https://www.onlinehashcrack.com/tools-benchmark-hashcat-gtx-1080-ti-1070-ti-rtx-2080-ti-rtx-3090-3080-4090.php
MD5,Raw Hash,NVIDIA GeForce RTX 5080,NVIDIA,Consumer; Desktop,105300000000,7.1.2,https://openbenchmarking.org/test/pts/hashcat
MD5,Raw Hash,NVIDIA GeForce RTX 4080,NVIDIA,Consumer; Desktop,98262800000,6.2.6-325-gea6173b30,https://github.com/dosoos/hashcat_speeds
MD5,Raw Hash,NVIDIA GeForce RTX 4080 SUPER,NVIDIA,Consumer; Desktop,93465600000,6.2.6,https://hashcat.net/forum/printthread.php?tid=11520
MD5,Raw Hash,NVIDIA GeForce RTX 5070 Ti,NVIDIA,Consumer; Desktop,88229400000,6.2.6,https://github.com/dosoos/hashcat_speeds
MD5,Raw Hash,NVIDIA H100 PCIe,NVIDIA,Server; Data Center,87530600000,6.2.6-514-gbf1d7d078,https://github.com/dosoos/hashcat_speeds
MD5,Raw Hash,NVIDIA GeForce RTX 4070 Ti SUPER,NVIDIA,Consumer; Desktop,80192390816,6.2.4,https://openbenchmarking.org/test/pts/hashcat
MD5,Raw Hash,NVIDIA GeForce RTX 3090 Ti,NVIDIA,Consumer; Desktop,79460700000,6.2.6-424-g3df97954c,https://www.onlinehashcrack.com/tools-benchmark-hashcat-gtx-1080-ti-1070-ti-rtx-2080-ti-rtx-3090-3080-4090.php
MD5,Raw Hash,NVIDIA GeForce RTX 4070 Ti,NVIDIA,Consumer; Desktop,74021816667,6.2.4,https://openbenchmarking.org/test/pts/hashcat
MD5,Raw Hash,NVIDIA GeForce RTX 3090,NVIDIA,Consumer; Desktop,72076400000,6.2.5-656-gc8350eb55,https://www.onlinehashcrack.com/tools-benchmark-hashcat-gtx-1080-ti-1070-ti-rtx-2080-ti-rtx-3090-3080-4090.php
MD5,Raw Hash,AMD Radeon RX 7900 XTX,AMD,Consumer; Desktop,70002400000,6.2.6,https://docs.google.com/document/d/1q0dhInwifS8yDYQFYe0hTSECvaLE3LSqkR1dRZ-_PtM/edit
MD5,Raw Hash,NVIDIA A100-SXM4-40GB,NVIDIA,Server; Data Center,68557000000,6.2.3,https://www.onlinehashcrack.com/tools-benchmark-hashcat-gtx-1080-ti-1070-ti-rtx-2080-ti-rtx-3090-3080-4090.php
MD5,Raw Hash,NVIDIA GeForce RTX 4070 SUPER,NVIDIA,Consumer; Desktop,68231685714,6.2.4,https://openbenchmarking.org/test/pts/hashcat
MD5,Raw Hash,NVIDIA A800 80GB PCIe,NVIDIA,Server; Data Center,68136700000,6.2.6,https://github.com/dosoos/hashcat_speeds
MD5,Raw Hash,NVIDIA GeForce RTX 3080 Ti,NVIDIA,Consumer; Desktop,67781101282,6.2.4,https://openbenchmarking.org/test/pts/hashcat
MD5,Raw Hash,NVIDIA A100-PCIE-40GB,NVIDIA,Server; Data Center,64935200000,6.1.1,https://github.com/dosoos/hashcat_speeds
MD5,Raw Hash,NVIDIA TITAN RTX,NVIDIA,Consumer; Desktop,64019600000,6.2.6,https://github.com/dosoos/hashcat_speeds
MD5,Raw Hash,NVIDIA GeForce RTX 3080,NVIDIA,Consumer; Desktop,61997400000,6.2.6-424-g3df97954c,https://www.onlinehashcrack.com/tools-benchmark-hashcat-gtx-1080-ti-1070-ti-rtx-2080-ti-rtx-3090-3080-4090.php
MD5,Raw Hash,AMD Radeon RX 7900 XT,AMD,Consumer; Desktop,60948306493,6.2.4,https://openbenchmarking.org/test/pts/hashcat
MD5,Raw Hash,AMD Radeon PRO W7900,AMD,Professional; Desktop,60685216667,7.0,https://openbenchmarking.org/test/pts/hashcat
MD5,Raw Hash,AMD Radeon RX 6900 XT,AMD,Consumer; Desktop,58596096296,6.2.4,https://openbenchmarking.org/test/pts/hashcat
MD5,Raw Hash,NVIDIA Tesla V100-SXM2-16GB,NVIDIA,Server; Data Center,55690300000,6.2.6,https://github.com/dosoos/hashcat_speeds
MD5,Raw Hash,NVIDIA GeForce RTX 4070,NVIDIA,Consumer; Desktop,55198000000,6.2.6,https://github.com/dosoos/hashcat_speeds
MD5,Raw Hash,NVIDIA GeForce RTX 2080 Ti,NVIDIA,Consumer; Desktop,53975300000,6.2.6,https://www.onlinehashcrack.com/tools-benchmark-hashcat-gtx-1080-ti-1070-ti-rtx-2080-ti-rtx-3090-3080-4090.php
MD5,Raw Hash,AMD Radeon RX 6800 XT,AMD,Consumer; Desktop,52565837302,6.2.4,https://openbenchmarking.org/test/pts/hashcat
MD5,Raw Hash,AMD Radeon RX 7900 GRE,AMD,Consumer; Desktop,51301147619,6.2.4,https://openbenchmarking.org/test/pts/hashcat
MD5,Raw Hash,NVIDIA RTX A5000,NVIDIA,Professional; Desktop,48760800000,6.2.6,https://www.onlinehashcrack.com/tools-benchmark-hashcat-gtx-1080-ti-1070-ti-rtx-2080-ti-rtx-3090-3080-4090.php
MD5,Raw Hash,NVIDIA RTX 4000 Ada Generation,NVIDIA,Professional; Desktop,48745266667,7.0,https://openbenchmarking.org/test/pts/hashcat
MD5,Raw Hash,AMD Radeon AI PRO R9700,AMD,Professional; Desktop,47351720000,7.1.2,https://openbenchmarking.org/test/pts/hashcat
MD5,Raw Hash,NVIDIA GeForce RTX 5060 Ti,NVIDIA,Consumer; Desktop,47042600000,7.1.2,https://github.com/dosoos/hashcat_speeds
MD5,Raw Hash,NVIDIA GeForce RTX 2080 SUPER,NVIDIA,Consumer; Desktop,43272383333,6.2.4,https://openbenchmarking.org/test/pts/hashcat
MD5,Raw Hash,NVIDIA GeForce RTX 3070 Ti,NVIDIA,Consumer; Desktop,42679897024,6.2.4,https://openbenchmarking.org/test/pts/hashcat
MD5,Raw Hash,NVIDIA CMP 50HX,NVIDIA,Mining; Desktop,42654900000,6.2.6,https://github.com/dosoos/hashcat_speeds
MD5,Raw Hash,AMD Radeon RX 6800,AMD,Consumer; Desktop,42215738095,6.2.4,https://openbenchmarking.org/test/pts/hashcat
MD5,Raw Hash,NVIDIA CMP 90HX,NVIDIA,Mining; Desktop,41533200000,6.2.6,https://github.com/dosoos/hashcat_speeds
MD5,Raw Hash,NVIDIA GeForce RTX 3070,NVIDIA,Consumer; Desktop,41225501619,6.2.4,https://openbenchmarking.org/test/pts/hashcat
MD5,Raw Hash,AMD Radeon RX 7800 XT,AMD,Consumer; Desktop,40731210417,6.2.4,https://openbenchmarking.org/test/pts/hashcat
MD5,Raw Hash,AMD Radeon RX 7700 XT,AMD,Consumer; Desktop,39707941666,6.2.4,https://openbenchmarking.org/test/pts/hashcat
MD5,Raw Hash,Intel Arc A770,Intel,Consumer; Desktop,39613900000,7.1.2,https://openbenchmarking.org/test/pts/hashcat
MD5,Raw Hash,NVIDIA GeForce RTX 2080,NVIDIA,Consumer; Desktop,38449675556,6.1.1,https://openbenchmarking.org/test/pts/hashcat
MD5,Raw Hash,NVIDIA GeForce GTX 1080 Ti,NVIDIA,Consumer; Desktop,36152200000,6.2.6,https://www.onlinehashcrack.com/tools-benchmark-hashcat-gtx-1080-ti-1070-ti-rtx-2080-ti-rtx-3090-3080-4090.php
MD5,Raw Hash,NVIDIA GeForce RTX 2070 SUPER,NVIDIA,Consumer; Desktop,35970000000,6.2.6,https://www.onlinehashcrack.com/tools-benchmark-hashcat-gtx-1080-ti-1070-ti-rtx-2080-ti-rtx-3090-3080-4090.php
MD5,Raw Hash,AMD Radeon RX 9070 GRE,AMD,Consumer; Desktop,35338066667,7.1.2,https://openbenchmarking.org/test/pts/hashcat
MD5,Raw Hash,NVIDIA GeForce RTX 3060 Ti,NVIDIA,Consumer; Desktop,34766839456,6.2.4,https://openbenchmarking.org/test/pts/hashcat
MD5,Raw Hash,NVIDIA RTX A4000,NVIDIA,Professional; Desktop,34056633333,6.2.4,https://openbenchmarking.org/test/pts/hashcat
MD5,Raw Hash,AMD Radeon RX Vega 64,AMD,Consumer; Desktop,32034240353,6.0.0,https://hashcat.net/hashcat/
MD5,Raw Hash,AMD Radeon 8060S,AMD,Integrated; iGPU; Mobile,31493941667,7.0,https://openbenchmarking.org/test/pts/hashcat
MD5,Raw Hash,Intel Arc A580,Intel,Consumer; Desktop,30938091667,7.0,https://openbenchmarking.org/test/pts/hashcat
MD5,Raw Hash,NVIDIA GeForce RTX 2070,NVIDIA,Consumer; Desktop,30865231250,6.2.4,https://openbenchmarking.org/test/pts/hashcat
MD5,Raw Hash,AMD Radeon PRO W7700,AMD,Professional; Desktop,30492555556,7.0,https://openbenchmarking.org/test/pts/hashcat
MD5,Raw Hash,Intel Arc A750,Intel,Consumer; Desktop,30477334444,6.2.4,https://openbenchmarking.org/test/pts/hashcat
MD5,Raw Hash,NVIDIA GeForce RTX 2060 SUPER,NVIDIA,Consumer; Desktop,29878325714,6.2.4,https://openbenchmarking.org/test/pts/hashcat
MD5,Raw Hash,NVIDIA GeForce RTX 4060,NVIDIA,Consumer; Desktop,28582100000,6.2.6,https://github.com/dosoos/hashcat_speeds
MD5,Raw Hash,Intel Arc B580,Intel,Consumer; Desktop,28062516667,7.1.2,https://openbenchmarking.org/test/pts/hashcat
MD5,Raw Hash,NVIDIA Tesla P100-PCIE-16GB,NVIDIA,Server; Data Center,27159500000,6.2.6,https://www.onlinehashcrack.com/tools-benchmark-hashcat-gtx-1080-ti-1070-ti-rtx-2080-ti-rtx-3090-3080-4090.php
MD5,Raw Hash,Intel Arc B580 (BMG G21),Intel,Consumer; Desktop,27104333333,7.0,https://openbenchmarking.org/test/pts/hashcat
MD5,Raw Hash,NVIDIA P102-100,NVIDIA,Mining; Desktop,26507500000,7.1.2,https://github.com/dosoos/hashcat_speeds
MD5,Raw Hash,NVIDIA GeForce RTX 2060,NVIDIA,Consumer; Desktop,26430614286,6.2.4,https://openbenchmarking.org/test/pts/hashcat
MD5,Raw Hash,AMD Radeon RX 6600 XT,AMD,Consumer; Desktop,25644600000,6.2.4,https://gist.github.com/soxrok2212/7ebabe2136e48514ad579929af123037
MD5,Raw Hash,NVIDIA GeForce GTX 1080,NVIDIA,Consumer; Desktop,25564554167,6.1.1,https://openbenchmarking.org/test/pts/hashcat
MD5,Raw Hash,NVIDIA Quadro RTX 4000,NVIDIA,Professional; Desktop,25312366667,6.2.4,https://openbenchmarking.org/test/pts/hashcat
MD5,Raw Hash,NVIDIA Quadro RTX 5000 with Max-Q Design,NVIDIA,Professional; Mobile,24855453333,6.1.1,https://openbenchmarking.org/test/pts/hashcat
MD5,Raw Hash,NVIDIA GeForce RTX 3060,NVIDIA,Consumer; Desktop,24716833334,6.2.4,https://openbenchmarking.org/test/pts/hashcat
MD5,Raw Hash,NVIDIA RTX 2000 Ada Generation,NVIDIA,Professional; Desktop,24485872222,7.0,https://openbenchmarking.org/test/pts/hashcat
MD5,Raw Hash,AMD Radeon RX 7600 XT,AMD,Consumer; Desktop,23897526191,6.2.4,https://openbenchmarking.org/test/pts/hashcat
MD5,Raw Hash,NVIDIA GeForce RTX 3060 Laptop,NVIDIA,Consumer; Mobile,22492300000,6.2.4,https://openbenchmarking.org/test/pts/hashcat
MD5,Raw Hash,AMD Radeon RX 7600,AMD,Consumer; Desktop,22031216667,6.2.4,https://openbenchmarking.org/test/pts/hashcat
MD5,Raw Hash,AMD Radeon PRO W7600,AMD,Professional; Desktop,21318020000,6.2.4,https://openbenchmarking.org/test/pts/hashcat
MD5,Raw Hash,NVIDIA Tesla T4,NVIDIA,Server; Data Center,20213300000,6.2.6,https://www.onlinehashcrack.com/tools-benchmark-hashcat-gtx-1080-ti-1070-ti-rtx-2080-ti-rtx-3090-3080-4090.php
MD5,Raw Hash,NVIDIA GeForce GTX 1660 Ti,NVIDIA,Consumer; Desktop,19879825397,6.2.4,https://openbenchmarking.org/test/pts/hashcat
MD5,Raw Hash,NVIDIA GeForce GTX 1070,NVIDIA,Consumer; Desktop,18564100000,6.2.5-620-g31758f09a,https://github.com/dosoos/hashcat_speeds
MD5,Raw Hash,NVIDIA GeForce GTX 1660 SUPER,NVIDIA,Consumer; Desktop,18504883334,6.2.4,https://openbenchmarking.org/test/pts/hashcat
MD5,Raw Hash,Apple M1 Ultra,Apple,Integrated; SoC; Desktop,17137000000,6.2.5-340-g98b89e43d,https://gist.github.com/fhlip0
MD5,Raw Hash,NVIDIA P104-100,NVIDIA,Mining; Desktop,16779800000,6.2.6,https://github.com/dosoos/hashcat_speeds
MD5,Raw Hash,AMD Radeon RX 580,AMD,Consumer; Desktop,13783416667,6.1.1,https://openbenchmarking.org/test/pts/hashcat
MD5,Raw Hash,AMD Radeon PRO W7500,AMD,Professional; Desktop,13436360000,6.2.4,https://openbenchmarking.org/test/pts/hashcat
MD5,Raw Hash,NVIDIA RTX A1000,NVIDIA,Professional; Desktop,12948862500,7.0,https://openbenchmarking.org/test/pts/hashcat
MD5,Raw Hash,NVIDIA GeForce GTX 1060,NVIDIA,Consumer; Desktop,12922255102,6.2.4,https://openbenchmarking.org/test/pts/hashcat
MD5,Raw Hash,NVIDIA GeForce GTX 1070 Ti,NVIDIA,Consumer; Desktop,11828935000,6.1.1,https://openbenchmarking.org/test/pts/hashcat
MD5,Raw Hash,Intel Arc A380,Intel,Consumer; Desktop,10055492592,6.2.4,https://openbenchmarking.org/test/pts/hashcat
MD5,Raw Hash,NVIDIA Tesla M6,NVIDIA,Server; Data Center,8794811111,6.1.1,https://openbenchmarking.org/test/pts/hashcat
MD5,Raw Hash,Apple M3 Pro,Apple,Integrated; SoC; Mobile,6801500000,6.2.6-827-g46ce637d3,https://gist.github.com/Chick3nman/fdf7f9ddcc0a65f6725aefede99ada4e
MD5,Raw Hash,NVIDIA Quadro P2000,NVIDIA,Professional; Desktop,5250388889,6.1.1,https://openbenchmarking.org/test/pts/hashcat
MD5,Raw Hash,NVIDIA RTX A400,NVIDIA,Professional; Desktop,5201011111,6.2.4,https://openbenchmarking.org/test/pts/hashcat
MD5,Raw Hash,NVIDIA GeForce GTX 950,NVIDIA,Consumer; Desktop,4791888889,6.1.1,https://openbenchmarking.org/test/pts/hashcat
MD5,Raw Hash,NVIDIA T400,NVIDIA,Professional; Desktop,4187266666,6.2.4,https://openbenchmarking.org/test/pts/hashcat
MD5,Raw Hash,Intel Iris Xe TGL GT2,Intel,Integrated; iGPU; Mobile,3044741667,7.1.2,https://openbenchmarking.org/test/pts/hashcat
MD5,Raw Hash,NVIDIA Quadro M1200,NVIDIA,Professional; Mobile,2882933333,6.1.1,https://openbenchmarking.org/test/pts/hashcat
MD5,Raw Hash,Intel Iris Xe ADL GT2,Intel,Integrated; iGPU,2851766667,7.1.2,https://openbenchmarking.org/test/pts/hashcat
MD5,Raw Hash,AMD Radeon Vega 8,AMD,Integrated; iGPU,2574555555,6.2.4,https://openbenchmarking.org/test/pts/hashcat
MD5,Raw Hash,NVIDIA GeForce MX230,NVIDIA,Consumer; Mobile,2017828571,6.1.1,https://openbenchmarking.org/test/pts/hashcat
MD5,Raw Hash,Intel UHD 730,Intel,Integrated; iGPU; Desktop,967100000,6.2.6,https://github.com/dosoos/hashcat_speeds
MD5,Raw Hash,NVIDIA Tegra X1,NVIDIA,Embedded; SoC,950600000,6.2.6,https://hashcat.net/forum/printthread.php?tid=11520
MS Office 2010,Document,NVIDIA GeForce RTX 5090,NVIDIA,Consumer; Desktop,572600,6.2.6-851-g6716447df,https://github.com/dosoos/hashcat_speeds
MS Office 2010,Document,NVIDIA GeForce RTX 4090,NVIDIA,Consumer; Desktop,429200,6.2.6,https://github.com/dosoos/hashcat_speeds
MS Office 2010,Document,NVIDIA RTX 6000 Ada Generation,NVIDIA,Professional; Desktop,404200,6.2.6,https://github.com/dosoos/hashcat_speeds
MS Office 2010,Document,NVIDIA GeForce RTX 4080,NVIDIA,Consumer; Desktop,254800,6.2.6-325-gea6173b30,https://github.com/dosoos/hashcat_speeds
MS Office 2010,Document,AMD Radeon RX 7900 XTX,AMD,Consumer; Desktop,246500,6.2.6,https://docs.google.com/document/d/1q0dhInwifS8yDYQFYe0hTSECvaLE3LSqkR1dRZ-_PtM/edit
MS Office 2010,Document,NVIDIA H100 PCIe,NVIDIA,Server; Data Center,237300,6.2.6-514-gbf1d7d078,https://github.com/dosoos/hashcat_speeds
MS Office 2010,Document,NVIDIA GeForce RTX 3090 Ti,NVIDIA,Consumer; Desktop,205700,6.2.6-424-g3df97954c,https://www.onlinehashcrack.com/tools-benchmark-hashcat-gtx-1080-ti-1070-ti-rtx-2080-ti-rtx-3090-3080-4090.php
MS Office 2010,Document,NVIDIA GeForce RTX 3090,NVIDIA,Consumer; Desktop,186800,6.2.5-656-gc8350eb55,https://www.onlinehashcrack.com/tools-benchmark-hashcat-gtx-1080-ti-1070-ti-rtx-2080-ti-rtx-3090-3080-4090.php
MS Office 2010,Document,NVIDIA A100-PCIE-40GB,NVIDIA,Server; Data Center,183800,6.1.1,https://github.com/dosoos/hashcat_speeds
MS Office 2010,Document,NVIDIA GeForce RTX 3080 Ti,NVIDIA,Consumer; Desktop,179700,6.2.3,https://www.onlinehashcrack.com/tools-benchmark-hashcat-gtx-1080-ti-1070-ti-rtx-2080-ti-rtx-3090-3080-4090.php
MS Office 2010,Document,AMD Radeon RX 6800 XT,AMD,Consumer; Desktop,174000,6.1.1-120-g15bf8b730,https://gist.github.com/epixoip/99085955a1145ff61ec83512a50421a7
MS Office 2010,Document,NVIDIA TITAN RTX,NVIDIA,Consumer; Desktop,162900,6.2.6,https://github.com/dosoos/hashcat_speeds
MS Office 2010,Document,NVIDIA GeForce RTX 3080,NVIDIA,Consumer; Desktop,158900,6.2.6-424-g3df97954c,https://www.onlinehashcrack.com/tools-benchmark-hashcat-gtx-1080-ti-1070-ti-rtx-2080-ti-rtx-3090-3080-4090.php
MS Office 2010,Document,NVIDIA Tesla V100-SXM2-16GB,NVIDIA,Server; Data Center,146600,6.2.6,https://github.com/dosoos/hashcat_speeds
MS Office 2010,Document,NVIDIA GeForce RTX 2080 Ti,NVIDIA,Consumer; Desktop,141200,6.2.6,https://www.onlinehashcrack.com/tools-benchmark-hashcat-gtx-1080-ti-1070-ti-rtx-2080-ti-rtx-3090-3080-4090.php
MS Office 2010,Document,NVIDIA GeForce RTX 5060 Ti,NVIDIA,Consumer; Desktop,123600,7.1.2,https://github.com/dosoos/hashcat_speeds
MS Office 2010,Document,NVIDIA GeForce GTX 1080 Ti,NVIDIA,Consumer; Desktop,105100,6.2.6,https://www.onlinehashcrack.com/tools-benchmark-hashcat-gtx-1080-ti-1070-ti-rtx-2080-ti-rtx-3090-3080-4090.php
MS Office 2010,Document,NVIDIA GeForce RTX 2070 SUPER,NVIDIA,Consumer; Desktop,93184,6.2.6,https://www.onlinehashcrack.com/tools-benchmark-hashcat-gtx-1080-ti-1070-ti-rtx-2080-ti-rtx-3090-3080-4090.php
MS Office 2010,Document,NVIDIA P102-100,NVIDIA,Mining; Desktop,91936,7.1.2,https://github.com/dosoos/hashcat_speeds
MS Office 2010,Document,AMD Radeon RX Vega 64,AMD,Consumer; Desktop,86777,6.0.0,https://hashcat.net/hashcat/
MS Office 2010,Document,AMD Radeon RX 6600 XT,AMD,Consumer; Desktop,82834,6.2.4,https://gist.github.com/soxrok2212/7ebabe2136e48514ad579929af123037
MS Office 2010,Document,NVIDIA Tesla P100-PCIE-16GB,NVIDIA,Server; Data Center,81653,6.2.6,https://www.onlinehashcrack.com/tools-benchmark-hashcat-gtx-1080-ti-1070-ti-rtx-2080-ti-rtx-3090-3080-4090.php
MS Office 2010,Document,NVIDIA Tesla T4,NVIDIA,Server; Data Center,58212,6.2.6,https://www.onlinehashcrack.com/tools-benchmark-hashcat-gtx-1080-ti-1070-ti-rtx-2080-ti-rtx-3090-3080-4090.php
MS Office 2010,Document,Apple M1 Ultra,Apple,Integrated; SoC; Desktop,51237,6.2.5-340-g98b89e43d,https://gist.github.com/fhlip0
MS Office 2010,Document,Apple M3 Pro,Apple,Integrated; SoC; Mobile,24980,6.2.6-827-g46ce637d3,https://gist.github.com/Chick3nman/fdf7f9ddcc0a65f6725aefede99ada4e
MS Office 2010,Document,NVIDIA Tegra X1,NVIDIA,Embedded; SoC,2833,6.2.6,https://hashcat.net/forum/printthread.php?tid=11520
MS Office 2013,Document,NVIDIA GeForce RTX 5090,NVIDIA,Consumer; Desktop,91049,6.2.6-851-g6716447df,https://github.com/dosoos/hashcat_speeds
MS Office 2013,Document,NVIDIA GeForce RTX 4090,NVIDIA,Consumer; Desktop,68356,6.2.6,https://github.com/dosoos/hashcat_speeds
MS Office 2013,Document,NVIDIA RTX 6000 Ada Generation,NVIDIA,Professional; Desktop,63788,6.2.6,https://github.com/dosoos/hashcat_speeds
MS Office 2013,Document,NVIDIA GeForce RTX 4080,NVIDIA,Consumer; Desktop,40500,6.2.6-325-gea6173b30,https://github.com/dosoos/hashcat_speeds
MS Office 2013,Document,NVIDIA H100 PCIe,NVIDIA,Server; Data Center,37390,6.2.6-514-gbf1d7d078,https://github.com/dosoos/hashcat_speeds
MS Office 2013,Document,NVIDIA GeForce RTX 3090 Ti,NVIDIA,Consumer; Desktop,32787,6.2.6-424-g3df97954c,https://www.onlinehashcrack.com/tools-benchmark-hashcat-gtx-1080-ti-1070-ti-rtx-2080-ti-rtx-3090-3080-4090.php
MS Office 2013,Document,NVIDIA GeForce RTX 3090,NVIDIA,Consumer; Desktop,29759,6.2.5-656-gc8350eb55,https://www.onlinehashcrack.com/tools-benchmark-hashcat-gtx-1080-ti-1070-ti-rtx-2080-ti-rtx-3090-3080-4090.php
MS Office 2013,Document,AMD Radeon RX 7900 XTX,AMD,Consumer; Desktop,29094,6.2.6,https://docs.google.com/document/d/1q0dhInwifS8yDYQFYe0hTSECvaLE3LSqkR1dRZ-_PtM/edit
MS Office 2013,Document,NVIDIA A100-PCIE-40GB,NVIDIA,Server; Data Center,28696,6.1.1,https://github.com/dosoos/hashcat_speeds
MS Office 2013,Document,NVIDIA GeForce RTX 3080 Ti,NVIDIA,Consumer; Desktop,28383,6.2.3,https://www.onlinehashcrack.com/tools-benchmark-hashcat-gtx-1080-ti-1070-ti-rtx-2080-ti-rtx-3090-3080-4090.php
MS Office 2013,Document,NVIDIA TITAN RTX,NVIDIA,Consumer; Desktop,25403,6.2.6,https://github.com/dosoos/hashcat_speeds
MS Office 2013,Document,NVIDIA GeForce RTX 3080,NVIDIA,Consumer; Desktop,25250,6.2.6-424-g3df97954c,https://www.onlinehashcrack.com/tools-benchmark-hashcat-gtx-1080-ti-1070-ti-rtx-2080-ti-rtx-3090-3080-4090.php
MS Office 2013,Document,NVIDIA GeForce RTX 2080 Ti,NVIDIA,Consumer; Desktop,21812,6.2.6,https://www.onlinehashcrack.com/tools-benchmark-hashcat-gtx-1080-ti-1070-ti-rtx-2080-ti-rtx-3090-3080-4090.php
MS Office 2013,Document,AMD Radeon RX 6800 XT,AMD,Consumer; Desktop,21721,6.1.1-120-g15bf8b730,https://gist.github.com/epixoip/99085955a1145ff61ec83512a50421a7
MS Office 2013,Document,NVIDIA Tesla V100-SXM2-16GB,NVIDIA,Server; Data Center,21616,6.2.6,https://github.com/dosoos/hashcat_speeds
MS Office 2013,Document,NVIDIA GeForce RTX 5060 Ti,NVIDIA,Consumer; Desktop,15182,7.1.2,https://github.com/dosoos/hashcat_speeds
MS Office 2013,Document,NVIDIA GeForce RTX 2070 SUPER,NVIDIA,Consumer; Desktop,14134,6.2.6,https://www.onlinehashcrack.com/tools-benchmark-hashcat-gtx-1080-ti-1070-ti-rtx-2080-ti-rtx-3090-3080-4090.php
MS Office 2013,Document,NVIDIA GeForce GTX 1080 Ti,NVIDIA,Consumer; Desktop,13445,6.2.6,https://www.onlinehashcrack.com/tools-benchmark-hashcat-gtx-1080-ti-1070-ti-rtx-2080-ti-rtx-3090-3080-4090.php
MS Office 2013,Document,NVIDIA P102-100,NVIDIA,Mining; Desktop,12275,7.1.2,https://github.com/dosoos/hashcat_speeds
MS Office 2013,Document,AMD Radeon RX Vega 64,AMD,Consumer; Desktop,10721,6.0.0,https://hashcat.net/hashcat/
MS Office 2013,Document,AMD Radeon RX 6600 XT,AMD,Consumer; Desktop,10470,6.2.4,https://gist.github.com/soxrok2212/7ebabe2136e48514ad579929af123037
MS Office 2013,Document,NVIDIA Tesla P100-PCIE-16GB,NVIDIA,Server; Data Center,9736,6.2.6,https://www.onlinehashcrack.com/tools-benchmark-hashcat-gtx-1080-ti-1070-ti-rtx-2080-ti-rtx-3090-3080-4090.php
MS Office 2013,Document,NVIDIA Tesla T4,NVIDIA,Server; Data Center,8823,6.2.6,https://www.onlinehashcrack.com/tools-benchmark-hashcat-gtx-1080-ti-1070-ti-rtx-2080-ti-rtx-3090-3080-4090.php
MS Office 2013,Document,Apple M1 Ultra,Apple,Integrated; SoC; Desktop,5044,6.2.5-340-g98b89e43d,https://gist.github.com/fhlip0
MS Office 2013,Document,Apple M3 Pro,Apple,Integrated; SoC; Mobile,2018,6.2.6-827-g46ce637d3,https://gist.github.com/Chick3nman/fdf7f9ddcc0a65f6725aefede99ada4e
MS Office 2013,Document,NVIDIA Tegra X1,NVIDIA,Embedded; SoC,368,6.2.6,https://hashcat.net/forum/printthread.php?tid=11520
NTLM,OS Credentials,NVIDIA RTX PRO 6000 Blackwell Workstation Edition,NVIDIA,Professional; Desktop,414307142857,7.1.2,https://openbenchmarking.org/test/pts/hashcat
NTLM,OS Credentials,NVIDIA GeForce RTX 5090,NVIDIA,Consumer; Desktop,326000000000,6.2.6-1087-gd3983edaf,https://www.onlinehashcrack.com/tools-benchmark-hashcat-gtx-1080-ti-1070-ti-rtx-2080-ti-rtx-3090-3080-4090.php
NTLM,OS Credentials,NVIDIA RTX PRO 6000 Blackwell Max-Q Workstation Edition,NVIDIA,Professional; Mobile,290809523809,7.1.2,https://openbenchmarking.org/test/pts/hashcat
NTLM,OS Credentials,NVIDIA GeForce RTX 4090,NVIDIA,Consumer; Desktop,288500000000,6.2.6,https://github.com/dosoos/hashcat_speeds
NTLM,OS Credentials,NVIDIA RTX PRO 5000 Blackwell,NVIDIA,Professional; Desktop,219733333333,7.1.2,https://openbenchmarking.org/test/pts/hashcat
NTLM,OS Credentials,NVIDIA RTX 6000 Ada Generation,NVIDIA,Professional; Desktop,218100000000,7.1.2,https://openbenchmarking.org/test/pts/hashcat
NTLM,OS Credentials,NVIDIA H100 SXM5 80GB,NVIDIA,Server; Data Center,203300000000,6.2.6,https://www.onlinehashcrack.com/tools-benchmark-hashcat-gtx-1080-ti-1070-ti-rtx-2080-ti-rtx-3090-3080-4090.php
NTLM,OS Credentials,NVIDIA GeForce RTX 4080,NVIDIA,Consumer; Desktop,173300000000,6.2.6-325-gea6173b30,https://github.com/dosoos/hashcat_speeds
NTLM,OS Credentials,NVIDIA RTX PRO 4500 Blackwell,NVIDIA,Professional; Desktop,162775000000,7.1.2,https://openbenchmarking.org/test/pts/hashcat
NTLM,OS Credentials,NVIDIA GeForce RTX 5080,NVIDIA,Consumer; Desktop,162700000000,7.1.2,https://openbenchmarking.org/test/pts/hashcat
NTLM,OS Credentials,NVIDIA H100 PCIe,NVIDIA,Server; Data Center,158600000000,6.2.6-514-gbf1d7d078,https://github.com/dosoos/hashcat_speeds
NTLM,OS Credentials,NVIDIA GeForce RTX 4080 SUPER,NVIDIA,Consumer; Desktop,158300000000,6.2.6,https://hashcat.net/forum/printthread.php?tid=11520
NTLM,OS Credentials,NVIDIA GeForce RTX 3090 Ti,NVIDIA,Consumer; Desktop,138800000000,6.2.6-424-g3df97954c,https://www.onlinehashcrack.com/tools-benchmark-hashcat-gtx-1080-ti-1070-ti-rtx-2080-ti-rtx-3090-3080-4090.php
NTLM,OS Credentials,NVIDIA GeForce RTX 5070 Ti,NVIDIA,Consumer; Desktop,138100000000,6.2.6,https://github.com/dosoos/hashcat_speeds
NTLM,OS Credentials,NVIDIA GeForce RTX 3090,NVIDIA,Consumer; Desktop,126400000000,6.2.5-656-gc8350eb55,https://www.onlinehashcrack.com/tools-benchmark-hashcat-gtx-1080-ti-1070-ti-rtx-2080-ti-rtx-3090-3080-4090.php
NTLM,OS Credentials,AMD Radeon RX 7900 XTX,AMD,Consumer; Desktop,122200000000,6.2.6,https://docs.google.com/document/d/1q0dhInwifS8yDYQFYe0hTSECvaLE3LSqkR1dRZ-_PtM/edit
NTLM,OS Credentials,NVIDIA A100-PCIE-40GB,NVIDIA,Server; Data Center,120200000000,6.1.1,https://github.com/dosoos/hashcat_speeds
NTLM,OS Credentials,NVIDIA RTX PRO 4000 Blackwell,NVIDIA,Professional; Desktop,117647222223,7.1.2,https://openbenchmarking.org/test/pts/hashcat
NTLM,OS Credentials,NVIDIA GeForce RTX 3080 Ti,NVIDIA,Consumer; Desktop,117400000000,6.2.3,https://www.onlinehashcrack.com/tools-benchmark-hashcat-gtx-1080-ti-1070-ti-rtx-2080-ti-rtx-3090-3080-4090.php
NTLM,OS Credentials,NVIDIA A100-SXM4-40GB,NVIDIA,Server; Data Center,116400000000,6.2.3,https://www.onlinehashcrack.com/tools-benchmark-hashcat-gtx-1080-ti-1070-ti-rtx-2080-ti-rtx-3090-3080-4090.php
NTLM,OS Credentials,NVIDIA A800 80GB PCIe,NVIDIA,Server; Data Center,115900000000,6.2.6,https://github.com/dosoos/hashcat_speeds
NTLM,OS Credentials,NVIDIA TITAN RTX,NVIDIA,Consumer; Desktop,111600000000,6.2.6,https://github.com/dosoos/hashcat_speeds
NTLM,OS Credentials,NVIDIA GeForce RTX 3080,NVIDIA,Consumer; Desktop,107700000000,6.2.6-424-g3df97954c,https://www.onlinehashcrack.com/tools-benchmark-hashcat-gtx-1080-ti-1070-ti-rtx-2080-ti-rtx-3090-3080-4090.php
NTLM,OS Credentials,NVIDIA Tesla V100-SXM2-16GB,NVIDIA,Server; Data Center,99768800000,6.2.6,https://github.com/dosoos/hashcat_speeds
NTLM,OS Credentials,NVIDIA GeForce RTX 2080 Ti,NVIDIA,Consumer; Desktop,97345500000,6.2.6,https://www.onlinehashcrack.com/tools-benchmark-hashcat-gtx-1080-ti-1070-ti-rtx-2080-ti-rtx-3090-3080-4090.php
NTLM,OS Credentials,NVIDIA GeForce RTX 4070,NVIDIA,Consumer; Desktop,92050200000,6.2.6,https://github.com/dosoos/hashcat_speeds
NTLM,OS Credentials,AMD Radeon RX 6800 XT,AMD,Consumer; Desktop,86703500000,6.1.1-120-g15bf8b730,https://gist.github.com/epixoip/99085955a1145ff61ec83512a50421a7
NTLM,OS Credentials,AMD Radeon PRO W7900,AMD,Professional; Desktop,86211680000,7.1.2,https://openbenchmarking.org/test/pts/hashcat
NTLM,OS Credentials,NVIDIA RTX 4000 Ada Generation,NVIDIA,Professional; Desktop,85932895238,7.1.2,https://openbenchmarking.org/test/pts/hashcat
NTLM,OS Credentials,NVIDIA RTX A5000,NVIDIA,Professional; Desktop,82244500000,6.2.6,https://www.onlinehashcrack.com/tools-benchmark-hashcat-gtx-1080-ti-1070-ti-rtx-2080-ti-rtx-3090-3080-4090.php
NTLM,OS Credentials,AMD Radeon AI PRO R9700,AMD,Professional; Desktop,81567724762,7.1.2,https://openbenchmarking.org/test/pts/hashcat
NTLM,OS Credentials,NVIDIA GeForce RTX 5060 Ti,NVIDIA,Consumer; Desktop,72218700000,7.1.2,https://github.com/dosoos/hashcat_speeds
NTLM,OS Credentials,NVIDIA CMP 50HX,NVIDIA,Mining; Desktop,71433400000,6.2.6,https://github.com/dosoos/hashcat_speeds
NTLM,OS Credentials,Intel Arc A770,Intel,Consumer; Desktop,70478714286,7.1.2,https://openbenchmarking.org/test/pts/hashcat
NTLM,OS Credentials,NVIDIA CMP 90HX,NVIDIA,Mining; Desktop,69995300000,6.2.6,https://github.com/dosoos/hashcat_speeds
NTLM,OS Credentials,AMD Radeon RX 9070 GRE,AMD,Consumer; Desktop,65271700000,7.1.2,https://openbenchmarking.org/test/pts/hashcat
NTLM,OS Credentials,NVIDIA GeForce RTX 2070 SUPER,NVIDIA,Consumer; Desktop,64673600000,6.2.6,https://www.onlinehashcrack.com/tools-benchmark-hashcat-gtx-1080-ti-1070-ti-rtx-2080-ti-rtx-3090-3080-4090.php
NTLM,OS Credentials,NVIDIA GeForce GTX 1080 Ti,NVIDIA,Consumer; Desktop,64316000000,6.2.6,https://www.onlinehashcrack.com/tools-benchmark-hashcat-gtx-1080-ti-1070-ti-rtx-2080-ti-rtx-3090-3080-4090.php
NTLM,OS Credentials,NVIDIA RTX PRO 2000 Blackwell,NVIDIA,Professional; Desktop,61634670000,7.1.2,https://openbenchmarking.org/test/pts/hashcat
NTLM,OS Credentials,AMD Radeon RX Vega 64,AMD,Consumer; Desktop,51658944204,6.0.0,https://hashcat.net/hashcat/
NTLM,OS Credentials,NVIDIA Tesla P100-PCIE-16GB,NVIDIA,Server; Data Center,49555100000,6.2.6,https://www.onlinehashcrack.com/tools-benchmark-hashcat-gtx-1080-ti-1070-ti-rtx-2080-ti-rtx-3090-3080-4090.php
NTLM,OS Credentials,NVIDIA GeForce RTX 4060,NVIDIA,Consumer; Desktop,48830900000,6.2.6,https://github.com/dosoos/hashcat_speeds
NTLM,OS Credentials,Intel Arc B580,Intel,Consumer; Desktop,47699877778,7.1.2,https://openbenchmarking.org/test/pts/hashcat
NTLM,OS Credentials,NVIDIA RTX 2000 Ada Generation,NVIDIA,Professional; Desktop,43645580000,7.1.2,https://openbenchmarking.org/test/pts/hashcat
NTLM,OS Credentials,NVIDIA P102-100,NVIDIA,Mining; Desktop,43317200000,7.1.2,https://github.com/dosoos/hashcat_speeds
NTLM,OS Credentials,AMD Radeon RX 6600 XT,AMD,Consumer; Desktop,40613300000,6.2.4,https://gist.github.com/soxrok2212/7ebabe2136e48514ad579929af123037
NTLM,OS Credentials,NVIDIA Tesla T4,NVIDIA,Server; Data Center,35999600000,6.2.6,https://www.onlinehashcrack.com/tools-benchmark-hashcat-gtx-1080-ti-1070-ti-rtx-2080-ti-rtx-3090-3080-4090.php
NTLM,OS Credentials,NVIDIA GeForce GTX 1070,NVIDIA,Consumer; Desktop,31889400000,6.2.5-620-g31758f09a,https://github.com/dosoos/hashcat_speeds
NTLM,OS Credentials,Intel Arc Pro B50,Intel,Professional; Desktop,29609330000,7.1.2,https://openbenchmarking.org/test/pts/hashcat
NTLM,OS Credentials,Apple M1 Ultra,Apple,Integrated; SoC; Desktop,28630300000,6.2.5-340-g98b89e43d,https://gist.github.com/fhlip0
NTLM,OS Credentials,NVIDIA P104-100,NVIDIA,Mining; Desktop,26632800000,6.2.6,https://github.com/dosoos/hashcat_speeds
NTLM,OS Credentials,NVIDIA RTX A1000,NVIDIA,Professional; Desktop,21315322222,7.1.2,https://openbenchmarking.org/test/pts/hashcat
NTLM,OS Credentials,Apple M3 Pro,Apple,Integrated; SoC; Mobile,11693900000,6.2.6-827-g46ce637d3,https://gist.github.com/Chick3nman/fdf7f9ddcc0a65f6725aefede99ada4e
NTLM,OS Credentials,Intel Iris Xe TGL GT2,Intel,Integrated; iGPU; Mobile,5102554167,7.1.2,https://openbenchmarking.org/test/pts/hashcat
NTLM,OS Credentials,Intel Iris Xe ADL GT2,Intel,Integrated; iGPU,5048697778,7.1.2,https://openbenchmarking.org/test/pts/hashcat
NTLM,OS Credentials,NVIDIA Tegra X1,NVIDIA,Embedded; SoC,1665400000,6.2.6,https://hashcat.net/forum/printthread.php?tid=11520
NTLM,OS Credentials,Intel UHD 730,Intel,Integrated; iGPU; Desktop,1619100000,6.2.6,https://github.com/dosoos/hashcat_speeds
NetNTLMv1 / NetNTLMv1+ESS,Network Auth,NVIDIA GeForce RTX 5090,NVIDIA,Consumer; Desktop,204800000000,6.2.6-1087-gd3983edaf,https://www.onlinehashcrack.com/tools-benchmark-hashcat-gtx-1080-ti-1070-ti-rtx-2080-ti-rtx-3090-3080-4090.php
NetNTLMv1 / NetNTLMv1+ESS,Network Auth,NVIDIA GeForce RTX 4090,NVIDIA,Consumer; Desktop,160100000000,6.2.6,https://github.com/dosoos/hashcat_speeds
NetNTLMv1 / NetNTLMv1+ESS,Network Auth,NVIDIA RTX 6000 Ada Generation,NVIDIA,Professional; Desktop,136800000000,6.2.6,https://github.com/dosoos/hashcat_speeds
NetNTLMv1 / NetNTLMv1+ESS,Network Auth,NVIDIA H100 SXM5 80GB,NVIDIA,Server; Data Center,123600000000,6.2.6,https://www.onlinehashcrack.com/tools-benchmark-hashcat-gtx-1080-ti-1070-ti-rtx-2080-ti-rtx-3090-3080-4090.php
NetNTLMv1 / NetNTLMv1+ESS,Network Auth,NVIDIA GeForce RTX 4080 SUPER,NVIDIA,Consumer; Desktop,96471800000,6.2.6,https://hashcat.net/forum/printthread.php?tid=11520
NetNTLMv1 / NetNTLMv1+ESS,Network Auth,NVIDIA GeForce RTX 4080,NVIDIA,Consumer; Desktop,96267900000,6.2.6-325-gea6173b30,https://github.com/dosoos/hashcat_speeds
NetNTLMv1 / NetNTLMv1+ESS,Network Auth,NVIDIA GeForce RTX 5080,NVIDIA,Consumer; Desktop,94459200000,6.2.6,https://github.com/dosoos/hashcat_speeds
NetNTLMv1 / NetNTLMv1+ESS,Network Auth,NVIDIA H100 PCIe,NVIDIA,Server; Data Center,87263500000,6.2.6-514-gbf1d7d078,https://github.com/dosoos/hashcat_speeds
NetNTLMv1 / NetNTLMv1+ESS,Network Auth,NVIDIA GeForce RTX 5070 Ti,NVIDIA,Consumer; Desktop,83484500000,6.2.6,https://github.com/dosoos/hashcat_speeds
NetNTLMv1 / NetNTLMv1+ESS,Network Auth,NVIDIA GeForce RTX 3090 Ti,NVIDIA,Consumer; Desktop,76766800000,6.2.6-424-g3df97954c,https://www.onlinehashcrack.com/tools-benchmark-hashcat-gtx-1080-ti-1070-ti-rtx-2080-ti-rtx-3090-3080-4090.php
NetNTLMv1 / NetNTLMv1+ESS,Network Auth,NVIDIA A100-SXM4-40GB,NVIDIA,Server; Data Center,71329700000,6.2.3,https://www.onlinehashcrack.com/tools-benchmark-hashcat-gtx-1080-ti-1070-ti-rtx-2080-ti-rtx-3090-3080-4090.php
NetNTLMv1 / NetNTLMv1+ESS,Network Auth,NVIDIA A800 80GB PCIe,NVIDIA,Server; Data Center,69998200000,6.2.6,https://github.com/dosoos/hashcat_speeds
NetNTLMv1 / NetNTLMv1+ESS,Network Auth,NVIDIA GeForce RTX 3090,NVIDIA,Consumer; Desktop,69935600000,6.2.5-656-gc8350eb55,https://www.onlinehashcrack.com/tools-benchmark-hashcat-gtx-1080-ti-1070-ti-rtx-2080-ti-rtx-3090-3080-4090.php
NetNTLMv1 / NetNTLMv1+ESS,Network Auth,AMD Radeon RX 7900 XTX,AMD,Consumer; Desktop,67640000000,6.2.6,https://docs.google.com/document/d/1q0dhInwifS8yDYQFYe0hTSECvaLE3LSqkR1dRZ-_PtM/edit
NetNTLMv1 / NetNTLMv1+ESS,Network Auth,NVIDIA GeForce RTX 3080 Ti,NVIDIA,Consumer; Desktop,66897100000,6.2.3,https://www.onlinehashcrack.com/tools-benchmark-hashcat-gtx-1080-ti-1070-ti-rtx-2080-ti-rtx-3090-3080-4090.php
NetNTLMv1 / NetNTLMv1+ESS,Network Auth,NVIDIA A100-PCIE-40GB,NVIDIA,Server; Data Center,65625400000,6.1.1,https://github.com/dosoos/hashcat_speeds
NetNTLMv1 / NetNTLMv1+ESS,Network Auth,NVIDIA TITAN RTX,NVIDIA,Consumer; Desktop,60169000000,6.2.6,https://github.com/dosoos/hashcat_speeds
NetNTLMv1 / NetNTLMv1+ESS,Network Auth,NVIDIA GeForce RTX 3080,NVIDIA,Consumer; Desktop,59535100000,6.2.6-424-g3df97954c,https://www.onlinehashcrack.com/tools-benchmark-hashcat-gtx-1080-ti-1070-ti-rtx-2080-ti-rtx-3090-3080-4090.php
NetNTLMv1 / NetNTLMv1+ESS,Network Auth,AMD Radeon RX 6800 XT,AMD,Consumer; Desktop,57946500000,6.1.1-120-g15bf8b730,https://gist.github.com/epixoip/99085955a1145ff61ec83512a50421a7
NetNTLMv1 / NetNTLMv1+ESS,Network Auth,NVIDIA GeForce RTX 4070,NVIDIA,Consumer; Desktop,55575200000,6.2.6,https://github.com/dosoos/hashcat_speeds
NetNTLMv1 / NetNTLMv1+ESS,Network Auth,NVIDIA Tesla V100-SXM2-16GB,NVIDIA,Server; Data Center,53762300000,6.2.6,https://github.com/dosoos/hashcat_speeds
NetNTLMv1 / NetNTLMv1+ESS,Network Auth,NVIDIA GeForce RTX 2080 Ti,NVIDIA,Consumer; Desktop,51894900000,6.2.6,https://www.onlinehashcrack.com/tools-benchmark-hashcat-gtx-1080-ti-1070-ti-rtx-2080-ti-rtx-3090-3080-4090.php
NetNTLMv1 / NetNTLMv1+ESS,Network Auth,NVIDIA RTX A5000,NVIDIA,Professional; Desktop,49912000000,6.2.6,https://www.onlinehashcrack.com/tools-benchmark-hashcat-gtx-1080-ti-1070-ti-rtx-2080-ti-rtx-3090-3080-4090.php
NetNTLMv1 / NetNTLMv1+ESS,Network Auth,NVIDIA CMP 50HX,NVIDIA,Mining; Desktop,44248100000,6.2.6,https://github.com/dosoos/hashcat_speeds
NetNTLMv1 / NetNTLMv1+ESS,Network Auth,NVIDIA GeForce RTX 5060 Ti,NVIDIA,Consumer; Desktop,43841100000,7.1.2,https://github.com/dosoos/hashcat_speeds
NetNTLMv1 / NetNTLMv1+ESS,Network Auth,NVIDIA CMP 90HX,NVIDIA,Mining; Desktop,42792600000,6.2.6,https://github.com/dosoos/hashcat_speeds
NetNTLMv1 / NetNTLMv1+ESS,Network Auth,NVIDIA GeForce GTX 1080 Ti,NVIDIA,Consumer; Desktop,34942800000,6.2.6,https://www.onlinehashcrack.com/tools-benchmark-hashcat-gtx-1080-ti-1070-ti-rtx-2080-ti-rtx-3090-3080-4090.php
NetNTLMv1 / NetNTLMv1+ESS,Network Auth,NVIDIA GeForce RTX 2070 SUPER,NVIDIA,Consumer; Desktop,34529600000,6.2.6,https://www.onlinehashcrack.com/tools-benchmark-hashcat-gtx-1080-ti-1070-ti-rtx-2080-ti-rtx-3090-3080-4090.php
NetNTLMv1 / NetNTLMv1+ESS,Network Auth,AMD Radeon RX Vega 64,AMD,Consumer; Desktop,33234612377,6.0.0,https://hashcat.net/hashcat/
NetNTLMv1 / NetNTLMv1+ESS,Network Auth,NVIDIA GeForce RTX 4060,NVIDIA,Consumer; Desktop,29286300000,6.2.6,https://github.com/dosoos/hashcat_speeds
NetNTLMv1 / NetNTLMv1+ESS,Network Auth,AMD Radeon RX 6600 XT,AMD,Consumer; Desktop,27440800000,6.2.4,https://gist.github.com/soxrok2212/7ebabe2136e48514ad579929af123037
NetNTLMv1 / NetNTLMv1+ESS,Network Auth,NVIDIA Tesla P100-PCIE-16GB,NVIDIA,Server; Data Center,26746600000,6.2.6,https://www.onlinehashcrack.com/tools-benchmark-hashcat-gtx-1080-ti-1070-ti-rtx-2080-ti-rtx-3090-3080-4090.php
NetNTLMv1 / NetNTLMv1+ESS,Network Auth,NVIDIA P102-100,NVIDIA,Mining; Desktop,26466900000,7.1.2,https://github.com/dosoos/hashcat_speeds
NetNTLMv1 / NetNTLMv1+ESS,Network Auth,NVIDIA Tesla T4,NVIDIA,Server; Data Center,20811000000,6.2.6,https://www.onlinehashcrack.com/tools-benchmark-hashcat-gtx-1080-ti-1070-ti-rtx-2080-ti-rtx-3090-3080-4090.php
NetNTLMv1 / NetNTLMv1+ESS,Network Auth,NVIDIA GeForce GTX 1070,NVIDIA,Consumer; Desktop,18618200000,6.2.5-620-g31758f09a,https://github.com/dosoos/hashcat_speeds
NetNTLMv1 / NetNTLMv1+ESS,Network Auth,Apple M1 Ultra,Apple,Integrated; SoC; Desktop,17342600000,6.2.5-340-g98b89e43d,https://gist.github.com/fhlip0
NetNTLMv1 / NetNTLMv1+ESS,Network Auth,NVIDIA P104-100,NVIDIA,Mining; Desktop,17003300000,6.2.6,https://github.com/dosoos/hashcat_speeds
NetNTLMv1 / NetNTLMv1+ESS,Network Auth,Apple M3 Pro,Apple,Integrated; SoC; Mobile,7417100000,6.2.6-827-g46ce637d3,https://gist.github.com/Chick3nman/fdf7f9ddcc0a65f6725aefede99ada4e
NetNTLMv1 / NetNTLMv1+ESS,Network Auth,Intel UHD 730,Intel,Integrated; iGPU; Desktop,966900000,6.2.6,https://github.com/dosoos/hashcat_speeds
NetNTLMv1 / NetNTLMv1+ESS,Network Auth,NVIDIA Tegra X1,NVIDIA,Embedded; SoC,888100000,6.2.6,https://hashcat.net/forum/printthread.php?tid=11520
NetNTLMv2,Network Auth,NVIDIA GeForce RTX 5090,NVIDIA,Consumer; Desktop,15937900000,6.2.6-1087-gd3983edaf,https://www.onlinehashcrack.com/tools-benchmark-hashcat-gtx-1080-ti-1070-ti-rtx-2080-ti-rtx-3090-3080-4090.php
NetNTLMv2,Network Auth,NVIDIA GeForce RTX 4090,NVIDIA,Consumer; Desktop,11764800000,6.2.6,https://github.com/dosoos/hashcat_speeds
NetNTLMv2,Network Auth,NVIDIA H100 SXM5 80GB,NVIDIA,Server; Data Center,9677500000,6.2.6,https://www.onlinehashcrack.com/tools-benchmark-hashcat-gtx-1080-ti-1070-ti-rtx-2080-ti-rtx-3090-3080-4090.php
NetNTLMv2,Network Auth,NVIDIA RTX 6000 Ada Generation,NVIDIA,Professional; Desktop,9522700000,6.2.6,https://github.com/dosoos/hashcat_speeds
NetNTLMv2,Network Auth,NVIDIA GeForce RTX 5080,NVIDIA,Consumer; Desktop,7446800000,6.2.6,https://github.com/dosoos/hashcat_speeds
NetNTLMv2,Network Auth,NVIDIA GeForce RTX 4080,NVIDIA,Consumer; Desktop,7065200000,6.2.6-325-gea6173b30,https://github.com/dosoos/hashcat_speeds
NetNTLMv2,Network Auth,NVIDIA GeForce RTX 4080 SUPER,NVIDIA,Consumer; Desktop,7050100000,6.2.6,https://hashcat.net/forum/printthread.php?tid=11520
NetNTLMv2,Network Auth,NVIDIA H100 PCIe,NVIDIA,Server; Data Center,6572200000,6.2.6-514-gbf1d7d078,https://github.com/dosoos/hashcat_speeds
NetNTLMv2,Network Auth,NVIDIA GeForce RTX 5070 Ti,NVIDIA,Consumer; Desktop,6453600000,6.2.6,https://github.com/dosoos/hashcat_speeds
NetNTLMv2,Network Auth,NVIDIA GeForce RTX 3090 Ti,NVIDIA,Consumer; Desktop,5650100000,6.2.6-424-g3df97954c,https://www.onlinehashcrack.com/tools-benchmark-hashcat-gtx-1080-ti-1070-ti-rtx-2080-ti-rtx-3090-3080-4090.php
NetNTLMv2,Network Auth,AMD Radeon RX 7900 XTX,AMD,Consumer; Desktop,5209000000,6.2.6,https://docs.google.com/document/d/1q0dhInwifS8yDYQFYe0hTSECvaLE3LSqkR1dRZ-_PtM/edit
NetNTLMv2,Network Auth,NVIDIA A800 80GB PCIe,NVIDIA,Server; Data Center,5077800000,6.2.6,https://github.com/dosoos/hashcat_speeds
NetNTLMv2,Network Auth,NVIDIA GeForce RTX 3090,NVIDIA,Consumer; Desktop,5061400000,6.2.5-656-gc8350eb55,https://www.onlinehashcrack.com/tools-benchmark-hashcat-gtx-1080-ti-1070-ti-rtx-2080-ti-rtx-3090-3080-4090.php
NetNTLMv2,Network Auth,NVIDIA A100-SXM4-40GB,NVIDIA,Server; Data Center,4997700000,6.2.3,https://www.onlinehashcrack.com/tools-benchmark-hashcat-gtx-1080-ti-1070-ti-rtx-2080-ti-rtx-3090-3080-4090.php
NetNTLMv2,Network Auth,NVIDIA A100-PCIE-40GB,NVIDIA,Server; Data Center,4851400000,6.1.1,https://github.com/dosoos/hashcat_speeds
NetNTLMv2,Network Auth,NVIDIA GeForce RTX 3080 Ti,NVIDIA,Consumer; Desktop,4730700000,6.2.3,https://www.onlinehashcrack.com/tools-benchmark-hashcat-gtx-1080-ti-1070-ti-rtx-2080-ti-rtx-3090-3080-4090.php
NetNTLMv2,Network Auth,NVIDIA TITAN RTX,NVIDIA,Consumer; Desktop,4335000000,6.2.6,https://github.com/dosoos/hashcat_speeds
NetNTLMv2,Network Auth,NVIDIA GeForce RTX 3080,NVIDIA,Consumer; Desktop,4324100000,6.2.6-424-g3df97954c,https://www.onlinehashcrack.com/tools-benchmark-hashcat-gtx-1080-ti-1070-ti-rtx-2080-ti-rtx-3090-3080-4090.php
NetNTLMv2,Network Auth,NVIDIA GeForce RTX 4070,NVIDIA,Consumer; Desktop,4120200000,6.2.6,https://github.com/dosoos/hashcat_speeds
NetNTLMv2,Network Auth,NVIDIA Tesla V100-SXM2-16GB,NVIDIA,Server; Data Center,3775200000,6.2.6,https://github.com/dosoos/hashcat_speeds
NetNTLMv2,Network Auth,NVIDIA GeForce RTX 2080 Ti,NVIDIA,Consumer; Desktop,3650000000,6.2.6,https://www.onlinehashcrack.com/tools-benchmark-hashcat-gtx-1080-ti-1070-ti-rtx-2080-ti-rtx-3090-3080-4090.php
NetNTLMv2,Network Auth,NVIDIA RTX A5000,NVIDIA,Professional; Desktop,3607700000,6.2.6,https://www.onlinehashcrack.com/tools-benchmark-hashcat-gtx-1080-ti-1070-ti-rtx-2080-ti-rtx-3090-3080-4090.php
NetNTLMv2,Network Auth,AMD Radeon RX 6800 XT,AMD,Consumer; Desktop,3558500000,6.1.1-120-g15bf8b730,https://gist.github.com/epixoip/99085955a1145ff61ec83512a50421a7
NetNTLMv2,Network Auth,NVIDIA GeForce RTX 5060 Ti,NVIDIA,Consumer; Desktop,3414900000,7.1.2,https://github.com/dosoos/hashcat_speeds
NetNTLMv2,Network Auth,NVIDIA CMP 50HX,NVIDIA,Mining; Desktop,3163100000,6.2.6,https://github.com/dosoos/hashcat_speeds
NetNTLMv2,Network Auth,NVIDIA CMP 90HX,NVIDIA,Mining; Desktop,3073100000,6.2.6,https://github.com/dosoos/hashcat_speeds
NetNTLMv2,Network Auth,NVIDIA GeForce GTX 1080 Ti,NVIDIA,Consumer; Desktop,2489500000,6.2.6,https://www.onlinehashcrack.com/tools-benchmark-hashcat-gtx-1080-ti-1070-ti-rtx-2080-ti-rtx-3090-3080-4090.php
NetNTLMv2,Network Auth,NVIDIA GeForce RTX 2070 SUPER,NVIDIA,Consumer; Desktop,2442000000,6.2.6,https://www.onlinehashcrack.com/tools-benchmark-hashcat-gtx-1080-ti-1070-ti-rtx-2080-ti-rtx-3090-3080-4090.php
NetNTLMv2,Network Auth,NVIDIA P102-100,NVIDIA,Mining; Desktop,2244700000,7.1.2,https://github.com/dosoos/hashcat_speeds
NetNTLMv2,Network Auth,NVIDIA GeForce RTX 4060,NVIDIA,Consumer; Desktop,2164200000,6.2.6,https://github.com/dosoos/hashcat_speeds
NetNTLMv2,Network Auth,AMD Radeon RX Vega 64,AMD,Consumer; Desktop,2128388521,6.0.0,https://hashcat.net/hashcat/
NetNTLMv2,Network Auth,NVIDIA Tesla P100-PCIE-16GB,NVIDIA,Server; Data Center,1831700000,6.2.6,https://www.onlinehashcrack.com/tools-benchmark-hashcat-gtx-1080-ti-1070-ti-rtx-2080-ti-rtx-3090-3080-4090.php
NetNTLMv2,Network Auth,AMD Radeon RX 6600 XT,AMD,Consumer; Desktop,1702900000,6.2.4,https://gist.github.com/soxrok2212/7ebabe2136e48514ad579929af123037
NetNTLMv2,Network Auth,NVIDIA Tesla T4,NVIDIA,Server; Data Center,1490600000,6.2.6,https://www.onlinehashcrack.com/tools-benchmark-hashcat-gtx-1080-ti-1070-ti-rtx-2080-ti-rtx-3090-3080-4090.php
NetNTLMv2,Network Auth,Apple M1 Ultra,Apple,Integrated; SoC; Desktop,1204800000,6.2.5-340-g98b89e43d,https://gist.github.com/fhlip0
NetNTLMv2,Network Auth,NVIDIA GeForce GTX 1070,NVIDIA,Consumer; Desktop,1191400000,6.2.5-620-g31758f09a,https://github.com/dosoos/hashcat_speeds
NetNTLMv2,Network Auth,NVIDIA P104-100,NVIDIA,Mining; Desktop,1179200000,6.2.6,https://github.com/dosoos/hashcat_speeds
NetNTLMv2,Network Auth,Apple M3 Pro,Apple,Integrated; SoC; Mobile,500400000,6.2.6-827-g46ce637d3,https://gist.github.com/Chick3nman/fdf7f9ddcc0a65f6725aefede99ada4e
NetNTLMv2,Network Auth,NVIDIA Tegra X1,NVIDIA,Embedded; SoC,67675800,6.2.6,https://hashcat.net/forum/printthread.php?tid=11520
NetNTLMv2,Network Auth,Intel UHD 730,Intel,Integrated; iGPU; Desktop,59717900,6.2.6,https://github.com/dosoos/hashcat_speeds
PDF 1.4 - 1.6 (Acrobat 5 - 8),Document,NVIDIA GeForce RTX 5090,NVIDIA,Consumer; Desktop,166400000,6.2.6-851-g6716447df,https://github.com/dosoos/hashcat_speeds
PDF 1.4 - 1.6 (Acrobat 5 - 8),Document,NVIDIA H100 PCIe,NVIDIA,Server; Data Center,134700000,6.2.6-514-gbf1d7d078,https://github.com/dosoos/hashcat_speeds
PDF 1.4 - 1.6 (Acrobat 5 - 8),Document,NVIDIA RTX 6000 Ada Generation,NVIDIA,Professional; Desktop,131400000,6.2.6,https://github.com/dosoos/hashcat_speeds
PDF 1.4 - 1.6 (Acrobat 5 - 8),Document,NVIDIA GeForce RTX 4090,NVIDIA,Consumer; Desktop,122000000,6.2.6,https://github.com/dosoos/hashcat_speeds
PDF 1.4 - 1.6 (Acrobat 5 - 8),Document,NVIDIA GeForce RTX 4080,NVIDIA,Consumer; Desktop,77442500,6.2.6-325-gea6173b30,https://github.com/dosoos/hashcat_speeds
PDF 1.4 - 1.6 (Acrobat 5 - 8),Document,NVIDIA A100-PCIE-40GB,NVIDIA,Server; Data Center,76803800,6.1.1,https://github.com/dosoos/hashcat_speeds
PDF 1.4 - 1.6 (Acrobat 5 - 8),Document,NVIDIA GeForce RTX 3080 Ti,NVIDIA,Consumer; Desktop,68094700,6.2.3,https://www.onlinehashcrack.com/tools-benchmark-hashcat-gtx-1080-ti-1070-ti-rtx-2080-ti-rtx-3090-3080-4090.php
PDF 1.4 - 1.6 (Acrobat 5 - 8),Document,NVIDIA GeForce RTX 3090,NVIDIA,Consumer; Desktop,62877400,6.2.5-656-gc8350eb55,https://www.onlinehashcrack.com/tools-benchmark-hashcat-gtx-1080-ti-1070-ti-rtx-2080-ti-rtx-3090-3080-4090.php
PDF 1.4 - 1.6 (Acrobat 5 - 8),Document,AMD Radeon RX 7900 XTX,AMD,Consumer; Desktop,59480600,6.2.6,https://docs.google.com/document/d/1q0dhInwifS8yDYQFYe0hTSECvaLE3LSqkR1dRZ-_PtM/edit
PDF 1.4 - 1.6 (Acrobat 5 - 8),Document,NVIDIA GeForce RTX 3090 Ti,NVIDIA,Consumer; Desktop,59032100,6.2.6-424-g3df97954c,https://www.onlinehashcrack.com/tools-benchmark-hashcat-gtx-1080-ti-1070-ti-rtx-2080-ti-rtx-3090-3080-4090.php
PDF 1.4 - 1.6 (Acrobat 5 - 8),Document,NVIDIA GeForce RTX 5060 Ti,NVIDIA,Consumer; Desktop,50444300,7.1.2,https://github.com/dosoos/hashcat_speeds
PDF 1.4 - 1.6 (Acrobat 5 - 8),Document,NVIDIA GeForce RTX 3080,NVIDIA,Consumer; Desktop,47190600,6.2.6-424-g3df97954c,https://www.onlinehashcrack.com/tools-benchmark-hashcat-gtx-1080-ti-1070-ti-rtx-2080-ti-rtx-3090-3080-4090.php
PDF 1.4 - 1.6 (Acrobat 5 - 8),Document,AMD Radeon RX 6800 XT,AMD,Consumer; Desktop,44480700,6.1.1-120-g15bf8b730,https://gist.github.com/epixoip/99085955a1145ff61ec83512a50421a7
PDF 1.4 - 1.6 (Acrobat 5 - 8),Document,NVIDIA TITAN RTX,NVIDIA,Consumer; Desktop,36335100,6.2.6,https://github.com/dosoos/hashcat_speeds
PDF 1.4 - 1.6 (Acrobat 5 - 8),Document,NVIDIA GeForce RTX 2080 Ti,NVIDIA,Consumer; Desktop,35411500,6.2.6,https://www.onlinehashcrack.com/tools-benchmark-hashcat-gtx-1080-ti-1070-ti-rtx-2080-ti-rtx-3090-3080-4090.php
PDF 1.4 - 1.6 (Acrobat 5 - 8),Document,NVIDIA Tesla V100-SXM2-16GB,NVIDIA,Server; Data Center,34577100,6.2.6,https://github.com/dosoos/hashcat_speeds
PDF 1.4 - 1.6 (Acrobat 5 - 8),Document,NVIDIA P102-100,NVIDIA,Mining; Desktop,25404000,7.1.2,https://github.com/dosoos/hashcat_speeds
PDF 1.4 - 1.6 (Acrobat 5 - 8),Document,NVIDIA GeForce GTX 1080 Ti,NVIDIA,Consumer; Desktop,24886500,6.2.6,https://www.onlinehashcrack.com/tools-benchmark-hashcat-gtx-1080-ti-1070-ti-rtx-2080-ti-rtx-3090-3080-4090.php
PDF 1.4 - 1.6 (Acrobat 5 - 8),Document,AMD Radeon RX 6600 XT,AMD,Consumer; Desktop,22962800,6.2.4,https://gist.github.com/soxrok2212/7ebabe2136e48514ad579929af123037
PDF 1.4 - 1.6 (Acrobat 5 - 8),Document,NVIDIA GeForce RTX 2070 SUPER,NVIDIA,Consumer; Desktop,22005100,6.2.6,https://www.onlinehashcrack.com/tools-benchmark-hashcat-gtx-1080-ti-1070-ti-rtx-2080-ti-rtx-3090-3080-4090.php
PDF 1.4 - 1.6 (Acrobat 5 - 8),Document,NVIDIA Tesla P100-PCIE-16GB,NVIDIA,Server; Data Center,21678000,6.2.6,https://www.onlinehashcrack.com/tools-benchmark-hashcat-gtx-1080-ti-1070-ti-rtx-2080-ti-rtx-3090-3080-4090.php
PDF 1.4 - 1.6 (Acrobat 5 - 8),Document,AMD Radeon RX Vega 64,AMD,Consumer; Desktop,20058259,6.0.0,https://hashcat.net/hashcat/
PDF 1.4 - 1.6 (Acrobat 5 - 8),Document,Apple M1 Ultra,Apple,Integrated; SoC; Desktop,16784700,6.2.5-340-g98b89e43d,https://gist.github.com/fhlip0
PDF 1.4 - 1.6 (Acrobat 5 - 8),Document,NVIDIA Tesla T4,NVIDIA,Server; Data Center,16408800,6.2.6,https://www.onlinehashcrack.com/tools-benchmark-hashcat-gtx-1080-ti-1070-ti-rtx-2080-ti-rtx-3090-3080-4090.php
PDF 1.4 - 1.6 (Acrobat 5 - 8),Document,Apple M3 Pro,Apple,Integrated; SoC; Mobile,5028800,6.2.6-827-g46ce637d3,https://gist.github.com/Chick3nman/fdf7f9ddcc0a65f6725aefede99ada4e
PDF 1.4 - 1.6 (Acrobat 5 - 8),Document,NVIDIA Tegra X1,NVIDIA,Embedded; SoC,535300,6.2.6,https://hashcat.net/forum/printthread.php?tid=11520
PDF 1.7 Level 3 (Acrobat 9),Document,NVIDIA GeForce RTX 5090,NVIDIA,Consumer; Desktop,28524900000,6.2.6-851-g6716447df,https://github.com/dosoos/hashcat_speeds
PDF 1.7 Level 3 (Acrobat 9),Document,NVIDIA GeForce RTX 4090,NVIDIA,Consumer; Desktop,22058300000,6.2.6,https://github.com/dosoos/hashcat_speeds
PDF 1.7 Level 3 (Acrobat 9),Document,NVIDIA RTX 6000 Ada Generation,NVIDIA,Professional; Desktop,19240500000,6.2.6,https://github.com/dosoos/hashcat_speeds
PDF 1.7 Level 3 (Acrobat 9),Document,NVIDIA GeForce RTX 4080,NVIDIA,Consumer; Desktop,13102900000,6.2.6-325-gea6173b30,https://github.com/dosoos/hashcat_speeds
PDF 1.7 Level 3 (Acrobat 9),Document,AMD Radeon RX 7900 XTX,AMD,Consumer; Desktop,12649200000,6.2.6,https://docs.google.com/document/d/1q0dhInwifS8yDYQFYe0hTSECvaLE3LSqkR1dRZ-_PtM/edit
PDF 1.7 Level 3 (Acrobat 9),Document,NVIDIA H100 PCIe,NVIDIA,Server; Data Center,12187500000,6.2.6-514-gbf1d7d078,https://github.com/dosoos/hashcat_speeds
PDF 1.7 Level 3 (Acrobat 9),Document,NVIDIA GeForce RTX 3090 Ti,NVIDIA,Consumer; Desktop,10646300000,6.2.6-424-g3df97954c,https://www.onlinehashcrack.com/tools-benchmark-hashcat-gtx-1080-ti-1070-ti-rtx-2080-ti-rtx-3090-3080-4090.php
PDF 1.7 Level 3 (Acrobat 9),Document,NVIDIA GeForce RTX 3090,NVIDIA,Consumer; Desktop,9633200000,6.2.5-656-gc8350eb55,https://www.onlinehashcrack.com/tools-benchmark-hashcat-gtx-1080-ti-1070-ti-rtx-2080-ti-rtx-3090-3080-4090.php
PDF 1.7 Level 3 (Acrobat 9),Document,NVIDIA A100-PCIE-40GB,NVIDIA,Server; Data Center,9420600000,6.1.1,https://github.com/dosoos/hashcat_speeds
PDF 1.7 Level 3 (Acrobat 9),Document,NVIDIA GeForce RTX 3080 Ti,NVIDIA,Consumer; Desktop,9206000000,6.2.3,https://www.onlinehashcrack.com/tools-benchmark-hashcat-gtx-1080-ti-1070-ti-rtx-2080-ti-rtx-3090-3080-4090.php
PDF 1.7 Level 3 (Acrobat 9),Document,AMD Radeon RX 6800 XT,AMD,Consumer; Desktop,8837000000,6.1.1-120-g15bf8b730,https://gist.github.com/epixoip/99085955a1145ff61ec83512a50421a7
PDF 1.7 Level 3 (Acrobat 9),Document,NVIDIA TITAN RTX,NVIDIA,Consumer; Desktop,8742500000,6.2.6,https://github.com/dosoos/hashcat_speeds
PDF 1.7 Level 3 (Acrobat 9),Document,NVIDIA GeForce RTX 3080,NVIDIA,Consumer; Desktop,8207200000,6.2.6-424-g3df97954c,https://www.onlinehashcrack.com/tools-benchmark-hashcat-gtx-1080-ti-1070-ti-rtx-2080-ti-rtx-3090-3080-4090.php
PDF 1.7 Level 3 (Acrobat 9),Document,NVIDIA Tesla V100-SXM2-16GB,NVIDIA,Server; Data Center,7643800000,6.2.6,https://github.com/dosoos/hashcat_speeds
PDF 1.7 Level 3 (Acrobat 9),Document,NVIDIA GeForce RTX 2080 Ti,NVIDIA,Consumer; Desktop,7259900000,6.2.6,https://www.onlinehashcrack.com/tools-benchmark-hashcat-gtx-1080-ti-1070-ti-rtx-2080-ti-rtx-3090-3080-4090.php
PDF 1.7 Level 3 (Acrobat 9),Document,NVIDIA GeForce RTX 5060 Ti,NVIDIA,Consumer; Desktop,5735500000,7.1.2,https://github.com/dosoos/hashcat_speeds
PDF 1.7 Level 3 (Acrobat 9),Document,NVIDIA GeForce RTX 2070 SUPER,NVIDIA,Consumer; Desktop,4867900000,6.2.6,https://www.onlinehashcrack.com/tools-benchmark-hashcat-gtx-1080-ti-1070-ti-rtx-2080-ti-rtx-3090-3080-4090.php
PDF 1.7 Level 3 (Acrobat 9),Document,NVIDIA GeForce GTX 1080 Ti,NVIDIA,Consumer; Desktop,4464300000,6.2.6,https://www.onlinehashcrack.com/tools-benchmark-hashcat-gtx-1080-ti-1070-ti-rtx-2080-ti-rtx-3090-3080-4090.php
PDF 1.7 Level 3 (Acrobat 9),Document,AMD Radeon RX 6600 XT,AMD,Consumer; Desktop,4226800000,6.2.4,https://gist.github.com/soxrok2212/7ebabe2136e48514ad579929af123037
PDF 1.7 Level 3 (Acrobat 9),Document,NVIDIA P102-100,NVIDIA,Mining; Desktop,3827400000,7.1.2,https://github.com/dosoos/hashcat_speeds
PDF 1.7 Level 3 (Acrobat 9),Document,NVIDIA Tesla P100-PCIE-16GB,NVIDIA,Server; Data Center,3305900000,6.2.6,https://www.onlinehashcrack.com/tools-benchmark-hashcat-gtx-1080-ti-1070-ti-rtx-2080-ti-rtx-3090-3080-4090.php
PDF 1.7 Level 3 (Acrobat 9),Document,NVIDIA Tesla T4,NVIDIA,Server; Data Center,3014900000,6.2.6,https://www.onlinehashcrack.com/tools-benchmark-hashcat-gtx-1080-ti-1070-ti-rtx-2080-ti-rtx-3090-3080-4090.php
PDF 1.7 Level 3 (Acrobat 9),Document,Apple M1 Ultra,Apple,Integrated; SoC; Desktop,1819800000,6.2.5-340-g98b89e43d,https://gist.github.com/fhlip0
PDF 1.7 Level 3 (Acrobat 9),Document,Apple M3 Pro,Apple,Integrated; SoC; Mobile,1083000000,6.2.6-827-g46ce637d3,https://gist.github.com/Chick3nman/fdf7f9ddcc0a65f6725aefede99ada4e
PDF 1.7 Level 3 (Acrobat 9),Document,NVIDIA Tegra X1,NVIDIA,Embedded; SoC,121000000,6.2.6,https://hashcat.net/forum/printthread.php?tid=11520
RAR5,Archive,NVIDIA GeForce RTX 5090,NVIDIA,Consumer; Desktop,354400,6.2.6-1087-gd3983edaf,https://www.onlinehashcrack.com/tools-benchmark-hashcat-gtx-1080-ti-1070-ti-rtx-2080-ti-rtx-3090-3080-4090.php
RAR5,Archive,NVIDIA GeForce RTX 4090,NVIDIA,Consumer; Desktop,280400,6.2.6,https://github.com/dosoos/hashcat_speeds
RAR5,Archive,NVIDIA RTX 6000 Ada Generation,NVIDIA,Professional; Desktop,243900,6.2.6,https://github.com/dosoos/hashcat_speeds
RAR5,Archive,NVIDIA H100 SXM5 80GB,NVIDIA,Server; Data Center,201800,6.2.6,https://www.onlinehashcrack.com/tools-benchmark-hashcat-gtx-1080-ti-1070-ti-rtx-2080-ti-rtx-3090-3080-4090.php
RAR5,Archive,NVIDIA GeForce RTX 4080,NVIDIA,Consumer; Desktop,167400,6.2.6-325-gea6173b30,https://github.com/dosoos/hashcat_speeds
RAR5,Archive,NVIDIA GeForce RTX 5080,NVIDIA,Consumer; Desktop,166300,6.2.6,https://github.com/dosoos/hashcat_speeds
RAR5,Archive,NVIDIA GeForce RTX 4080 SUPER,NVIDIA,Consumer; Desktop,164500,6.2.6,https://hashcat.net/forum/printthread.php?tid=11520
RAR5,Archive,NVIDIA H100 PCIe,NVIDIA,Server; Data Center,151500,6.2.6-514-gbf1d7d078,https://github.com/dosoos/hashcat_speeds
RAR5,Archive,NVIDIA GeForce RTX 5070 Ti,NVIDIA,Consumer; Desktop,143000,6.2.6,https://github.com/dosoos/hashcat_speeds
RAR5,Archive,NVIDIA GeForce RTX 3090 Ti,NVIDIA,Consumer; Desktop,134800,6.2.6-424-g3df97954c,https://www.onlinehashcrack.com/tools-benchmark-hashcat-gtx-1080-ti-1070-ti-rtx-2080-ti-rtx-3090-3080-4090.php
RAR5,Archive,NVIDIA GeForce RTX 3090,NVIDIA,Consumer; Desktop,121900,6.2.5-656-gc8350eb55,https://www.onlinehashcrack.com/tools-benchmark-hashcat-gtx-1080-ti-1070-ti-rtx-2080-ti-rtx-3090-3080-4090.php
RAR5,Archive,NVIDIA A800 80GB PCIe,NVIDIA,Server; Data Center,120500,6.2.6,https://github.com/dosoos/hashcat_speeds
RAR5,Archive,NVIDIA A100-SXM4-40GB,NVIDIA,Server; Data Center,120000,6.2.3,https://www.onlinehashcrack.com/tools-benchmark-hashcat-gtx-1080-ti-1070-ti-rtx-2080-ti-rtx-3090-3080-4090.php
RAR5,Archive,NVIDIA A100-PCIE-40GB,NVIDIA,Server; Data Center,117900,6.1.1,https://github.com/dosoos/hashcat_speeds
RAR5,Archive,NVIDIA GeForce RTX 3080 Ti,NVIDIA,Consumer; Desktop,116500,6.2.3,https://www.onlinehashcrack.com/tools-benchmark-hashcat-gtx-1080-ti-1070-ti-rtx-2080-ti-rtx-3090-3080-4090.php
RAR5,Archive,AMD Radeon RX 6800 XT,AMD,Consumer; Desktop,112200,6.1.1-120-g15bf8b730,https://gist.github.com/epixoip/99085955a1145ff61ec83512a50421a7
RAR5,Archive,NVIDIA GeForce RTX 3080,NVIDIA,Consumer; Desktop,103600,6.2.6-424-g3df97954c,https://www.onlinehashcrack.com/tools-benchmark-hashcat-gtx-1080-ti-1070-ti-rtx-2080-ti-rtx-3090-3080-4090.php
RAR5,Archive,NVIDIA TITAN RTX,NVIDIA,Consumer; Desktop,101100,6.2.6,https://github.com/dosoos/hashcat_speeds
RAR5,Archive,NVIDIA GeForce RTX 4070,NVIDIA,Consumer; Desktop,97023,6.2.6,https://github.com/dosoos/hashcat_speeds
RAR5,Archive,NVIDIA Tesla V100-SXM2-16GB,NVIDIA,Server; Data Center,91717,6.2.6,https://github.com/dosoos/hashcat_speeds
RAR5,Archive,NVIDIA GeForce RTX 2080 Ti,NVIDIA,Consumer; Desktop,89410,6.2.6,https://www.onlinehashcrack.com/tools-benchmark-hashcat-gtx-1080-ti-1070-ti-rtx-2080-ti-rtx-3090-3080-4090.php
RAR5,Archive,NVIDIA RTX A5000,NVIDIA,Professional; Desktop,87534,6.2.6,https://www.onlinehashcrack.com/tools-benchmark-hashcat-gtx-1080-ti-1070-ti-rtx-2080-ti-rtx-3090-3080-4090.php
RAR5,Archive,NVIDIA CMP 50HX,NVIDIA,Mining; Desktop,76299,6.2.6,https://github.com/dosoos/hashcat_speeds
RAR5,Archive,NVIDIA GeForce RTX 5060 Ti,NVIDIA,Consumer; Desktop,75180,7.1.2,https://github.com/dosoos/hashcat_speeds
RAR5,Archive,NVIDIA CMP 90HX,NVIDIA,Mining; Desktop,75047,6.2.6,https://github.com/dosoos/hashcat_speeds
RAR5,Archive,AMD Radeon RX Vega 64,AMD,Consumer; Desktop,57287,6.0.0,https://hashcat.net/hashcat/
RAR5,Archive,NVIDIA GeForce GTX 1080 Ti,NVIDIA,Consumer; Desktop,54846,6.2.6,https://www.onlinehashcrack.com/tools-benchmark-hashcat-gtx-1080-ti-1070-ti-rtx-2080-ti-rtx-3090-3080-4090.php
RAR5,Archive,AMD Radeon RX 6600 XT,AMD,Consumer; Desktop,53689,6.2.4,https://gist.github.com/soxrok2212/7ebabe2136e48514ad579929af123037
RAR5,Archive,NVIDIA GeForce RTX 2070 SUPER,NVIDIA,Consumer; Desktop,53404,6.2.6,https://www.onlinehashcrack.com/tools-benchmark-hashcat-gtx-1080-ti-1070-ti-rtx-2080-ti-rtx-3090-3080-4090.php
RAR5,Archive,NVIDIA GeForce RTX 4060,NVIDIA,Consumer; Desktop,50323,6.2.6,https://github.com/dosoos/hashcat_speeds
RAR5,Archive,NVIDIA P102-100,NVIDIA,Mining; Desktop,48672,7.1.2,https://github.com/dosoos/hashcat_speeds
RAR5,Archive,NVIDIA Tesla P100-PCIE-16GB,NVIDIA,Server; Data Center,39325,6.2.6,https://www.onlinehashcrack.com/tools-benchmark-hashcat-gtx-1080-ti-1070-ti-rtx-2080-ti-rtx-3090-3080-4090.php
RAR5,Archive,NVIDIA Tesla T4,NVIDIA,Server; Data Center,32672,6.2.6,https://www.onlinehashcrack.com/tools-benchmark-hashcat-gtx-1080-ti-1070-ti-rtx-2080-ti-rtx-3090-3080-4090.php
RAR5,Archive,NVIDIA GeForce GTX 1070,NVIDIA,Consumer; Desktop,29593,6.2.5-620-g31758f09a,https://github.com/dosoos/hashcat_speeds
RAR5,Archive,NVIDIA P104-100,NVIDIA,Mining; Desktop,29233,6.2.6,https://github.com/dosoos/hashcat_speeds
RAR5,Archive,Apple M1 Ultra,Apple,Integrated; SoC; Desktop,21463,6.2.5-340-g98b89e43d,https://gist.github.com/fhlip0
RAR5,Archive,Apple M3 Pro,Apple,Integrated; SoC; Mobile,13550,6.2.6-827-g46ce637d3,https://gist.github.com/Chick3nman/fdf7f9ddcc0a65f6725aefede99ada4e
RAR5,Archive,Intel UHD 730,Intel,Integrated; iGPU; Desktop,1975,6.2.6,https://github.com/dosoos/hashcat_speeds
RAR5,Archive,NVIDIA Tegra X1,NVIDIA,Embedded; SoC,1495,6.2.6,https://hashcat.net/forum/printthread.php?tid=11520
SHA-256,Raw Hash,NVIDIA RTX PRO 6000 Blackwell Workstation Edition,NVIDIA,Professional; Desktop,32543823810,7.1.2,https://openbenchmarking.org/test/pts/hashcat
SHA-256,Raw Hash,NVIDIA GeForce RTX 5090,NVIDIA,Consumer; Desktop,27874522222,7.0,https://openbenchmarking.org/test/pts/hashcat
SHA-256,Raw Hash,NVIDIA RTX PRO 6000 Blackwell Max-Q Workstation Edition,NVIDIA,Professional; Mobile,23566580476,7.1.2,https://openbenchmarking.org/test/pts/hashcat
SHA-256,Raw Hash,NVIDIA GeForce RTX 4090,NVIDIA,Consumer; Desktop,20921975000,7.0,https://openbenchmarking.org/test/pts/hashcat
SHA-256,Raw Hash,NVIDIA RTX 6000 Ada Generation,NVIDIA,Professional; Desktop,17652276364,7.1.2,https://openbenchmarking.org/test/pts/hashcat
SHA-256,Raw Hash,NVIDIA RTX PRO 5000 Blackwell,NVIDIA,Professional; Desktop,16719627778,7.1.2,https://openbenchmarking.org/test/pts/hashcat
SHA-256,Raw Hash,NVIDIA H100 SXM5 80GB,NVIDIA,Server; Data Center,16552200000,6.2.6,https://www.onlinehashcrack.com/tools-benchmark-hashcat-gtx-1080-ti-1070-ti-rtx-2080-ti-rtx-3090-3080-4090.php
SHA-256,Raw Hash,NVIDIA GeForce RTX 5080,NVIDIA,Consumer; Desktop,13443700000,7.1.2,https://openbenchmarking.org/test/pts/hashcat
SHA-256,Raw Hash,NVIDIA GeForce RTX 4080,NVIDIA,Consumer; Desktop,13075800000,6.2.6-325-gea6173b30,https://github.com/dosoos/hashcat_speeds
SHA-256,Raw Hash,NVIDIA GeForce RTX 4080 SUPER,NVIDIA,Consumer; Desktop,12895300000,6.2.6,https://hashcat.net/forum/printthread.php?tid=11520
SHA-256,Raw Hash,NVIDIA RTX PRO 4500 Blackwell,NVIDIA,Professional; Desktop,12668975000,7.1.2,https://openbenchmarking.org/test/pts/hashcat
SHA-256,Raw Hash,AMD Radeon RX 7900 XTX,AMD,Consumer; Desktop,12657800000,6.2.6,https://docs.google.com/document/d/1q0dhInwifS8yDYQFYe0hTSECvaLE3LSqkR1dRZ-_PtM/edit
SHA-256,Raw Hash,NVIDIA H100 PCIe,NVIDIA,Server; Data Center,12200400000,6.2.6-514-gbf1d7d078,https://github.com/dosoos/hashcat_speeds
SHA-256,Raw Hash,NVIDIA GeForce RTX 5070 Ti,NVIDIA,Consumer; Desktop,11444100000,6.2.6,https://github.com/dosoos/hashcat_speeds
SHA-256,Raw Hash,AMD Radeon PRO W7900,AMD,Professional; Desktop,11071786000,7.1.2,https://openbenchmarking.org/test/pts/hashcat
SHA-256,Raw Hash,NVIDIA GeForce RTX 3090 Ti,NVIDIA,Consumer; Desktop,10689800000,6.2.6-424-g3df97954c,https://www.onlinehashcrack.com/tools-benchmark-hashcat-gtx-1080-ti-1070-ti-rtx-2080-ti-rtx-3090-3080-4090.php
SHA-256,Raw Hash,NVIDIA GeForce RTX 3090,NVIDIA,Consumer; Desktop,9608000000,6.2.5-656-gc8350eb55,https://www.onlinehashcrack.com/tools-benchmark-hashcat-gtx-1080-ti-1070-ti-rtx-2080-ti-rtx-3090-3080-4090.php
SHA-256,Raw Hash,NVIDIA A100-SXM4-40GB,NVIDIA,Server; Data Center,9547800000,6.2.3,https://www.onlinehashcrack.com/tools-benchmark-hashcat-gtx-1080-ti-1070-ti-rtx-2080-ti-rtx-3090-3080-4090.php
SHA-256,Raw Hash,NVIDIA A800 80GB PCIe,NVIDIA,Server; Data Center,9542200000,6.2.6,https://github.com/dosoos/hashcat_speeds
SHA-256,Raw Hash,NVIDIA RTX PRO 4000 Blackwell,NVIDIA,Professional; Desktop,9502551667,7.1.2,https://openbenchmarking.org/test/pts/hashcat
SHA-256,Raw Hash,NVIDIA A100-PCIE-40GB,NVIDIA,Server; Data Center,9409100000,6.1.1,https://github.com/dosoos/hashcat_speeds
SHA-256,Raw Hash,NVIDIA GeForce RTX 3080 Ti,NVIDIA,Consumer; Desktop,9179800000,6.2.3,https://www.onlinehashcrack.com/tools-benchmark-hashcat-gtx-1080-ti-1070-ti-rtx-2080-ti-rtx-3090-3080-4090.php
SHA-256,Raw Hash,AMD Radeon RX 6800 XT,AMD,Consumer; Desktop,8837300000,6.1.1-120-g15bf8b730,https://gist.github.com/epixoip/99085955a1145ff61ec83512a50421a7
SHA-256,Raw Hash,NVIDIA TITAN RTX,NVIDIA,Consumer; Desktop,8701200000,6.2.6,https://github.com/dosoos/hashcat_speeds
SHA-256,Raw Hash,NVIDIA GeForce RTX 3080,NVIDIA,Consumer; Desktop,8202700000,6.2.6-424-g3df97954c,https://www.onlinehashcrack.com/tools-benchmark-hashcat-gtx-1080-ti-1070-ti-rtx-2080-ti-rtx-3090-3080-4090.php
SHA-256,Raw Hash,NVIDIA GeForce RTX 4070,NVIDIA,Consumer; Desktop,7828400000,6.2.6,https://github.com/dosoos/hashcat_speeds
SHA-256,Raw Hash,NVIDIA Tesla V100-SXM2-16GB,NVIDIA,Server; Data Center,7649300000,6.2.6,https://github.com/dosoos/hashcat_speeds
SHA-256,Raw Hash,NVIDIA GeForce RTX 2080 Ti,NVIDIA,Consumer; Desktop,7247800000,6.2.6,https://www.onlinehashcrack.com/tools-benchmark-hashcat-gtx-1080-ti-1070-ti-rtx-2080-ti-rtx-3090-3080-4090.php
SHA-256,Raw Hash,Intel Arc A770,Intel,Consumer; Desktop,7049956667,7.1.2,https://openbenchmarking.org/test/pts/hashcat
SHA-256,Raw Hash,AMD Radeon RX 9070 GRE,AMD,Consumer; Desktop,7005500000,7.1.2,https://openbenchmarking.org/test/pts/hashcat
SHA-256,Raw Hash,NVIDIA RTX A5000,NVIDIA,Professional; Desktop,6922400000,6.2.6,https://www.onlinehashcrack.com/tools-benchmark-hashcat-gtx-1080-ti-1070-ti-rtx-2080-ti-rtx-3090-3080-4090.php
SHA-256,Raw Hash,NVIDIA RTX 4000 Ada Generation,NVIDIA,Professional; Desktop,6529794444,7.1.2,https://openbenchmarking.org/test/pts/hashcat
SHA-256,Raw Hash,Intel Arc A580,Intel,Consumer; Desktop,6158866667,7.0,https://openbenchmarking.org/test/pts/hashcat
SHA-256,Raw Hash,NVIDIA CMP 50HX,NVIDIA,Mining; Desktop,6143800000,6.2.6,https://github.com/dosoos/hashcat_speeds
SHA-256,Raw Hash,NVIDIA GeForce RTX 5060 Ti,NVIDIA,Consumer; Desktop,5950800000,7.1.2,https://github.com/dosoos/hashcat_speeds
SHA-256,Raw Hash,NVIDIA CMP 90HX,NVIDIA,Mining; Desktop,5926300000,6.2.6,https://github.com/dosoos/hashcat_speeds
SHA-256,Raw Hash,AMD Radeon PRO W7700,AMD,Professional; Desktop,5649212500,7.0,https://openbenchmarking.org/test/pts/hashcat
SHA-256,Raw Hash,AMD Radeon 8060S,AMD,Integrated; iGPU; Mobile,5403741667,7.0,https://openbenchmarking.org/test/pts/hashcat
SHA-256,Raw Hash,NVIDIA GeForce RTX 2070 SUPER,NVIDIA,Consumer; Desktop,4862300000,6.2.6,https://www.onlinehashcrack.com/tools-benchmark-hashcat-gtx-1080-ti-1070-ti-rtx-2080-ti-rtx-3090-3080-4090.php
SHA-256,Raw Hash,NVIDIA RTX PRO 2000 Blackwell,NVIDIA,Professional; Desktop,4779310000,7.1.2,https://openbenchmarking.org/test/pts/hashcat
SHA-256,Raw Hash,Intel Arc B580 (BMG G21),Intel,Consumer; Desktop,4692333333,7.0,https://openbenchmarking.org/test/pts/hashcat
SHA-256,Raw Hash,AMD Radeon RX Vega 64,AMD,Consumer; Desktop,4598435511,6.0.0,https://hashcat.net/hashcat/
SHA-256,Raw Hash,NVIDIA GeForce GTX 1080 Ti,NVIDIA,Consumer; Desktop,4459700000,6.2.6,https://www.onlinehashcrack.com/tools-benchmark-hashcat-gtx-1080-ti-1070-ti-rtx-2080-ti-rtx-3090-3080-4090.php
SHA-256,Raw Hash,Intel Arc B580,Intel,Consumer; Desktop,4304411111,7.1.2,https://openbenchmarking.org/test/pts/hashcat
SHA-256,Raw Hash,AMD Radeon RX 6600 XT,AMD,Consumer; Desktop,4219100000,6.2.4,https://gist.github.com/soxrok2212/7ebabe2136e48514ad579929af123037
SHA-256,Raw Hash,NVIDIA GeForce RTX 4060,NVIDIA,Consumer; Desktop,4037500000,6.2.6,https://github.com/dosoos/hashcat_speeds
SHA-256,Raw Hash,NVIDIA P102-100,NVIDIA,Mining; Desktop,3867000000,7.1.2,https://github.com/dosoos/hashcat_speeds
SHA-256,Raw Hash,Intel Arc B570,Intel,Consumer; Desktop,3724200000,7.0,https://openbenchmarking.org/test/pts/hashcat
SHA-256,Raw Hash,AMD Radeon PRO W7600,AMD,Professional; Desktop,3539694444,7.0,https://openbenchmarking.org/test/pts/hashcat
SHA-256,Raw Hash,NVIDIA Tesla P100-PCIE-16GB,NVIDIA,Server; Data Center,3304100000,6.2.6,https://www.onlinehashcrack.com/tools-benchmark-hashcat-gtx-1080-ti-1070-ti-rtx-2080-ti-rtx-3090-3080-4090.php
SHA-256,Raw Hash,NVIDIA RTX 2000 Ada Generation,NVIDIA,Professional; Desktop,3292492000,7.1.2,https://openbenchmarking.org/test/pts/hashcat
SHA-256,Raw Hash,NVIDIA Tesla T4,NVIDIA,Server; Data Center,3006700000,6.2.6,https://www.onlinehashcrack.com/tools-benchmark-hashcat-gtx-1080-ti-1070-ti-rtx-2080-ti-rtx-3090-3080-4090.php
SHA-256,Raw Hash,Intel Arc Pro B50,Intel,Professional; Desktop,2571556667,7.1.2,https://openbenchmarking.org/test/pts/hashcat
SHA-256,Raw Hash,NVIDIA P104-100,NVIDIA,Mining; Desktop,2437900000,6.2.6,https://github.com/dosoos/hashcat_speeds
SHA-256,Raw Hash,NVIDIA GeForce GTX 1070,NVIDIA,Consumer; Desktop,2407900000,6.2.5-620-g31758f09a,https://github.com/dosoos/hashcat_speeds
SHA-256,Raw Hash,Apple M1 Ultra,Apple,Integrated; SoC; Desktop,1818900000,6.2.5-340-g98b89e43d,https://gist.github.com/fhlip0
SHA-256,Raw Hash,NVIDIA RTX A1000,NVIDIA,Professional; Desktop,1769453333,7.1.2,https://openbenchmarking.org/test/pts/hashcat
SHA-256,Raw Hash,Apple M3 Pro,Apple,Integrated; SoC; Mobile,1069100000,6.2.6-827-g46ce637d3,https://gist.github.com/Chick3nman/fdf7f9ddcc0a65f6725aefede99ada4e
SHA-256,Raw Hash,Intel Iris Xe TGL GT2,Intel,Integrated; iGPU; Mobile,542285000,7.1.2,https://openbenchmarking.org/test/pts/hashcat
SHA-256,Raw Hash,Intel Iris Xe ADL GT2,Intel,Integrated; iGPU,500688889,7.1.2,https://openbenchmarking.org/test/pts/hashcat
SHA-256,Raw Hash,NVIDIA Tegra X1,NVIDIA,Embedded; SoC,121000000,6.2.6,https://hashcat.net/forum/printthread.php?tid=11520
SHA-256,Raw Hash,Intel UHD 730,Intel,Integrated; iGPU; Desktop,104700000,6.2.6,https://github.com/dosoos/hashcat_speeds
SHA-3 (Keccak),Raw Hash,NVIDIA GeForce RTX 5090,NVIDIA,Consumer; Desktop,24938300000,6.2.6-851-g6716447df,https://github.com/dosoos/hashcat_speeds
SHA-3 (Keccak),Raw Hash,NVIDIA GeForce RTX 4090,NVIDIA,Consumer; Desktop,18690900000,6.2.6,https://github.com/dosoos/hashcat_speeds
SHA-3 (Keccak),Raw Hash,NVIDIA RTX 6000 Ada Generation,NVIDIA,Professional; Desktop,15946800000,6.2.6,https://github.com/dosoos/hashcat_speeds
SHA-3 (Keccak),Raw Hash,AMD Radeon RX 7900 XTX,AMD,Consumer; Desktop,11233100000,6.2.6,https://docs.google.com/document/d/1q0dhInwifS8yDYQFYe0hTSECvaLE3LSqkR1dRZ-_PtM/edit
SHA-3 (Keccak),Raw Hash,NVIDIA GeForce RTX 4080,NVIDIA,Consumer; Desktop,11194100000,6.2.6-325-gea6173b30,https://github.com/dosoos/hashcat_speeds
SHA-3 (Keccak),Raw Hash,NVIDIA H100 PCIe,NVIDIA,Server; Data Center,10232300000,6.2.6-514-gbf1d7d078,https://github.com/dosoos/hashcat_speeds
SHA-3 (Keccak),Raw Hash,NVIDIA GeForce RTX 3090 Ti,NVIDIA,Consumer; Desktop,8979800000,6.2.6-424-g3df97954c,https://www.onlinehashcrack.com/tools-benchmark-hashcat-gtx-1080-ti-1070-ti-rtx-2080-ti-rtx-3090-3080-4090.php
SHA-3 (Keccak),Raw Hash,NVIDIA GeForce RTX 3090,NVIDIA,Consumer; Desktop,8039200000,6.2.5-656-gc8350eb55,https://www.onlinehashcrack.com/tools-benchmark-hashcat-gtx-1080-ti-1070-ti-rtx-2080-ti-rtx-3090-3080-4090.php
SHA-3 (Keccak),Raw Hash,NVIDIA GeForce RTX 3080 Ti,NVIDIA,Consumer; Desktop,7770900000,6.2.3,https://www.onlinehashcrack.com/tools-benchmark-hashcat-gtx-1080-ti-1070-ti-rtx-2080-ti-rtx-3090-3080-4090.php
SHA-3 (Keccak),Raw Hash,NVIDIA GeForce RTX 3080,NVIDIA,Consumer; Desktop,6882500000,6.2.6-424-g3df97954c,https://www.onlinehashcrack.com/tools-benchmark-hashcat-gtx-1080-ti-1070-ti-rtx-2080-ti-rtx-3090-3080-4090.php
SHA-3 (Keccak),Raw Hash,NVIDIA Tesla V100-SXM2-16GB,NVIDIA,Server; Data Center,6384100000,6.2.6,https://github.com/dosoos/hashcat_speeds
SHA-3 (Keccak),Raw Hash,AMD Radeon RX 6600 XT,AMD,Consumer; Desktop,3768600000,6.2.4,https://gist.github.com/soxrok2212/7ebabe2136e48514ad579929af123037
SHA-3 (Keccak),Raw Hash,Apple M1 Ultra,Apple,Integrated; SoC; Desktop,581700000,6.2.5-340-g98b89e43d,https://gist.github.com/fhlip0
SHA-3 (Keccak),Raw Hash,Apple M3 Pro,Apple,Integrated; SoC; Mobile,237200000,6.2.6-827-g46ce637d3,https://gist.github.com/Chick3nman/fdf7f9ddcc0a65f6725aefede99ada4e
SHA-3 (Keccak),Raw Hash,NVIDIA Tegra X1,NVIDIA,Embedded; SoC,121600000,6.2.6,https://hashcat.net/forum/printthread.php?tid=11520
SHA-384,Raw Hash,NVIDIA GeForce RTX 5090,NVIDIA,Consumer; Desktop,9913700000,6.2.6-851-g6716447df,https://github.com/dosoos/hashcat_speeds
SHA-384,Raw Hash,NVIDIA GeForce RTX 4090,NVIDIA,Consumer; Desktop,7382600000,6.2.6,https://github.com/dosoos/hashcat_speeds
SHA-384,Raw Hash,NVIDIA RTX 6000 Ada Generation,NVIDIA,Professional; Desktop,6331700000,6.2.6,https://github.com/dosoos/hashcat_speeds
SHA-384,Raw Hash,NVIDIA GeForce RTX 4080,NVIDIA,Consumer; Desktop,4404400000,6.2.6-325-gea6173b30,https://github.com/dosoos/hashcat_speeds
SHA-384,Raw Hash,NVIDIA H100 PCIe,NVIDIA,Server; Data Center,4019200000,6.2.6-514-gbf1d7d078,https://github.com/dosoos/hashcat_speeds
SHA-384,Raw Hash,NVIDIA GeForce RTX 3090 Ti,NVIDIA,Consumer; Desktop,3552800000,6.2.6-424-g3df97954c,https://www.onlinehashcrack.com/tools-benchmark-hashcat-gtx-1080-ti-1070-ti-rtx-2080-ti-rtx-3090-3080-4090.php
SHA-384,Raw Hash,NVIDIA GeForce RTX 3090,NVIDIA,Consumer; Desktop,3183800000,6.2.5-656-gc8350eb55,https://www.onlinehashcrack.com/tools-benchmark-hashcat-gtx-1080-ti-1070-ti-rtx-2080-ti-rtx-3090-3080-4090.php
SHA-384,Raw Hash,NVIDIA A100-PCIE-40GB,NVIDIA,Server; Data Center,3045000000,6.1.1,https://github.com/dosoos/hashcat_speeds
SHA-384,Raw Hash,NVIDIA GeForce RTX 3080 Ti,NVIDIA,Consumer; Desktop,3000100000,6.2.3,https://www.onlinehashcrack.com/tools-benchmark-hashcat-gtx-1080-ti-1070-ti-rtx-2080-ti-rtx-3090-3080-4090.php
SHA-384,Raw Hash,AMD Radeon RX 7900 XTX,AMD,Consumer; Desktop,2926300000,6.2.6,https://docs.google.com/document/d/1q0dhInwifS8yDYQFYe0hTSECvaLE3LSqkR1dRZ-_PtM/edit
SHA-384,Raw Hash,NVIDIA GeForce RTX 3080,NVIDIA,Consumer; Desktop,2719800000,6.2.6-424-g3df97954c,https://www.onlinehashcrack.com/tools-benchmark-hashcat-gtx-1080-ti-1070-ti-rtx-2080-ti-rtx-3090-3080-4090.php
SHA-384,Raw Hash,NVIDIA TITAN RTX,NVIDIA,Consumer; Desktop,2569500000,6.2.6,https://github.com/dosoos/hashcat_speeds
SHA-384,Raw Hash,NVIDIA Tesla V100-SXM2-16GB,NVIDIA,Server; Data Center,2377800000,6.2.6,https://github.com/dosoos/hashcat_speeds
SHA-384,Raw Hash,AMD Radeon RX 6800 XT,AMD,Consumer; Desktop,2334100000,6.1.1-120-g15bf8b730,https://gist.github.com/epixoip/99085955a1145ff61ec83512a50421a7
SHA-384,Raw Hash,NVIDIA GeForce RTX 2080 Ti,NVIDIA,Consumer; Desktop,2290400000,6.2.6,https://www.onlinehashcrack.com/tools-benchmark-hashcat-gtx-1080-ti-1070-ti-rtx-2080-ti-rtx-3090-3080-4090.php
SHA-384,Raw Hash,NVIDIA GeForce RTX 2070 SUPER,NVIDIA,Consumer; Desktop,1532600000,6.2.6,https://www.onlinehashcrack.com/tools-benchmark-hashcat-gtx-1080-ti-1070-ti-rtx-2080-ti-rtx-3090-3080-4090.php
SHA-384,Raw Hash,NVIDIA GeForce GTX 1080 Ti,NVIDIA,Consumer; Desktop,1424600000,6.2.6,https://www.onlinehashcrack.com/tools-benchmark-hashcat-gtx-1080-ti-1070-ti-rtx-2080-ti-rtx-3090-3080-4090.php
SHA-384,Raw Hash,AMD Radeon RX Vega 64,AMD,Consumer; Desktop,1175658633,6.0.0,https://hashcat.net/hashcat/
SHA-384,Raw Hash,AMD Radeon RX 6600 XT,AMD,Consumer; Desktop,1130700000,6.2.4,https://gist.github.com/soxrok2212/7ebabe2136e48514ad579929af123037
SHA-384,Raw Hash,NVIDIA Tesla P100-PCIE-16GB,NVIDIA,Server; Data Center,1058600000,6.2.6,https://www.onlinehashcrack.com/tools-benchmark-hashcat-gtx-1080-ti-1070-ti-rtx-2080-ti-rtx-3090-3080-4090.php
SHA-384,Raw Hash,NVIDIA Tesla T4,NVIDIA,Server; Data Center,945600000,6.2.6,https://www.onlinehashcrack.com/tools-benchmark-hashcat-gtx-1080-ti-1070-ti-rtx-2080-ti-rtx-3090-3080-4090.php
SHA-384,Raw Hash,Apple M1 Ultra,Apple,Integrated; SoC; Desktop,584300000,6.2.5-340-g98b89e43d,https://gist.github.com/fhlip0
SHA-384,Raw Hash,Apple M3 Pro,Apple,Integrated; SoC; Mobile,216800000,6.2.6-827-g46ce637d3,https://gist.github.com/Chick3nman/fdf7f9ddcc0a65f6725aefede99ada4e
SHA-384,Raw Hash,NVIDIA Tegra X1,NVIDIA,Embedded; SoC,40333900,6.2.6,https://hashcat.net/forum/printthread.php?tid=11520
SHA-512,Raw Hash,NVIDIA RTX PRO 6000 Blackwell Workstation Edition,NVIDIA,Professional; Desktop,10708733333,7.1.2,https://openbenchmarking.org/test/pts/hashcat
SHA-512,Raw Hash,NVIDIA GeForce RTX 5090,NVIDIA,Consumer; Desktop,9842144444,7.0,https://openbenchmarking.org/test/pts/hashcat
SHA-512,Raw Hash,NVIDIA RTX PRO 6000 Blackwell Max-Q Workstation Edition,NVIDIA,Professional; Mobile,7588090952,7.1.2,https://openbenchmarking.org/test/pts/hashcat
SHA-512,Raw Hash,NVIDIA GeForce RTX 4090,NVIDIA,Consumer; Desktop,7158408334,7.0,https://openbenchmarking.org/test/pts/hashcat
SHA-512,Raw Hash,NVIDIA RTX 6000 Ada Generation,NVIDIA,Professional; Desktop,5970816970,7.1.2,https://openbenchmarking.org/test/pts/hashcat
SHA-512,Raw Hash,NVIDIA RTX PRO 5000 Blackwell,NVIDIA,Professional; Desktop,5748442222,7.1.2,https://openbenchmarking.org/test/pts/hashcat
SHA-512,Raw Hash,NVIDIA H100 SXM5 80GB,NVIDIA,Server; Data Center,5436400000,6.2.6,https://www.onlinehashcrack.com/tools-benchmark-hashcat-gtx-1080-ti-1070-ti-rtx-2080-ti-rtx-3090-3080-4090.php
SHA-512,Raw Hash,NVIDIA GeForce RTX 5080,NVIDIA,Consumer; Desktop,4799566667,7.1.2,https://openbenchmarking.org/test/pts/hashcat
SHA-512,Raw Hash,NVIDIA GeForce RTX 4080,NVIDIA,Consumer; Desktop,4460200000,6.2.6-325-gea6173b30,https://github.com/dosoos/hashcat_speeds
SHA-512,Raw Hash,NVIDIA GeForce RTX 4080 SUPER,NVIDIA,Consumer; Desktop,4419900000,6.2.6,https://hashcat.net/forum/printthread.php?tid=11520
SHA-512,Raw Hash,NVIDIA RTX PRO 4500 Blackwell,NVIDIA,Professional; Desktop,4275140834,7.1.2,https://openbenchmarking.org/test/pts/hashcat
SHA-512,Raw Hash,NVIDIA GeForce RTX 5070 Ti,NVIDIA,Consumer; Desktop,4132300000,6.2.6,https://github.com/dosoos/hashcat_speeds
SHA-512,Raw Hash,NVIDIA H100 PCIe,NVIDIA,Server; Data Center,4054200000,6.2.6-514-gbf1d7d078,https://github.com/dosoos/hashcat_speeds
SHA-512,Raw Hash,NVIDIA GeForce RTX 3090 Ti,NVIDIA,Consumer; Desktop,3616000000,6.2.6-424-g3df97954c,https://www.onlinehashcrack.com/tools-benchmark-hashcat-gtx-1080-ti-1070-ti-rtx-2080-ti-rtx-3090-3080-4090.php
SHA-512,Raw Hash,NVIDIA GeForce RTX 4070 Ti SUPER,NVIDIA,Consumer; Desktop,3370703030,6.2.4,https://openbenchmarking.org/test/pts/hashcat
SHA-512,Raw Hash,NVIDIA GeForce RTX 3090,NVIDIA,Consumer; Desktop,3253100000,6.2.5-656-gc8350eb55,https://www.onlinehashcrack.com/tools-benchmark-hashcat-gtx-1080-ti-1070-ti-rtx-2080-ti-rtx-3090-3080-4090.php
SHA-512,Raw Hash,NVIDIA A800 80GB PCIe,NVIDIA,Server; Data Center,3211000000,6.2.6,https://github.com/dosoos/hashcat_speeds
SHA-512,Raw Hash,NVIDIA A100-SXM4-40GB,NVIDIA,Server; Data Center,3147300000,6.2.3,https://www.onlinehashcrack.com/tools-benchmark-hashcat-gtx-1080-ti-1070-ti-rtx-2080-ti-rtx-3090-3080-4090.php
SHA-512,Raw Hash,NVIDIA RTX PRO 4000 Blackwell,NVIDIA,Professional; Desktop,3135566667,7.1.2,https://openbenchmarking.org/test/pts/hashcat
SHA-512,Raw Hash,NVIDIA A100-PCIE-40GB,NVIDIA,Server; Data Center,3081400000,6.1.1,https://github.com/dosoos/hashcat_speeds
SHA-512,Raw Hash,AMD Radeon RX 7900 XTX,AMD,Consumer; Desktop,2944000000,6.2.6,https://docs.google.com/document/d/1q0dhInwifS8yDYQFYe0hTSECvaLE3LSqkR1dRZ-_PtM/edit
SHA-512,Raw Hash,NVIDIA GeForce RTX 4070 SUPER,NVIDIA,Consumer; Desktop,2917571212,6.2.4,https://openbenchmarking.org/test/pts/hashcat
SHA-512,Raw Hash,AMD Radeon PRO W7900,AMD,Professional; Desktop,2902280000,7.1.2,https://openbenchmarking.org/test/pts/hashcat
SHA-512,Raw Hash,AMD Radeon RX 7900 XT,AMD,Consumer; Desktop,2858301282,6.2.4,https://openbenchmarking.org/test/pts/hashcat
SHA-512,Raw Hash,NVIDIA GeForce RTX 3080,NVIDIA,Consumer; Desktop,2764300000,6.2.6-424-g3df97954c,https://www.onlinehashcrack.com/tools-benchmark-hashcat-gtx-1080-ti-1070-ti-rtx-2080-ti-rtx-3090-3080-4090.php
SHA-512,Raw Hash,NVIDIA TITAN RTX,NVIDIA,Consumer; Desktop,2751000000,6.2.6,https://github.com/dosoos/hashcat_speeds
SHA-512,Raw Hash,NVIDIA GeForce RTX 3080 Ti,NVIDIA,Consumer; Desktop,2716917949,6.2.4,https://openbenchmarking.org/test/pts/hashcat
SHA-512,Raw Hash,NVIDIA GeForce RTX 3080 Lite Hash Rate,NVIDIA,Consumer; Desktop,2676788889,6.2.4,https://openbenchmarking.org/test/pts/hashcat
SHA-512,Raw Hash,AMD Radeon RX 6900 XT,AMD,Consumer; Desktop,2650203333,6.2.4,https://openbenchmarking.org/test/pts/hashcat
SHA-512,Raw Hash,AMD Radeon RX 9070 XT,AMD,Consumer; Desktop,2504738889,6.2.4,https://openbenchmarking.org/test/pts/hashcat
SHA-512,Raw Hash,NVIDIA Tesla V100-SXM2-16GB,NVIDIA,Server; Data Center,2406400000,6.2.6,https://github.com/dosoos/hashcat_speeds
SHA-512,Raw Hash,AMD Radeon RX 6800 XT,AMD,Consumer; Desktop,2388483333,6.2.4,https://openbenchmarking.org/test/pts/hashcat
SHA-512,Raw Hash,AMD Radeon RX 7900 GRE,AMD,Consumer; Desktop,2373040000,6.2.4,https://openbenchmarking.org/test/pts/hashcat
SHA-512,Raw Hash,NVIDIA GeForce RTX 2080 Ti,NVIDIA,Consumer; Desktop,2327200000,6.2.6,https://www.onlinehashcrack.com/tools-benchmark-hashcat-gtx-1080-ti-1070-ti-rtx-2080-ti-rtx-3090-3080-4090.php
SHA-512,Raw Hash,NVIDIA RTX A5000,NVIDIA,Professional; Desktop,2318400000,6.2.6,https://www.onlinehashcrack.com/tools-benchmark-hashcat-gtx-1080-ti-1070-ti-rtx-2080-ti-rtx-3090-3080-4090.php
SHA-512,Raw Hash,NVIDIA GeForce RTX 4070,NVIDIA,Consumer; Desktop,2282000000,6.2.6,https://github.com/dosoos/hashcat_speeds
SHA-512,Raw Hash,AMD Radeon RX 9070,AMD,Consumer; Desktop,2173055556,6.2.4,https://openbenchmarking.org/test/pts/hashcat
SHA-512,Raw Hash,NVIDIA RTX 4000 Ada Generation,NVIDIA,Professional; Desktop,2156059259,7.1.2,https://openbenchmarking.org/test/pts/hashcat
SHA-512,Raw Hash,NVIDIA CMP 50HX,NVIDIA,Mining; Desktop,2034400000,6.2.6,https://github.com/dosoos/hashcat_speeds
SHA-512,Raw Hash,NVIDIA CMP 90HX,NVIDIA,Mining; Desktop,1989700000,6.2.6,https://github.com/dosoos/hashcat_speeds
SHA-512,Raw Hash,AMD Radeon RX 7800 XT,AMD,Consumer; Desktop,1934730303,6.2.4,https://openbenchmarking.org/test/pts/hashcat
SHA-512,Raw Hash,AMD Radeon RX 6800,AMD,Consumer; Desktop,1912658333,6.2.4,https://openbenchmarking.org/test/pts/hashcat
SHA-512,Raw Hash,AMD Radeon RX 7700 XT,AMD,Consumer; Desktop,1890683333,6.2.4,https://openbenchmarking.org/test/pts/hashcat
SHA-512,Raw Hash,NVIDIA GeForce RTX 2080 SUPER,NVIDIA,Consumer; Desktop,1835700000,6.2.4,https://openbenchmarking.org/test/pts/hashcat
SHA-512,Raw Hash,AMD Radeon RX 9070 GRE,AMD,Consumer; Desktop,1794800000,7.1.2,https://openbenchmarking.org/test/pts/hashcat
SHA-512,Raw Hash,NVIDIA GeForce RTX 5060 Ti,NVIDIA,Consumer; Desktop,1715600000,7.1.2,https://github.com/dosoos/hashcat_speeds
SHA-512,Raw Hash,NVIDIA GeForce RTX 3070,NVIDIA,Consumer; Desktop,1710009028,6.2.4,https://openbenchmarking.org/test/pts/hashcat
SHA-512,Raw Hash,NVIDIA GeForce RTX 3070 Ti,NVIDIA,Consumer; Desktop,1691954167,6.2.4,https://openbenchmarking.org/test/pts/hashcat
SHA-512,Raw Hash,NVIDIA GeForce RTX 2080,NVIDIA,Consumer; Desktop,1674700000,6.2.4,https://openbenchmarking.org/test/pts/hashcat
SHA-512,Raw Hash,NVIDIA RTX PRO 2000 Blackwell,NVIDIA,Professional; Desktop,1607136667,7.1.2,https://openbenchmarking.org/test/pts/hashcat
SHA-512,Raw Hash,NVIDIA GeForce RTX 2070 SUPER,NVIDIA,Consumer; Desktop,1565500000,6.2.6,https://www.onlinehashcrack.com/tools-benchmark-hashcat-gtx-1080-ti-1070-ti-rtx-2080-ti-rtx-3090-3080-4090.php
SHA-512,Raw Hash,NVIDIA GeForce GTX 1080 Ti,NVIDIA,Consumer; Desktop,1480600000,6.2.6,https://www.onlinehashcrack.com/tools-benchmark-hashcat-gtx-1080-ti-1070-ti-rtx-2080-ti-rtx-3090-3080-4090.php
SHA-512,Raw Hash,AMD Radeon PRO W7700,AMD,Professional; Desktop,1474629167,7.0,https://openbenchmarking.org/test/pts/hashcat
SHA-512,Raw Hash,NVIDIA RTX A4000,NVIDIA,Professional; Desktop,1401994445,6.2.4,https://openbenchmarking.org/test/pts/hashcat
SHA-512,Raw Hash,NVIDIA GeForce RTX 3060 Ti,NVIDIA,Consumer; Desktop,1391345238,6.2.4,https://openbenchmarking.org/test/pts/hashcat
SHA-512,Raw Hash,NVIDIA P102-100,NVIDIA,Mining; Desktop,1275900000,7.1.2,https://github.com/dosoos/hashcat_speeds
SHA-512,Raw Hash,NVIDIA GeForce RTX 2070,NVIDIA,Consumer; Desktop,1230900000,6.2.4,https://openbenchmarking.org/test/pts/hashcat
SHA-512,Raw Hash,Intel Arc A770,Intel,Consumer; Desktop,1197908334,7.1.2,https://openbenchmarking.org/test/pts/hashcat
SHA-512,Raw Hash,AMD Radeon RX Vega 64,AMD,Consumer; Desktop,1195148317,6.0.0,https://hashcat.net/hashcat/
SHA-512,Raw Hash,NVIDIA GeForce RTX 2060 SUPER,NVIDIA,Consumer; Desktop,1193853333,6.2.4,https://openbenchmarking.org/test/pts/hashcat
SHA-512,Raw Hash,NVIDIA GeForce RTX 4060,NVIDIA,Consumer; Desktop,1188000000,6.2.6,https://github.com/dosoos/hashcat_speeds
SHA-512,Raw Hash,AMD Radeon 8060S,AMD,Integrated; iGPU; Mobile,1163183334,7.0,https://openbenchmarking.org/test/pts/hashcat
SHA-512,Raw Hash,AMD Radeon RX 7600 XT,AMD,Consumer; Desktop,1157252083,6.2.4,https://openbenchmarking.org/test/pts/hashcat
SHA-512,Raw Hash,AMD Radeon RX 6600 XT,AMD,Consumer; Desktop,1142500000,6.2.4,https://gist.github.com/soxrok2212/7ebabe2136e48514ad579929af123037
SHA-512,Raw Hash,NVIDIA RTX 2000 Ada Generation,NVIDIA,Professional; Desktop,1124154667,7.1.2,https://openbenchmarking.org/test/pts/hashcat
SHA-512,Raw Hash,NVIDIA Quadro RTX 4000,NVIDIA,Professional; Desktop,1121283333,6.2.4,https://openbenchmarking.org/test/pts/hashcat
SHA-512,Raw Hash,NVIDIA Tesla P100-PCIE-16GB,NVIDIA,Server; Data Center,1077200000,6.2.6,https://www.onlinehashcrack.com/tools-benchmark-hashcat-gtx-1080-ti-1070-ti-rtx-2080-ti-rtx-3090-3080-4090.php
SHA-512,Raw Hash,AMD Radeon RX 7600,AMD,Consumer; Desktop,1067760416,6.2.4,https://openbenchmarking.org/test/pts/hashcat
SHA-512,Raw Hash,NVIDIA Quadro RTX 5000 with Max-Q Design,NVIDIA,Professional; Mobile,1064300000,6.1.1,https://openbenchmarking.org/test/pts/hashcat
SHA-512,Raw Hash,NVIDIA GeForce RTX 2060,NVIDIA,Consumer; Desktop,1050398941,6.2.4,https://openbenchmarking.org/test/pts/hashcat
SHA-512,Raw Hash,Intel Arc A580,Intel,Consumer; Desktop,1023158333,7.0,https://openbenchmarking.org/test/pts/hashcat
SHA-512,Raw Hash,NVIDIA GeForce GTX 1080,NVIDIA,Consumer; Desktop,1002605833,6.1.1,https://openbenchmarking.org/test/pts/hashcat
SHA-512,Raw Hash,NVIDIA GeForce RTX 3060,NVIDIA,Consumer; Desktop,980312963,6.2.4,https://openbenchmarking.org/test/pts/hashcat
SHA-512,Raw Hash,NVIDIA Tesla T4,NVIDIA,Server; Data Center,960700000,6.2.6,https://www.onlinehashcrack.com/tools-benchmark-hashcat-gtx-1080-ti-1070-ti-rtx-2080-ti-rtx-3090-3080-4090.php
SHA-512,Raw Hash,AMD Radeon PRO W7600,AMD,Professional; Desktop,915111111,7.0,https://openbenchmarking.org/test/pts/hashcat
SHA-512,Raw Hash,Intel Arc A750,Intel,Consumer; Desktop,910394792,6.2.4,https://openbenchmarking.org/test/pts/hashcat
SHA-512,Raw Hash,NVIDIA GeForce RTX 3060 Laptop,NVIDIA,Consumer; Mobile,906866667,6.2.4,https://openbenchmarking.org/test/pts/hashcat
SHA-512,Raw Hash,NVIDIA GeForce GTX 1660 Ti,NVIDIA,Consumer; Desktop,850250000,6.2.4,https://openbenchmarking.org/test/pts/hashcat
SHA-512,Raw Hash,NVIDIA P104-100,NVIDIA,Mining; Desktop,794100000,6.2.6,https://github.com/dosoos/hashcat_speeds
SHA-512,Raw Hash,NVIDIA GeForce GTX 1660 SUPER,NVIDIA,Consumer; Desktop,785716667,6.2.4,https://openbenchmarking.org/test/pts/hashcat
SHA-512,Raw Hash,NVIDIA GeForce GTX 1070,NVIDIA,Consumer; Desktop,784000000,6.2.5-620-g31758f09a,https://github.com/dosoos/hashcat_speeds
SHA-512,Raw Hash,Intel Arc B580 (BMG G21),Intel,Consumer; Desktop,717266667,7.0,https://openbenchmarking.org/test/pts/hashcat
SHA-512,Raw Hash,NVIDIA RTX A1000,NVIDIA,Professional; Desktop,615206667,7.1.2,https://openbenchmarking.org/test/pts/hashcat
SHA-512,Raw Hash,Intel Arc B580,Intel,Consumer; Desktop,613285833,7.0,https://openbenchmarking.org/test/pts/hashcat
SHA-512,Raw Hash,Apple M1 Ultra,Apple,Integrated; SoC; Desktop,575000000,6.2.5-340-g98b89e43d,https://gist.github.com/fhlip0
SHA-512,Raw Hash,Intel Arc B570,Intel,Consumer; Desktop,526150000,7.0,https://openbenchmarking.org/test/pts/hashcat
SHA-512,Raw Hash,NVIDIA GeForce GTX 1060,NVIDIA,Consumer; Desktop,481636666,6.2.4,https://openbenchmarking.org/test/pts/hashcat
SHA-512,Raw Hash,Intel Arc Pro B50,Intel,Professional; Desktop,370900000,7.0,https://openbenchmarking.org/test/pts/hashcat
SHA-512,Raw Hash,AMD Radeon PRO W7500,AMD,Professional; Desktop,342794581,6.2.4,https://openbenchmarking.org/test/pts/hashcat
SHA-512,Raw Hash,NVIDIA Tesla M6,NVIDIA,Server; Data Center,330344445,6.1.1,https://openbenchmarking.org/test/pts/hashcat
SHA-512,Raw Hash,Intel Arc A380,Intel,Consumer; Desktop,277838889,6.2.4,https://openbenchmarking.org/test/pts/hashcat
SHA-512,Raw Hash,NVIDIA RTX A400,NVIDIA,Professional; Desktop,223566667,6.2.4,https://openbenchmarking.org/test/pts/hashcat
SHA-512,Raw Hash,Apple M3 Pro,Apple,Integrated; SoC; Mobile,219900000,6.2.6-827-g46ce637d3,https://gist.github.com/Chick3nman/fdf7f9ddcc0a65f6725aefede99ada4e
SHA-512,Raw Hash,NVIDIA Quadro P2000,NVIDIA,Professional; Desktop,219133333,6.1.1,https://openbenchmarking.org/test/pts/hashcat
SHA-512,Raw Hash,NVIDIA T400,NVIDIA,Professional; Desktop,199300000,6.2.4,https://openbenchmarking.org/test/pts/hashcat
SHA-512,Raw Hash,NVIDIA GeForce GTX 950,NVIDIA,Consumer; Desktop,179100000,6.1.1,https://openbenchmarking.org/test/pts/hashcat
SHA-512,Raw Hash,Intel Iris Xe TGL GT2,Intel,Integrated; iGPU; Mobile,98354330,7.1.2,https://openbenchmarking.org/test/pts/hashcat
SHA-512,Raw Hash,Intel Iris Xe ADL GT2,Intel,Integrated; iGPU,93879258,7.1.2,https://openbenchmarking.org/test/pts/hashcat
SHA-512,Raw Hash,AMD Radeon Vega 8,AMD,Integrated; iGPU,92088422,6.2.4,https://openbenchmarking.org/test/pts/hashcat
SHA-512,Raw Hash,NVIDIA Tegra X1,NVIDIA,Embedded; SoC,40964600,6.2.6,https://hashcat.net/forum/printthread.php?tid=11520
SHA-512,Raw Hash,Intel UHD 730,Intel,Integrated; iGPU; Desktop,28183300,6.2.6,https://github.com/dosoos/hashcat_speeds
SHA1,Raw Hash,NVIDIA RTX PRO 6000 Blackwell Workstation Edition,NVIDIA,Professional; Desktop,86096850000,7.1.2,https://openbenchmarking.org/test/pts/hashcat
SHA1,Raw Hash,NVIDIA GeForce RTX 5090,NVIDIA,Consumer; Desktop,68157588889,7.0,https://openbenchmarking.org/test/pts/hashcat
SHA1,Raw Hash,NVIDIA RTX PRO 6000 Blackwell Max-Q Workstation Edition,NVIDIA,Professional; Mobile,60273848095,7.1.2,https://openbenchmarking.org/test/pts/hashcat
SHA1,Raw Hash,NVIDIA GeForce RTX 4090,NVIDIA,Consumer; Desktop,56150833334,7.0,https://openbenchmarking.org/test/pts/hashcat
SHA1,Raw Hash,NVIDIA RTX PRO 5000 Blackwell,NVIDIA,Professional; Desktop,46256888889,7.1.2,https://openbenchmarking.org/test/pts/hashcat
SHA1,Raw Hash,NVIDIA H100 SXM5 80GB,NVIDIA,Server; Data Center,43619800000,6.2.6,https://www.onlinehashcrack.com/tools-benchmark-hashcat-gtx-1080-ti-1070-ti-rtx-2080-ti-rtx-3090-3080-4090.php
SHA1,Raw Hash,NVIDIA RTX 6000 Ada Generation,NVIDIA,Professional; Desktop,43186220000,7.1.2,https://openbenchmarking.org/test/pts/hashcat
SHA1,Raw Hash,NVIDIA RTX PRO 4500 Blackwell,NVIDIA,Professional; Desktop,34312841667,7.1.2,https://openbenchmarking.org/test/pts/hashcat
SHA1,Raw Hash,NVIDIA GeForce RTX 5080,NVIDIA,Consumer; Desktop,32374833333,7.1.2,https://openbenchmarking.org/test/pts/hashcat
SHA1,Raw Hash,NVIDIA GeForce RTX 4080,NVIDIA,Consumer; Desktop,30397900000,6.2.6-325-gea6173b30,https://github.com/dosoos/hashcat_speeds
SHA1,Raw Hash,NVIDIA GeForce RTX 4080 SUPER,NVIDIA,Consumer; Desktop,29971200000,6.2.6,https://hashcat.net/forum/printthread.php?tid=11520
SHA1,Raw Hash,AMD Radeon RX 7900 XTX,AMD,Consumer; Desktop,28982200000,6.2.6,https://docs.google.com/document/d/1q0dhInwifS8yDYQFYe0hTSECvaLE3LSqkR1dRZ-_PtM/edit
SHA1,Raw Hash,NVIDIA GeForce RTX 5070 Ti,NVIDIA,Consumer; Desktop,28593900000,6.2.6,https://github.com/dosoos/hashcat_speeds
SHA1,Raw Hash,NVIDIA H100 PCIe,NVIDIA,Server; Data Center,28050300000,6.2.6-514-gbf1d7d078,https://github.com/dosoos/hashcat_speeds
SHA1,Raw Hash,NVIDIA GeForce RTX 4070 Ti SUPER,NVIDIA,Consumer; Desktop,26392640909,6.2.4,https://openbenchmarking.org/test/pts/hashcat
SHA1,Raw Hash,AMD Radeon RX 7900 XT,AMD,Consumer; Desktop,26083188461,6.2.4,https://openbenchmarking.org/test/pts/hashcat
SHA1,Raw Hash,AMD Radeon PRO W7900,AMD,Professional; Desktop,26050551667,7.1.2,https://openbenchmarking.org/test/pts/hashcat
SHA1,Raw Hash,NVIDIA RTX PRO 4000 Blackwell,NVIDIA,Professional; Desktop,25003250000,7.1.2,https://openbenchmarking.org/test/pts/hashcat
SHA1,Raw Hash,NVIDIA GeForce RTX 3090 Ti,NVIDIA,Consumer; Desktop,24656100000,6.2.6-424-g3df97954c,https://www.onlinehashcrack.com/tools-benchmark-hashcat-gtx-1080-ti-1070-ti-rtx-2080-ti-rtx-3090-3080-4090.php
SHA1,Raw Hash,AMD Radeon RX 6900 XT,AMD,Consumer; Desktop,23063048148,6.2.4,https://openbenchmarking.org/test/pts/hashcat
SHA1,Raw Hash,NVIDIA GeForce RTX 4070 SUPER,NVIDIA,Consumer; Desktop,22691325758,6.2.4,https://openbenchmarking.org/test/pts/hashcat
SHA1,Raw Hash,NVIDIA GeForce RTX 3090,NVIDIA,Consumer; Desktop,22279400000,6.2.5-656-gc8350eb55,https://www.onlinehashcrack.com/tools-benchmark-hashcat-gtx-1080-ti-1070-ti-rtx-2080-ti-rtx-3090-3080-4090.php
SHA1,Raw Hash,NVIDIA A800 80GB PCIe,NVIDIA,Server; Data Center,22072300000,6.2.6,https://github.com/dosoos/hashcat_speeds
SHA1,Raw Hash,NVIDIA A100-PCIE-40GB,NVIDIA,Server; Data Center,21951200000,6.1.1,https://github.com/dosoos/hashcat_speeds
SHA1,Raw Hash,NVIDIA A100-SXM4-40GB,NVIDIA,Server; Data Center,21927900000,6.2.3,https://www.onlinehashcrack.com/tools-benchmark-hashcat-gtx-1080-ti-1070-ti-rtx-2080-ti-rtx-3090-3080-4090.php
SHA1,Raw Hash,AMD Radeon RX 7900 GRE,AMD,Consumer; Desktop,21584620370,6.2.4,https://openbenchmarking.org/test/pts/hashcat
SHA1,Raw Hash,NVIDIA GeForce RTX 3080 Ti,NVIDIA,Consumer; Desktop,21454115385,6.2.4,https://openbenchmarking.org/test/pts/hashcat
SHA1,Raw Hash,NVIDIA TITAN RTX,NVIDIA,Consumer; Desktop,20983400000,6.2.6,https://github.com/dosoos/hashcat_speeds
SHA1,Raw Hash,AMD Radeon RX 6800 XT,AMD,Consumer; Desktop,20694355556,6.2.4,https://openbenchmarking.org/test/pts/hashcat
SHA1,Raw Hash,NVIDIA GeForce RTX 3080,NVIDIA,Consumer; Desktop,19026300000,6.2.6-424-g3df97954c,https://www.onlinehashcrack.com/tools-benchmark-hashcat-gtx-1080-ti-1070-ti-rtx-2080-ti-rtx-3090-3080-4090.php
SHA1,Raw Hash,NVIDIA GeForce RTX 4070,NVIDIA,Consumer; Desktop,18067800000,6.2.6,https://github.com/dosoos/hashcat_speeds
SHA1,Raw Hash,NVIDIA Tesla V100-SXM2-16GB,NVIDIA,Server; Data Center,17704700000,6.2.6,https://github.com/dosoos/hashcat_speeds
SHA1,Raw Hash,AMD Radeon RX 7800 XT,AMD,Consumer; Desktop,17479126667,6.2.4,https://openbenchmarking.org/test/pts/hashcat
SHA1,Raw Hash,NVIDIA RTX 4000 Ada Generation,NVIDIA,Professional; Desktop,17136320833,7.1.2,https://openbenchmarking.org/test/pts/hashcat
SHA1,Raw Hash,AMD Radeon RX 7700 XT,AMD,Consumer; Desktop,16929476190,6.2.4,https://openbenchmarking.org/test/pts/hashcat
SHA1,Raw Hash,NVIDIA GeForce RTX 2080 Ti,NVIDIA,Consumer; Desktop,16823600000,6.2.6,https://www.onlinehashcrack.com/tools-benchmark-hashcat-gtx-1080-ti-1070-ti-rtx-2080-ti-rtx-3090-3080-4090.php
SHA1,Raw Hash,AMD Radeon RX 6800,AMD,Consumer; Desktop,16726216667,6.2.4,https://openbenchmarking.org/test/pts/hashcat
SHA1,Raw Hash,AMD Radeon RX 9070 GRE,AMD,Consumer; Desktop,16368033333,7.1.2,https://openbenchmarking.org/test/pts/hashcat
SHA1,Raw Hash,NVIDIA RTX A5000,NVIDIA,Professional; Desktop,16226600000,6.2.6,https://www.onlinehashcrack.com/tools-benchmark-hashcat-gtx-1080-ti-1070-ti-rtx-2080-ti-rtx-3090-3080-4090.php
SHA1,Raw Hash,Intel Arc A770,Intel,Consumer; Desktop,15768366667,7.1.2,https://openbenchmarking.org/test/pts/hashcat
SHA1,Raw Hash,NVIDIA GeForce RTX 2080 SUPER,NVIDIA,Consumer; Desktop,15316350000,6.2.4,https://openbenchmarking.org/test/pts/hashcat
SHA1,Raw Hash,Intel Arc B580 (BMG G21),Intel,Consumer; Desktop,14437433333,7.0,https://openbenchmarking.org/test/pts/hashcat
SHA1,Raw Hash,NVIDIA GeForce RTX 5060 Ti,NVIDIA,Consumer; Desktop,14398000000,7.1.2,https://github.com/dosoos/hashcat_speeds
SHA1,Raw Hash,NVIDIA CMP 50HX,NVIDIA,Mining; Desktop,14240300000,6.2.6,https://github.com/dosoos/hashcat_speeds
SHA1,Raw Hash,Intel Arc B580,Intel,Consumer; Desktop,14104388889,7.1.2,https://openbenchmarking.org/test/pts/hashcat
SHA1,Raw Hash,NVIDIA GeForce RTX 2080,NVIDIA,Consumer; Desktop,13992775000,6.2.4,https://openbenchmarking.org/test/pts/hashcat
SHA1,Raw Hash,NVIDIA CMP 90HX,NVIDIA,Mining; Desktop,13788100000,6.2.6,https://github.com/dosoos/hashcat_speeds
SHA1,Raw Hash,Intel Arc A580,Intel,Consumer; Desktop,13774108334,7.0,https://openbenchmarking.org/test/pts/hashcat
SHA1,Raw Hash,NVIDIA GeForce RTX 3070 Ti,NVIDIA,Consumer; Desktop,13348566667,6.2.4,https://openbenchmarking.org/test/pts/hashcat
SHA1,Raw Hash,AMD Radeon PRO W7700,AMD,Professional; Desktop,13107233333,7.0,https://openbenchmarking.org/test/pts/hashcat
SHA1,Raw Hash,NVIDIA GeForce RTX 3070,NVIDIA,Consumer; Desktop,12895249242,6.2.4,https://openbenchmarking.org/test/pts/hashcat
SHA1,Raw Hash,NVIDIA RTX PRO 2000 Blackwell,NVIDIA,Professional; Desktop,12883123333,7.1.2,https://openbenchmarking.org/test/pts/hashcat
SHA1,Raw Hash,AMD Radeon 8060S,AMD,Integrated; iGPU; Mobile,12828575000,7.0,https://openbenchmarking.org/test/pts/hashcat
SHA1,Raw Hash,Intel Arc B570,Intel,Consumer; Desktop,12259977778,7.0,https://openbenchmarking.org/test/pts/hashcat
SHA1,Raw Hash,NVIDIA GeForce GTX 1080 Ti,NVIDIA,Consumer; Desktop,12098400000,6.2.6,https://www.onlinehashcrack.com/tools-benchmark-hashcat-gtx-1080-ti-1070-ti-rtx-2080-ti-rtx-3090-3080-4090.php
SHA1,Raw Hash,NVIDIA GeForce RTX 2070 SUPER,NVIDIA,Consumer; Desktop,11283100000,6.2.6,https://www.onlinehashcrack.com/tools-benchmark-hashcat-gtx-1080-ti-1070-ti-rtx-2080-ti-rtx-3090-3080-4090.php
SHA1,Raw Hash,NVIDIA RTX A4000,NVIDIA,Professional; Desktop,11241827778,6.2.4,https://openbenchmarking.org/test/pts/hashcat
SHA1,Raw Hash,AMD Radeon RX Vega 64,AMD,Consumer; Desktop,10981816003,6.0.0,https://hashcat.net/hashcat/
SHA1,Raw Hash,NVIDIA GeForce RTX 3060 Ti,NVIDIA,Consumer; Desktop,10901510606,6.2.4,https://openbenchmarking.org/test/pts/hashcat
SHA1,Raw Hash,NVIDIA P102-100,NVIDIA,Mining; Desktop,10328500000,7.1.2,https://github.com/dosoos/hashcat_speeds
SHA1,Raw Hash,AMD Radeon RX 7600 XT,AMD,Consumer; Desktop,10261514583,6.2.4,https://openbenchmarking.org/test/pts/hashcat
SHA1,Raw Hash,NVIDIA GeForce RTX 2070,NVIDIA,Consumer; Desktop,10170057143,6.2.4,https://openbenchmarking.org/test/pts/hashcat
SHA1,Raw Hash,AMD Radeon RX 6600 XT,AMD,Consumer; Desktop,9987700000,6.2.4,https://gist.github.com/soxrok2212/7ebabe2136e48514ad579929af123037
SHA1,Raw Hash,NVIDIA Tesla P100-PCIE-16GB,NVIDIA,Server; Data Center,9653800000,6.2.6,https://www.onlinehashcrack.com/tools-benchmark-hashcat-gtx-1080-ti-1070-ti-rtx-2080-ti-rtx-3090-3080-4090.php
SHA1,Raw Hash,NVIDIA GeForce RTX 2060 SUPER,NVIDIA,Consumer; Desktop,9431137143,6.2.4,https://openbenchmarking.org/test/pts/hashcat
SHA1,Raw Hash,AMD Radeon RX 7600,AMD,Consumer; Desktop,9322285417,6.2.4,https://openbenchmarking.org/test/pts/hashcat
SHA1,Raw Hash,NVIDIA GeForce RTX 4060,NVIDIA,Consumer; Desktop,9258000000,6.2.6,https://github.com/dosoos/hashcat_speeds
SHA1,Raw Hash,NVIDIA Quadro RTX 4000,NVIDIA,Professional; Desktop,8733400000,6.2.4,https://openbenchmarking.org/test/pts/hashcat
SHA1,Raw Hash,NVIDIA Quadro RTX 5000 with Max-Q Design,NVIDIA,Professional; Mobile,8718566667,6.1.1,https://openbenchmarking.org/test/pts/hashcat
SHA1,Raw Hash,NVIDIA GeForce GTX 1080,NVIDIA,Consumer; Desktop,8653162500,6.1.1,https://openbenchmarking.org/test/pts/hashcat
SHA1,Raw Hash,NVIDIA RTX 2000 Ada Generation,NVIDIA,Professional; Desktop,8638773333,7.1.2,https://openbenchmarking.org/test/pts/hashcat
SHA1,Raw Hash,NVIDIA GeForce RTX 2060,NVIDIA,Consumer; Desktop,8301846032,6.2.4,https://openbenchmarking.org/test/pts/hashcat
SHA1,Raw Hash,AMD Radeon PRO W7600,AMD,Professional; Desktop,8196761111,7.0,https://openbenchmarking.org/test/pts/hashcat
SHA1,Raw Hash,NVIDIA GeForce RTX 3060,NVIDIA,Consumer; Desktop,7703330208,6.2.4,https://openbenchmarking.org/test/pts/hashcat
SHA1,Raw Hash,Intel Arc Pro B50,Intel,Professional; Desktop,7291356667,7.1.2,https://openbenchmarking.org/test/pts/hashcat
SHA1,Raw Hash,NVIDIA GeForce RTX 3060 Laptop,NVIDIA,Consumer; Mobile,7196811111,6.2.4,https://openbenchmarking.org/test/pts/hashcat
SHA1,Raw Hash,NVIDIA Tesla T4,NVIDIA,Server; Data Center,7081300000,6.2.6,https://www.onlinehashcrack.com/tools-benchmark-hashcat-gtx-1080-ti-1070-ti-rtx-2080-ti-rtx-3090-3080-4090.php
SHA1,Raw Hash,NVIDIA GeForce GTX 1660 Ti,NVIDIA,Consumer; Desktop,6673274603,6.2.4,https://openbenchmarking.org/test/pts/hashcat
SHA1,Raw Hash,NVIDIA P104-100,NVIDIA,Mining; Desktop,6485200000,6.2.6,https://github.com/dosoos/hashcat_speeds
SHA1,Raw Hash,NVIDIA GeForce GTX 1070,NVIDIA,Consumer; Desktop,6277800000,6.2.5-620-g31758f09a,https://github.com/dosoos/hashcat_speeds
SHA1,Raw Hash,NVIDIA GeForce GTX 1660 SUPER,NVIDIA,Consumer; Desktop,6180397619,6.2.4,https://openbenchmarking.org/test/pts/hashcat
SHA1,Raw Hash,Apple M1 Ultra,Apple,Integrated; SoC; Desktop,6097500000,6.2.5-340-g98b89e43d,https://gist.github.com/fhlip0
SHA1,Raw Hash,AMD Radeon PRO W7500,AMD,Professional; Desktop,5450920000,6.2.4,https://openbenchmarking.org/test/pts/hashcat
SHA1,Raw Hash,NVIDIA RTX A1000,NVIDIA,Professional; Desktop,4786555555,7.1.2,https://openbenchmarking.org/test/pts/hashcat
SHA1,Raw Hash,NVIDIA GeForce GTX 1060,NVIDIA,Consumer; Desktop,4479875000,6.2.4,https://openbenchmarking.org/test/pts/hashcat
SHA1,Raw Hash,Apple M3 Pro,Apple,Integrated; SoC; Mobile,3019900000,6.2.6-827-g46ce637d3,https://gist.github.com/Chick3nman/fdf7f9ddcc0a65f6725aefede99ada4e
SHA1,Raw Hash,NVIDIA Tesla M6,NVIDIA,Server; Data Center,2979466667,6.1.1,https://openbenchmarking.org/test/pts/hashcat
SHA1,Raw Hash,NVIDIA Quadro P2000,NVIDIA,Professional; Desktop,2087977778,6.1.1,https://openbenchmarking.org/test/pts/hashcat
SHA1,Raw Hash,NVIDIA GeForce GTX 950,NVIDIA,Consumer; Desktop,1678222222,6.1.1,https://openbenchmarking.org/test/pts/hashcat
SHA1,Raw Hash,NVIDIA RTX A400,NVIDIA,Professional; Desktop,1673444445,6.2.4,https://openbenchmarking.org/test/pts/hashcat
SHA1,Raw Hash,NVIDIA T400,NVIDIA,Professional; Desktop,1399977778,6.2.4,https://openbenchmarking.org/test/pts/hashcat
SHA1,Raw Hash,Intel Iris Xe TGL GT2,Intel,Integrated; iGPU; Mobile,1217815000,7.1.2,https://openbenchmarking.org/test/pts/hashcat
SHA1,Raw Hash,Intel Iris Xe ADL GT2,Intel,Integrated; iGPU,1123591111,7.1.2,https://openbenchmarking.org/test/pts/hashcat
SHA1,Raw Hash,AMD Radeon Vega 8,AMD,Integrated; iGPU,999088889,6.2.4,https://openbenchmarking.org/test/pts/hashcat
SHA1,Raw Hash,Intel UHD 730,Intel,Integrated; iGPU; Desktop,388700000,6.2.6,https://github.com/dosoos/hashcat_speeds
SHA1,Raw Hash,NVIDIA Tegra X1,NVIDIA,Embedded; SoC,330700000,6.2.6,https://hashcat.net/forum/printthread.php?tid=11520
TrueCrypt RIPEMD160 + XTS,Disk Encryption,NVIDIA RTX PRO 6000 Blackwell Workstation Edition,NVIDIA,Professional; Desktop,3097200,7.1.2,https://openbenchmarking.org/test/pts/hashcat
TrueCrypt RIPEMD160 + XTS,Disk Encryption,NVIDIA GeForce RTX 5090,NVIDIA,Consumer; Desktop,2779989,7.0,https://openbenchmarking.org/test/pts/hashcat
TrueCrypt RIPEMD160 + XTS,Disk Encryption,NVIDIA RTX PRO 6000 Blackwell Max-Q Workstation Edition,NVIDIA,Professional; Mobile,2265359,7.1.2,https://openbenchmarking.org/test/pts/hashcat
TrueCrypt RIPEMD160 + XTS,Disk Encryption,NVIDIA GeForce RTX 4090,NVIDIA,Consumer; Desktop,1900433,7.0,https://openbenchmarking.org/test/pts/hashcat
TrueCrypt RIPEMD160 + XTS,Disk Encryption,NVIDIA RTX PRO 5000 Blackwell,NVIDIA,Professional; Desktop,1668960,7.1.2,https://openbenchmarking.org/test/pts/hashcat
TrueCrypt RIPEMD160 + XTS,Disk Encryption,NVIDIA RTX 6000 Ada Generation,NVIDIA,Professional; Desktop,1544413,7.1.2,https://openbenchmarking.org/test/pts/hashcat
TrueCrypt RIPEMD160 + XTS,Disk Encryption,NVIDIA H100 SXM5 80GB,NVIDIA,Server; Data Center,1477800,6.2.6,https://www.onlinehashcrack.com/tools-benchmark-hashcat-gtx-1080-ti-1070-ti-rtx-2080-ti-rtx-3090-3080-4090.php
TrueCrypt RIPEMD160 + XTS,Disk Encryption,NVIDIA GeForce RTX 5080,NVIDIA,Consumer; Desktop,1345733,7.1.2,https://openbenchmarking.org/test/pts/hashcat
TrueCrypt RIPEMD160 + XTS,Disk Encryption,NVIDIA RTX PRO 4500 Blackwell,NVIDIA,Professional; Desktop,1249597,7.1.2,https://openbenchmarking.org/test/pts/hashcat
TrueCrypt RIPEMD160 + XTS,Disk Encryption,NVIDIA GeForce RTX 4080,NVIDIA,Consumer; Desktop,1125700,6.2.6-325-gea6173b30,https://github.com/dosoos/hashcat_speeds
TrueCrypt RIPEMD160 + XTS,Disk Encryption,NVIDIA GeForce RTX 4080 SUPER,NVIDIA,Consumer; Desktop,1118300,6.2.6,https://hashcat.net/forum/printthread.php?tid=11520
TrueCrypt RIPEMD160 + XTS,Disk Encryption,NVIDIA GeForce RTX 5070 Ti,NVIDIA,Consumer; Desktop,1070600,6.2.6,https://github.com/dosoos/hashcat_speeds
TrueCrypt RIPEMD160 + XTS,Disk Encryption,NVIDIA H100 PCIe,NVIDIA,Server; Data Center,1044100,6.2.6-514-gbf1d7d078,https://github.com/dosoos/hashcat_speeds
TrueCrypt RIPEMD160 + XTS,Disk Encryption,NVIDIA GeForce RTX 4070 Ti SUPER,NVIDIA,Consumer; Desktop,983346,6.2.4,https://openbenchmarking.org/test/pts/hashcat
TrueCrypt RIPEMD160 + XTS,Disk Encryption,NVIDIA GeForce RTX 3090 Ti,NVIDIA,Consumer; Desktop,939000,6.2.6-424-g3df97954c,https://www.onlinehashcrack.com/tools-benchmark-hashcat-gtx-1080-ti-1070-ti-rtx-2080-ti-rtx-3090-3080-4090.php
TrueCrypt RIPEMD160 + XTS,Disk Encryption,NVIDIA RTX PRO 4000 Blackwell,NVIDIA,Professional; Desktop,925733,7.1.2,https://openbenchmarking.org/test/pts/hashcat
TrueCrypt RIPEMD160 + XTS,Disk Encryption,AMD Radeon PRO W7900,AMD,Professional; Desktop,874832,7.1.2,https://openbenchmarking.org/test/pts/hashcat
TrueCrypt RIPEMD160 + XTS,Disk Encryption,AMD Radeon RX 7900 XTX,AMD,Consumer; Desktop,867100,6.2.6,https://docs.google.com/document/d/1q0dhInwifS8yDYQFYe0hTSECvaLE3LSqkR1dRZ-_PtM/edit
TrueCrypt RIPEMD160 + XTS,Disk Encryption,NVIDIA GeForce RTX 3090,NVIDIA,Consumer; Desktop,853400,6.2.5-656-gc8350eb55,https://www.onlinehashcrack.com/tools-benchmark-hashcat-gtx-1080-ti-1070-ti-rtx-2080-ti-rtx-3090-3080-4090.php
TrueCrypt RIPEMD160 + XTS,Disk Encryption,NVIDIA GeForce RTX 4070 SUPER,NVIDIA,Consumer; Desktop,840202,6.2.4,https://openbenchmarking.org/test/pts/hashcat
TrueCrypt RIPEMD160 + XTS,Disk Encryption,NVIDIA A100-SXM4-40GB,NVIDIA,Server; Data Center,831100,6.2.3,https://www.onlinehashcrack.com/tools-benchmark-hashcat-gtx-1080-ti-1070-ti-rtx-2080-ti-rtx-3090-3080-4090.php
TrueCrypt RIPEMD160 + XTS,Disk Encryption,NVIDIA A100-PCIE-40GB,NVIDIA,Server; Data Center,823800,6.1.1,https://github.com/dosoos/hashcat_speeds
TrueCrypt RIPEMD160 + XTS,Disk Encryption,NVIDIA A800 80GB PCIe,NVIDIA,Server; Data Center,822500,6.2.6,https://github.com/dosoos/hashcat_speeds
TrueCrypt RIPEMD160 + XTS,Disk Encryption,NVIDIA GeForce RTX 3080 Ti,NVIDIA,Consumer; Desktop,797133,6.2.4,https://openbenchmarking.org/test/pts/hashcat
TrueCrypt RIPEMD160 + XTS,Disk Encryption,AMD Radeon RX 7900 XT,AMD,Consumer; Desktop,747079,6.2.4,https://openbenchmarking.org/test/pts/hashcat
TrueCrypt RIPEMD160 + XTS,Disk Encryption,NVIDIA GeForce RTX 3080,NVIDIA,Consumer; Desktop,724000,6.2.6-424-g3df97954c,https://www.onlinehashcrack.com/tools-benchmark-hashcat-gtx-1080-ti-1070-ti-rtx-2080-ti-rtx-3090-3080-4090.php
TrueCrypt RIPEMD160 + XTS,Disk Encryption,NVIDIA TITAN RTX,NVIDIA,Consumer; Desktop,712500,6.2.6,https://github.com/dosoos/hashcat_speeds
TrueCrypt RIPEMD160 + XTS,Disk Encryption,AMD Radeon RX 6900 XT,AMD,Consumer; Desktop,703199,6.2.4,https://openbenchmarking.org/test/pts/hashcat
TrueCrypt RIPEMD160 + XTS,Disk Encryption,NVIDIA GeForce RTX 4070,NVIDIA,Consumer; Desktop,676200,6.2.6,https://github.com/dosoos/hashcat_speeds
TrueCrypt RIPEMD160 + XTS,Disk Encryption,NVIDIA Tesla V100-SXM2-16GB,NVIDIA,Server; Data Center,670900,6.2.6,https://github.com/dosoos/hashcat_speeds
TrueCrypt RIPEMD160 + XTS,Disk Encryption,NVIDIA GeForce RTX 5060 Ti,NVIDIA,Consumer; Desktop,648889,7.1.2,https://openbenchmarking.org/test/pts/hashcat
TrueCrypt RIPEMD160 + XTS,Disk Encryption,NVIDIA GeForce RTX 2080 Ti,NVIDIA,Consumer; Desktop,626200,6.2.6,https://www.onlinehashcrack.com/tools-benchmark-hashcat-gtx-1080-ti-1070-ti-rtx-2080-ti-rtx-3090-3080-4090.php
TrueCrypt RIPEMD160 + XTS,Disk Encryption,NVIDIA RTX A5000,NVIDIA,Professional; Desktop,614700,6.2.6,https://www.onlinehashcrack.com/tools-benchmark-hashcat-gtx-1080-ti-1070-ti-rtx-2080-ti-rtx-3090-3080-4090.php
TrueCrypt RIPEMD160 + XTS,Disk Encryption,NVIDIA RTX 4000 Ada Generation,NVIDIA,Professional; Desktop,588991,7.1.2,https://openbenchmarking.org/test/pts/hashcat
TrueCrypt RIPEMD160 + XTS,Disk Encryption,AMD Radeon RX 6800 XT,AMD,Consumer; Desktop,569584,6.2.4,https://openbenchmarking.org/test/pts/hashcat
TrueCrypt RIPEMD160 + XTS,Disk Encryption,AMD Radeon RX 9070 GRE,AMD,Consumer; Desktop,568900,7.1.2,https://openbenchmarking.org/test/pts/hashcat
TrueCrypt RIPEMD160 + XTS,Disk Encryption,NVIDIA GeForce RTX 2080 SUPER,NVIDIA,Consumer; Desktop,551463,6.2.4,https://openbenchmarking.org/test/pts/hashcat
TrueCrypt RIPEMD160 + XTS,Disk Encryption,NVIDIA CMP 50HX,NVIDIA,Mining; Desktop,532200,6.2.6,https://github.com/dosoos/hashcat_speeds
TrueCrypt RIPEMD160 + XTS,Disk Encryption,NVIDIA GeForce RTX 3070 Ti,NVIDIA,Consumer; Desktop,504525,6.2.4,https://openbenchmarking.org/test/pts/hashcat
TrueCrypt RIPEMD160 + XTS,Disk Encryption,NVIDIA GeForce RTX 2080,NVIDIA,Consumer; Desktop,503840,6.2.4,https://openbenchmarking.org/test/pts/hashcat
TrueCrypt RIPEMD160 + XTS,Disk Encryption,AMD Radeon RX 7800 XT,AMD,Consumer; Desktop,503429,6.2.4,https://openbenchmarking.org/test/pts/hashcat
TrueCrypt RIPEMD160 + XTS,Disk Encryption,NVIDIA CMP 90HX,NVIDIA,Mining; Desktop,488800,6.2.6,https://github.com/dosoos/hashcat_speeds
TrueCrypt RIPEMD160 + XTS,Disk Encryption,NVIDIA GeForce RTX 3070,NVIDIA,Consumer; Desktop,486693,6.2.4,https://openbenchmarking.org/test/pts/hashcat
TrueCrypt RIPEMD160 + XTS,Disk Encryption,NVIDIA RTX PRO 2000 Blackwell,NVIDIA,Professional; Desktop,471223,7.1.2,https://openbenchmarking.org/test/pts/hashcat
TrueCrypt RIPEMD160 + XTS,Disk Encryption,AMD Radeon 8060S,AMD,Integrated; iGPU; Mobile,433733,7.0,https://openbenchmarking.org/test/pts/hashcat
TrueCrypt RIPEMD160 + XTS,Disk Encryption,Intel Arc B580 (BMG G21),Intel,Consumer; Desktop,432733,7.0,https://openbenchmarking.org/test/pts/hashcat
TrueCrypt RIPEMD160 + XTS,Disk Encryption,NVIDIA GeForce RTX 2070 SUPER,NVIDIA,Consumer; Desktop,424100,6.2.6,https://www.onlinehashcrack.com/tools-benchmark-hashcat-gtx-1080-ti-1070-ti-rtx-2080-ti-rtx-3090-3080-4090.php
TrueCrypt RIPEMD160 + XTS,Disk Encryption,AMD Radeon PRO W7700,AMD,Professional; Desktop,413171,7.0,https://openbenchmarking.org/test/pts/hashcat
TrueCrypt RIPEMD160 + XTS,Disk Encryption,Intel Arc B580,Intel,Consumer; Desktop,412478,7.1.2,https://openbenchmarking.org/test/pts/hashcat
TrueCrypt RIPEMD160 + XTS,Disk Encryption,NVIDIA GeForce RTX 3060 Ti,NVIDIA,Consumer; Desktop,410226,6.2.4,https://openbenchmarking.org/test/pts/hashcat
TrueCrypt RIPEMD160 + XTS,Disk Encryption,NVIDIA RTX A4000,NVIDIA,Professional; Desktop,398718,6.2.4,https://openbenchmarking.org/test/pts/hashcat
TrueCrypt RIPEMD160 + XTS,Disk Encryption,AMD Radeon RX 7700 XT,AMD,Consumer; Desktop,398074,6.2.4,https://openbenchmarking.org/test/pts/hashcat
TrueCrypt RIPEMD160 + XTS,Disk Encryption,NVIDIA GeForce GTX 1080 Ti,NVIDIA,Consumer; Desktop,396400,6.2.6,https://www.onlinehashcrack.com/tools-benchmark-hashcat-gtx-1080-ti-1070-ti-rtx-2080-ti-rtx-3090-3080-4090.php
TrueCrypt RIPEMD160 + XTS,Disk Encryption,Intel Arc A770,Intel,Consumer; Desktop,385667,7.1.2,https://openbenchmarking.org/test/pts/hashcat
TrueCrypt RIPEMD160 + XTS,Disk Encryption,AMD Radeon RX Vega 64,AMD,Consumer; Desktop,375695,6.0.0,https://hashcat.net/hashcat/
TrueCrypt RIPEMD160 + XTS,Disk Encryption,NVIDIA GeForce RTX 2070,NVIDIA,Consumer; Desktop,365643,6.2.4,https://openbenchmarking.org/test/pts/hashcat
TrueCrypt RIPEMD160 + XTS,Disk Encryption,Intel Arc B570,Intel,Consumer; Desktop,353613,7.0,https://openbenchmarking.org/test/pts/hashcat
TrueCrypt RIPEMD160 + XTS,Disk Encryption,NVIDIA GeForce RTX 2060 SUPER,NVIDIA,Consumer; Desktop,346007,6.2.4,https://openbenchmarking.org/test/pts/hashcat
TrueCrypt RIPEMD160 + XTS,Disk Encryption,NVIDIA GeForce RTX 4060,NVIDIA,Consumer; Desktop,333400,6.2.6,https://github.com/dosoos/hashcat_speeds
TrueCrypt RIPEMD160 + XTS,Disk Encryption,Intel Arc A580,Intel,Consumer; Desktop,326975,7.0,https://openbenchmarking.org/test/pts/hashcat
TrueCrypt RIPEMD160 + XTS,Disk Encryption,Intel Arc A750,Intel,Consumer; Desktop,319353,6.2.4,https://openbenchmarking.org/test/pts/hashcat
TrueCrypt RIPEMD160 + XTS,Disk Encryption,AMD Radeon RX 7600 XT,AMD,Consumer; Desktop,316805,6.2.4,https://openbenchmarking.org/test/pts/hashcat
TrueCrypt RIPEMD160 + XTS,Disk Encryption,NVIDIA Quadro RTX 4000,NVIDIA,Professional; Desktop,314583,6.2.4,https://openbenchmarking.org/test/pts/hashcat
TrueCrypt RIPEMD160 + XTS,Disk Encryption,NVIDIA Quadro RTX 5000 with Max-Q Design,NVIDIA,Professional; Mobile,311433,6.1.1,https://openbenchmarking.org/test/pts/hashcat
TrueCrypt RIPEMD160 + XTS,Disk Encryption,NVIDIA GeForce RTX 2060,NVIDIA,Consumer; Desktop,305597,6.2.4,https://openbenchmarking.org/test/pts/hashcat
TrueCrypt RIPEMD160 + XTS,Disk Encryption,AMD Radeon RX 6600 XT,AMD,Consumer; Desktop,301600,6.2.4,https://gist.github.com/soxrok2212/7ebabe2136e48514ad579929af123037
TrueCrypt RIPEMD160 + XTS,Disk Encryption,NVIDIA RTX 2000 Ada Generation,NVIDIA,Professional; Desktop,301464,7.1.2,https://openbenchmarking.org/test/pts/hashcat
TrueCrypt RIPEMD160 + XTS,Disk Encryption,NVIDIA Tesla P100-PCIE-16GB,NVIDIA,Server; Data Center,292800,6.2.6,https://www.onlinehashcrack.com/tools-benchmark-hashcat-gtx-1080-ti-1070-ti-rtx-2080-ti-rtx-3090-3080-4090.php
TrueCrypt RIPEMD160 + XTS,Disk Encryption,NVIDIA GeForce RTX 3060,NVIDIA,Consumer; Desktop,289314,6.2.4,https://openbenchmarking.org/test/pts/hashcat
TrueCrypt RIPEMD160 + XTS,Disk Encryption,NVIDIA GeForce GTX 1080,NVIDIA,Consumer; Desktop,279388,6.1.1,https://openbenchmarking.org/test/pts/hashcat
TrueCrypt RIPEMD160 + XTS,Disk Encryption,AMD Radeon PRO W7600,AMD,Professional; Desktop,264289,7.0,https://openbenchmarking.org/test/pts/hashcat
TrueCrypt RIPEMD160 + XTS,Disk Encryption,NVIDIA Tesla T4,NVIDIA,Server; Data Center,255200,6.2.6,https://www.onlinehashcrack.com/tools-benchmark-hashcat-gtx-1080-ti-1070-ti-rtx-2080-ti-rtx-3090-3080-4090.php
TrueCrypt RIPEMD160 + XTS,Disk Encryption,AMD Radeon RX 7600,AMD,Consumer; Desktop,255174,6.2.4,https://openbenchmarking.org/test/pts/hashcat
TrueCrypt RIPEMD160 + XTS,Disk Encryption,NVIDIA GeForce GTX 1660 Ti,NVIDIA,Consumer; Desktop,252707,6.2.4,https://openbenchmarking.org/test/pts/hashcat
TrueCrypt RIPEMD160 + XTS,Disk Encryption,NVIDIA GeForce GTX 1660 SUPER,NVIDIA,Consumer; Desktop,232798,6.2.4,https://openbenchmarking.org/test/pts/hashcat
TrueCrypt RIPEMD160 + XTS,Disk Encryption,NVIDIA GeForce GTX 1070,NVIDIA,Consumer; Desktop,217000,6.2.5-620-g31758f09a,https://github.com/dosoos/hashcat_speeds
TrueCrypt RIPEMD160 + XTS,Disk Encryption,NVIDIA P104-100,NVIDIA,Mining; Desktop,215500,6.2.6,https://github.com/dosoos/hashcat_speeds
TrueCrypt RIPEMD160 + XTS,Disk Encryption,Intel Arc Pro B50,Intel,Professional; Desktop,212884,7.1.2,https://openbenchmarking.org/test/pts/hashcat
TrueCrypt RIPEMD160 + XTS,Disk Encryption,AMD Radeon PRO W7500,AMD,Professional; Desktop,168317,6.2.4,https://openbenchmarking.org/test/pts/hashcat
TrueCrypt RIPEMD160 + XTS,Disk Encryption,NVIDIA RTX A1000,NVIDIA,Professional; Desktop,165600,7.1.2,https://openbenchmarking.org/test/pts/hashcat
TrueCrypt RIPEMD160 + XTS,Disk Encryption,Apple M1 Ultra,Apple,Integrated; SoC; Desktop,154700,6.2.5-340-g98b89e43d,https://gist.github.com/fhlip0
TrueCrypt RIPEMD160 + XTS,Disk Encryption,NVIDIA GeForce GTX 1060,NVIDIA,Consumer; Desktop,135115,6.2.4,https://openbenchmarking.org/test/pts/hashcat
TrueCrypt RIPEMD160 + XTS,Disk Encryption,Apple M3 Pro,Apple,Integrated; SoC; Mobile,101900,6.2.6-827-g46ce637d3,https://gist.github.com/Chick3nman/fdf7f9ddcc0a65f6725aefede99ada4e
TrueCrypt RIPEMD160 + XTS,Disk Encryption,Intel Arc A380,Intel,Consumer; Desktop,101474,6.2.4,https://openbenchmarking.org/test/pts/hashcat
TrueCrypt RIPEMD160 + XTS,Disk Encryption,Intel Iris Xe TGL GT2,Intel,Integrated; iGPU; Mobile,31378,7.1.2,https://openbenchmarking.org/test/pts/hashcat
TrueCrypt RIPEMD160 + XTS,Disk Encryption,Intel UHD 730,Intel,Integrated; iGPU; Desktop,12178,6.2.6,https://github.com/dosoos/hashcat_speeds
TrueCrypt RIPEMD160 + XTS,Disk Encryption,NVIDIA Tegra X1,NVIDIA,Embedded; SoC,10928,6.2.6,https://hashcat.net/forum/printthread.php?tid=11520
VeraCrypt RIPEMD160 + XTS 1024 bit,Disk Encryption,NVIDIA GeForce RTX 5090,NVIDIA,Consumer; Desktop,4062,6.2.6-851-g6716447df,https://github.com/dosoos/hashcat_speeds
VeraCrypt RIPEMD160 + XTS 1024 bit,Disk Encryption,NVIDIA GeForce RTX 4090,NVIDIA,Consumer; Desktop,3786,6.2.6,https://github.com/dosoos/hashcat_speeds
VeraCrypt RIPEMD160 + XTS 1024 bit,Disk Encryption,NVIDIA RTX 6000 Ada Generation,NVIDIA,Professional; Desktop,3057,6.2.6,https://github.com/dosoos/hashcat_speeds
VeraCrypt RIPEMD160 + XTS 1024 bit,Disk Encryption,NVIDIA GeForce RTX 4080,NVIDIA,Consumer; Desktop,2113,6.2.6-325-gea6173b30,https://github.com/dosoos/hashcat_speeds
VeraCrypt RIPEMD160 + XTS 1024 bit,Disk Encryption,NVIDIA H100 PCIe,NVIDIA,Server; Data Center,2045,6.2.6-514-gbf1d7d078,https://github.com/dosoos/hashcat_speeds
VeraCrypt RIPEMD160 + XTS 1024 bit,Disk Encryption,NVIDIA GeForce RTX 3090 Ti,NVIDIA,Consumer; Desktop,1783,6.2.6-424-g3df97954c,https://www.onlinehashcrack.com/tools-benchmark-hashcat-gtx-1080-ti-1070-ti-rtx-2080-ti-rtx-3090-3080-4090.php
VeraCrypt RIPEMD160 + XTS 1024 bit,Disk Encryption,NVIDIA GeForce RTX 3090,NVIDIA,Consumer; Desktop,1627,6.2.5-656-gc8350eb55,https://www.onlinehashcrack.com/tools-benchmark-hashcat-gtx-1080-ti-1070-ti-rtx-2080-ti-rtx-3090-3080-4090.php
VeraCrypt RIPEMD160 + XTS 1024 bit,Disk Encryption,NVIDIA A100-PCIE-40GB,NVIDIA,Server; Data Center,1531,6.1.1,https://github.com/dosoos/hashcat_speeds
VeraCrypt RIPEMD160 + XTS 1024 bit,Disk Encryption,NVIDIA GeForce RTX 3080 Ti,NVIDIA,Consumer; Desktop,1508,6.2.3,https://www.onlinehashcrack.com/tools-benchmark-hashcat-gtx-1080-ti-1070-ti-rtx-2080-ti-rtx-3090-3080-4090.php
VeraCrypt RIPEMD160 + XTS 1024 bit,Disk Encryption,NVIDIA TITAN RTX,NVIDIA,Consumer; Desktop,1385,6.2.6,https://github.com/dosoos/hashcat_speeds
VeraCrypt RIPEMD160 + XTS 1024 bit,Disk Encryption,NVIDIA GeForce RTX 3080,NVIDIA,Consumer; Desktop,1336,6.2.6-424-g3df97954c,https://www.onlinehashcrack.com/tools-benchmark-hashcat-gtx-1080-ti-1070-ti-rtx-2080-ti-rtx-3090-3080-4090.php
VeraCrypt RIPEMD160 + XTS 1024 bit,Disk Encryption,NVIDIA GeForce RTX 2080 Ti,NVIDIA,Consumer; Desktop,1199,6.2.6,https://www.onlinehashcrack.com/tools-benchmark-hashcat-gtx-1080-ti-1070-ti-rtx-2080-ti-rtx-3090-3080-4090.php
VeraCrypt RIPEMD160 + XTS 1024 bit,Disk Encryption,NVIDIA Tesla V100-SXM2-16GB,NVIDIA,Server; Data Center,1178,6.2.6,https://github.com/dosoos/hashcat_speeds
VeraCrypt RIPEMD160 + XTS 1024 bit,Disk Encryption,AMD Radeon RX 6800 XT,AMD,Consumer; Desktop,1131,6.1.1-120-g15bf8b730,https://gist.github.com/epixoip/99085955a1145ff61ec83512a50421a7
VeraCrypt RIPEMD160 + XTS 1024 bit,Disk Encryption,NVIDIA GeForce RTX 2070 SUPER,NVIDIA,Consumer; Desktop,780,6.2.6,https://www.onlinehashcrack.com/tools-benchmark-hashcat-gtx-1080-ti-1070-ti-rtx-2080-ti-rtx-3090-3080-4090.php
VeraCrypt RIPEMD160 + XTS 1024 bit,Disk Encryption,NVIDIA GeForce GTX 1080 Ti,NVIDIA,Consumer; Desktop,724,6.2.6,https://www.onlinehashcrack.com/tools-benchmark-hashcat-gtx-1080-ti-1070-ti-rtx-2080-ti-rtx-3090-3080-4090.php
VeraCrypt RIPEMD160 + XTS 1024 bit,Disk Encryption,AMD Radeon RX 6600 XT,AMD,Consumer; Desktop,557,6.2.4,https://gist.github.com/soxrok2212/7ebabe2136e48514ad579929af123037
VeraCrypt RIPEMD160 + XTS 1024 bit,Disk Encryption,NVIDIA Tesla P100-PCIE-16GB,NVIDIA,Server; Data Center,525,6.2.6,https://www.onlinehashcrack.com/tools-benchmark-hashcat-gtx-1080-ti-1070-ti-rtx-2080-ti-rtx-3090-3080-4090.php
VeraCrypt RIPEMD160 + XTS 1024 bit,Disk Encryption,NVIDIA Tesla T4,NVIDIA,Server; Data Center,453,6.2.6,https://www.onlinehashcrack.com/tools-benchmark-hashcat-gtx-1080-ti-1070-ti-rtx-2080-ti-rtx-3090-3080-4090.php
VeraCrypt RIPEMD160 + XTS 1024 bit,Disk Encryption,Apple M1 Ultra,Apple,Integrated; SoC; Desktop,287,6.2.5-340-g98b89e43d,https://gist.github.com/fhlip0
VeraCrypt RIPEMD160 + XTS 1024 bit,Disk Encryption,Apple M3 Pro,Apple,Integrated; SoC; Mobile,165,6.2.6-827-g46ce637d3,https://gist.github.com/Chick3nman/fdf7f9ddcc0a65f6725aefede99ada4e
VeraCrypt RIPEMD160 + XTS 1024 bit,Disk Encryption,NVIDIA Tegra X1,NVIDIA,Embedded; SoC,21,6.2.6,https://hashcat.net/forum/printthread.php?tid=11520
VeraCrypt RIPEMD160 + XTS 1024 bit + boot-mode,Disk Encryption,NVIDIA GeForce RTX 5090,NVIDIA,Consumer; Desktop,8093,6.2.6-851-g6716447df,https://github.com/dosoos/hashcat_speeds
VeraCrypt RIPEMD160 + XTS 1024 bit + boot-mode,Disk Encryption,NVIDIA GeForce RTX 4090,NVIDIA,Consumer; Desktop,7528,6.2.6,https://github.com/dosoos/hashcat_speeds
VeraCrypt RIPEMD160 + XTS 1024 bit + boot-mode,Disk Encryption,NVIDIA RTX 6000 Ada Generation,NVIDIA,Professional; Desktop,6060,6.2.6,https://github.com/dosoos/hashcat_speeds
VeraCrypt RIPEMD160 + XTS 1024 bit + boot-mode,Disk Encryption,NVIDIA GeForce RTX 4080,NVIDIA,Consumer; Desktop,4480,6.2.6-325-gea6173b30,https://github.com/dosoos/hashcat_speeds
VeraCrypt RIPEMD160 + XTS 1024 bit + boot-mode,Disk Encryption,NVIDIA H100 PCIe,NVIDIA,Server; Data Center,4135,6.2.6-514-gbf1d7d078,https://github.com/dosoos/hashcat_speeds
VeraCrypt RIPEMD160 + XTS 1024 bit + boot-mode,Disk Encryption,NVIDIA GeForce RTX 3090 Ti,NVIDIA,Consumer; Desktop,3569,6.2.6-424-g3df97954c,https://www.onlinehashcrack.com/tools-benchmark-hashcat-gtx-1080-ti-1070-ti-rtx-2080-ti-rtx-3090-3080-4090.php
VeraCrypt RIPEMD160 + XTS 1024 bit + boot-mode,Disk Encryption,NVIDIA GeForce RTX 3090,NVIDIA,Consumer; Desktop,3254,6.2.5-656-gc8350eb55,https://www.onlinehashcrack.com/tools-benchmark-hashcat-gtx-1080-ti-1070-ti-rtx-2080-ti-rtx-3090-3080-4090.php
VeraCrypt RIPEMD160 + XTS 1024 bit + boot-mode,Disk Encryption,NVIDIA A100-PCIE-40GB,NVIDIA,Server; Data Center,3057,6.1.1,https://github.com/dosoos/hashcat_speeds
VeraCrypt RIPEMD160 + XTS 1024 bit + boot-mode,Disk Encryption,NVIDIA GeForce RTX 3080 Ti,NVIDIA,Consumer; Desktop,3020,6.2.3,https://www.onlinehashcrack.com/tools-benchmark-hashcat-gtx-1080-ti-1070-ti-rtx-2080-ti-rtx-3090-3080-4090.php
VeraCrypt RIPEMD160 + XTS 1024 bit + boot-mode,Disk Encryption,NVIDIA TITAN RTX,NVIDIA,Consumer; Desktop,2781,6.2.6,https://github.com/dosoos/hashcat_speeds
VeraCrypt RIPEMD160 + XTS 1024 bit + boot-mode,Disk Encryption,NVIDIA GeForce RTX 3080,NVIDIA,Consumer; Desktop,2657,6.2.6-424-g3df97954c,https://www.onlinehashcrack.com/tools-benchmark-hashcat-gtx-1080-ti-1070-ti-rtx-2080-ti-rtx-3090-3080-4090.php
VeraCrypt RIPEMD160 + XTS 1024 bit + boot-mode,Disk Encryption,NVIDIA GeForce RTX 2080 Ti,NVIDIA,Consumer; Desktop,2361,6.2.6,https://www.onlinehashcrack.com/tools-benchmark-hashcat-gtx-1080-ti-1070-ti-rtx-2080-ti-rtx-3090-3080-4090.php
VeraCrypt RIPEMD160 + XTS 1024 bit + boot-mode,Disk Encryption,NVIDIA Tesla V100-SXM2-16GB,NVIDIA,Server; Data Center,2339,6.2.6,https://github.com/dosoos/hashcat_speeds
VeraCrypt RIPEMD160 + XTS 1024 bit + boot-mode,Disk Encryption,AMD Radeon RX 6800 XT,AMD,Consumer; Desktop,2279,6.1.1-120-g15bf8b730,https://gist.github.com/epixoip/99085955a1145ff61ec83512a50421a7
VeraCrypt RIPEMD160 + XTS 1024 bit + boot-mode,Disk Encryption,NVIDIA GeForce RTX 2070 SUPER,NVIDIA,Consumer; Desktop,1594,6.2.6,https://www.onlinehashcrack.com/tools-benchmark-hashcat-gtx-1080-ti-1070-ti-rtx-2080-ti-rtx-3090-3080-4090.php
VeraCrypt RIPEMD160 + XTS 1024 bit + boot-mode,Disk Encryption,NVIDIA GeForce GTX 1080 Ti,NVIDIA,Consumer; Desktop,1444,6.2.6,https://www.onlinehashcrack.com/tools-benchmark-hashcat-gtx-1080-ti-1070-ti-rtx-2080-ti-rtx-3090-3080-4090.php
VeraCrypt RIPEMD160 + XTS 1024 bit + boot-mode,Disk Encryption,AMD Radeon RX 6600 XT,AMD,Consumer; Desktop,1109,6.2.4,https://gist.github.com/soxrok2212/7ebabe2136e48514ad579929af123037
VeraCrypt RIPEMD160 + XTS 1024 bit + boot-mode,Disk Encryption,NVIDIA Tesla P100-PCIE-16GB,NVIDIA,Server; Data Center,1050,6.2.6,https://www.onlinehashcrack.com/tools-benchmark-hashcat-gtx-1080-ti-1070-ti-rtx-2080-ti-rtx-3090-3080-4090.php
VeraCrypt RIPEMD160 + XTS 1024 bit + boot-mode,Disk Encryption,NVIDIA Tesla T4,NVIDIA,Server; Data Center,925,6.2.6,https://www.onlinehashcrack.com/tools-benchmark-hashcat-gtx-1080-ti-1070-ti-rtx-2080-ti-rtx-3090-3080-4090.php
VeraCrypt RIPEMD160 + XTS 1024 bit + boot-mode,Disk Encryption,Apple M1 Ultra,Apple,Integrated; SoC; Desktop,592,6.2.5-340-g98b89e43d,https://gist.github.com/fhlip0
VeraCrypt RIPEMD160 + XTS 1024 bit + boot-mode,Disk Encryption,Apple M3 Pro,Apple,Integrated; SoC; Mobile,345,6.2.6-827-g46ce637d3,https://gist.github.com/Chick3nman/fdf7f9ddcc0a65f6725aefede99ada4e
VeraCrypt RIPEMD160 + XTS 1024 bit + boot-mode,Disk Encryption,NVIDIA Tegra X1,NVIDIA,Embedded; SoC,41,6.2.6,https://hashcat.net/forum/printthread.php?tid=11520
VeraCrypt RIPEMD160 + XTS 1536 bit,Disk Encryption,NVIDIA GeForce RTX 5090,NVIDIA,Consumer; Desktop,2848,6.2.6-851-g6716447df,https://github.com/dosoos/hashcat_speeds
VeraCrypt RIPEMD160 + XTS 1536 bit,Disk Encryption,NVIDIA GeForce RTX 4090,NVIDIA,Consumer; Desktop,2649,6.2.6,https://github.com/dosoos/hashcat_speeds
VeraCrypt RIPEMD160 + XTS 1536 bit,Disk Encryption,NVIDIA RTX 6000 Ada Generation,NVIDIA,Professional; Desktop,2143,6.2.6,https://github.com/dosoos/hashcat_speeds
VeraCrypt RIPEMD160 + XTS 1536 bit,Disk Encryption,NVIDIA GeForce RTX 4080,NVIDIA,Consumer; Desktop,1526,6.2.6-325-gea6173b30,https://github.com/dosoos/hashcat_speeds
VeraCrypt RIPEMD160 + XTS 1536 bit,Disk Encryption,NVIDIA H100 PCIe,NVIDIA,Server; Data Center,1438,6.2.6-514-gbf1d7d078,https://github.com/dosoos/hashcat_speeds
VeraCrypt RIPEMD160 + XTS 1536 bit,Disk Encryption,NVIDIA GeForce RTX 3090 Ti,NVIDIA,Consumer; Desktop,1244,6.2.6-424-g3df97954c,https://www.onlinehashcrack.com/tools-benchmark-hashcat-gtx-1080-ti-1070-ti-rtx-2080-ti-rtx-3090-3080-4090.php
VeraCrypt RIPEMD160 + XTS 1536 bit,Disk Encryption,NVIDIA GeForce RTX 3090,NVIDIA,Consumer; Desktop,1142,6.2.5-656-gc8350eb55,https://www.onlinehashcrack.com/tools-benchmark-hashcat-gtx-1080-ti-1070-ti-rtx-2080-ti-rtx-3090-3080-4090.php
VeraCrypt RIPEMD160 + XTS 1536 bit,Disk Encryption,NVIDIA A100-PCIE-40GB,NVIDIA,Server; Data Center,1074,6.1.1,https://github.com/dosoos/hashcat_speeds
VeraCrypt RIPEMD160 + XTS 1536 bit,Disk Encryption,NVIDIA GeForce RTX 3080 Ti,NVIDIA,Consumer; Desktop,998,6.2.3,https://www.onlinehashcrack.com/tools-benchmark-hashcat-gtx-1080-ti-1070-ti-rtx-2080-ti-rtx-3090-3080-4090.php
VeraCrypt RIPEMD160 + XTS 1536 bit,Disk Encryption,NVIDIA TITAN RTX,NVIDIA,Consumer; Desktop,978,6.2.6,https://github.com/dosoos/hashcat_speeds
VeraCrypt RIPEMD160 + XTS 1536 bit,Disk Encryption,NVIDIA GeForce RTX 3080,NVIDIA,Consumer; Desktop,934,6.2.6-424-g3df97954c,https://www.onlinehashcrack.com/tools-benchmark-hashcat-gtx-1080-ti-1070-ti-rtx-2080-ti-rtx-3090-3080-4090.php
VeraCrypt RIPEMD160 + XTS 1536 bit,Disk Encryption,NVIDIA GeForce RTX 2080 Ti,NVIDIA,Consumer; Desktop,839,6.2.6,https://www.onlinehashcrack.com/tools-benchmark-hashcat-gtx-1080-ti-1070-ti-rtx-2080-ti-rtx-3090-3080-4090.php
VeraCrypt RIPEMD160 + XTS 1536 bit,Disk Encryption,NVIDIA Tesla V100-SXM2-16GB,NVIDIA,Server; Data Center,823,6.2.6,https://github.com/dosoos/hashcat_speeds
VeraCrypt RIPEMD160 + XTS 1536 bit,Disk Encryption,AMD Radeon RX 6800 XT,AMD,Consumer; Desktop,800,6.1.1-120-g15bf8b730,https://gist.github.com/epixoip/99085955a1145ff61ec83512a50421a7
VeraCrypt RIPEMD160 + XTS 1536 bit,Disk Encryption,NVIDIA GeForce RTX 2070 SUPER,NVIDIA,Consumer; Desktop,543,6.2.6,https://www.onlinehashcrack.com/tools-benchmark-hashcat-gtx-1080-ti-1070-ti-rtx-2080-ti-rtx-3090-3080-4090.php
VeraCrypt RIPEMD160 + XTS 1536 bit,Disk Encryption,NVIDIA GeForce GTX 1080 Ti,NVIDIA,Consumer; Desktop,496,6.2.6,https://www.onlinehashcrack.com/tools-benchmark-hashcat-gtx-1080-ti-1070-ti-rtx-2080-ti-rtx-3090-3080-4090.php
VeraCrypt RIPEMD160 + XTS 1536 bit,Disk Encryption,AMD Radeon RX 6600 XT,AMD,Consumer; Desktop,389,6.2.4,https://gist.github.com/soxrok2212/7ebabe2136e48514ad579929af123037
VeraCrypt RIPEMD160 + XTS 1536 bit,Disk Encryption,NVIDIA Tesla P100-PCIE-16GB,NVIDIA,Server; Data Center,368,6.2.6,https://www.onlinehashcrack.com/tools-benchmark-hashcat-gtx-1080-ti-1070-ti-rtx-2080-ti-rtx-3090-3080-4090.php
VeraCrypt RIPEMD160 + XTS 1536 bit,Disk Encryption,NVIDIA Tesla T4,NVIDIA,Server; Data Center,297,6.2.6,https://www.onlinehashcrack.com/tools-benchmark-hashcat-gtx-1080-ti-1070-ti-rtx-2080-ti-rtx-3090-3080-4090.php
VeraCrypt RIPEMD160 + XTS 1536 bit,Disk Encryption,Apple M1 Ultra,Apple,Integrated; SoC; Desktop,192,6.2.5-340-g98b89e43d,https://gist.github.com/fhlip0
VeraCrypt RIPEMD160 + XTS 1536 bit,Disk Encryption,Apple M3 Pro,Apple,Integrated; SoC; Mobile,105,6.2.6-827-g46ce637d3,https://gist.github.com/Chick3nman/fdf7f9ddcc0a65f6725aefede99ada4e
VeraCrypt RIPEMD160 + XTS 1536 bit,Disk Encryption,NVIDIA Tegra X1,NVIDIA,Embedded; SoC,14,6.2.6,https://hashcat.net/forum/printthread.php?tid=11520
VeraCrypt RIPEMD160 + XTS 1536 bit + boot-mode,Disk Encryption,NVIDIA GeForce RTX 5090,NVIDIA,Consumer; Desktop,5676,6.2.6-851-g6716447df,https://github.com/dosoos/hashcat_speeds
VeraCrypt RIPEMD160 + XTS 1536 bit + boot-mode,Disk Encryption,NVIDIA GeForce RTX 4090,NVIDIA,Consumer; Desktop,5271,6.2.6,https://github.com/dosoos/hashcat_speeds
VeraCrypt RIPEMD160 + XTS 1536 bit + boot-mode,Disk Encryption,NVIDIA RTX 6000 Ada Generation,NVIDIA,Professional; Desktop,4233,6.2.6,https://github.com/dosoos/hashcat_speeds
VeraCrypt RIPEMD160 + XTS 1536 bit + boot-mode,Disk Encryption,NVIDIA GeForce RTX 4080,NVIDIA,Consumer; Desktop,3098,6.2.6-325-gea6173b30,https://github.com/dosoos/hashcat_speeds
VeraCrypt RIPEMD160 + XTS 1536 bit + boot-mode,Disk Encryption,NVIDIA H100 PCIe,NVIDIA,Server; Data Center,2872,6.2.6-514-gbf1d7d078,https://github.com/dosoos/hashcat_speeds
VeraCrypt RIPEMD160 + XTS 1536 bit + boot-mode,Disk Encryption,NVIDIA GeForce RTX 3090 Ti,NVIDIA,Consumer; Desktop,2498,6.2.6-424-g3df97954c,https://www.onlinehashcrack.com/tools-benchmark-hashcat-gtx-1080-ti-1070-ti-rtx-2080-ti-rtx-3090-3080-4090.php
VeraCrypt RIPEMD160 + XTS 1536 bit + boot-mode,Disk Encryption,NVIDIA GeForce RTX 3090,NVIDIA,Consumer; Desktop,2267,6.2.5-656-gc8350eb55,https://www.onlinehashcrack.com/tools-benchmark-hashcat-gtx-1080-ti-1070-ti-rtx-2080-ti-rtx-3090-3080-4090.php
VeraCrypt RIPEMD160 + XTS 1536 bit + boot-mode,Disk Encryption,NVIDIA A100-PCIE-40GB,NVIDIA,Server; Data Center,2142,6.1.1,https://github.com/dosoos/hashcat_speeds
VeraCrypt RIPEMD160 + XTS 1536 bit + boot-mode,Disk Encryption,NVIDIA GeForce RTX 3080 Ti,NVIDIA,Consumer; Desktop,2074,6.2.3,https://www.onlinehashcrack.com/tools-benchmark-hashcat-gtx-1080-ti-1070-ti-rtx-2080-ti-rtx-3090-3080-4090.php
VeraCrypt RIPEMD160 + XTS 1536 bit + boot-mode,Disk Encryption,NVIDIA TITAN RTX,NVIDIA,Consumer; Desktop,1942,6.2.6,https://github.com/dosoos/hashcat_speeds
VeraCrypt RIPEMD160 + XTS 1536 bit + boot-mode,Disk Encryption,NVIDIA GeForce RTX 3080,NVIDIA,Consumer; Desktop,1860,6.2.6-424-g3df97954c,https://www.onlinehashcrack.com/tools-benchmark-hashcat-gtx-1080-ti-1070-ti-rtx-2080-ti-rtx-3090-3080-4090.php
VeraCrypt RIPEMD160 + XTS 1536 bit + boot-mode,Disk Encryption,NVIDIA Tesla V100-SXM2-16GB,NVIDIA,Server; Data Center,1642,6.2.6,https://github.com/dosoos/hashcat_speeds
VeraCrypt RIPEMD160 + XTS 1536 bit + boot-mode,Disk Encryption,NVIDIA GeForce RTX 2080 Ti,NVIDIA,Consumer; Desktop,1619,6.2.6,https://www.onlinehashcrack.com/tools-benchmark-hashcat-gtx-1080-ti-1070-ti-rtx-2080-ti-rtx-3090-3080-4090.php
VeraCrypt RIPEMD160 + XTS 1536 bit + boot-mode,Disk Encryption,AMD Radeon RX 6800 XT,AMD,Consumer; Desktop,1588,6.1.1-120-g15bf8b730,https://gist.github.com/epixoip/99085955a1145ff61ec83512a50421a7
VeraCrypt RIPEMD160 + XTS 1536 bit + boot-mode,Disk Encryption,NVIDIA GeForce RTX 2070 SUPER,NVIDIA,Consumer; Desktop,1111,6.2.6,https://www.onlinehashcrack.com/tools-benchmark-hashcat-gtx-1080-ti-1070-ti-rtx-2080-ti-rtx-3090-3080-4090.php
VeraCrypt RIPEMD160 + XTS 1536 bit + boot-mode,Disk Encryption,NVIDIA GeForce GTX 1080 Ti,NVIDIA,Consumer; Desktop,1003,6.2.6,https://www.onlinehashcrack.com/tools-benchmark-hashcat-gtx-1080-ti-1070-ti-rtx-2080-ti-rtx-3090-3080-4090.php
VeraCrypt RIPEMD160 + XTS 1536 bit + boot-mode,Disk Encryption,AMD Radeon RX 6600 XT,AMD,Consumer; Desktop,778,6.2.4,https://gist.github.com/soxrok2212/7ebabe2136e48514ad579929af123037
VeraCrypt RIPEMD160 + XTS 1536 bit + boot-mode,Disk Encryption,NVIDIA Tesla P100-PCIE-16GB,NVIDIA,Server; Data Center,730,6.2.6,https://www.onlinehashcrack.com/tools-benchmark-hashcat-gtx-1080-ti-1070-ti-rtx-2080-ti-rtx-3090-3080-4090.php
VeraCrypt RIPEMD160 + XTS 1536 bit + boot-mode,Disk Encryption,NVIDIA Tesla T4,NVIDIA,Server; Data Center,605,6.2.6,https://www.onlinehashcrack.com/tools-benchmark-hashcat-gtx-1080-ti-1070-ti-rtx-2080-ti-rtx-3090-3080-4090.php
VeraCrypt RIPEMD160 + XTS 1536 bit + boot-mode,Disk Encryption,Apple M1 Ultra,Apple,Integrated; SoC; Desktop,378,6.2.5-340-g98b89e43d,https://gist.github.com/fhlip0
VeraCrypt RIPEMD160 + XTS 1536 bit + boot-mode,Disk Encryption,Apple M3 Pro,Apple,Integrated; SoC; Mobile,231,6.2.6-827-g46ce637d3,https://gist.github.com/Chick3nman/fdf7f9ddcc0a65f6725aefede99ada4e
VeraCrypt RIPEMD160 + XTS 1536 bit + boot-mode,Disk Encryption,NVIDIA Tegra X1,NVIDIA,Embedded; SoC,29,6.2.6,https://hashcat.net/forum/printthread.php?tid=11520
VeraCrypt RIPEMD160 + XTS 512 bit,Disk Encryption,NVIDIA GeForce RTX 5090,NVIDIA,Consumer; Desktop,8268,6.2.6-851-g6716447df,https://github.com/dosoos/hashcat_speeds
VeraCrypt RIPEMD160 + XTS 512 bit,Disk Encryption,NVIDIA GeForce RTX 4090,NVIDIA,Consumer; Desktop,6622,6.2.6,https://github.com/dosoos/hashcat_speeds
VeraCrypt RIPEMD160 + XTS 512 bit,Disk Encryption,NVIDIA RTX 6000 Ada Generation,NVIDIA,Professional; Desktop,5334,6.2.6,https://github.com/dosoos/hashcat_speeds
VeraCrypt RIPEMD160 + XTS 512 bit,Disk Encryption,NVIDIA GeForce RTX 4080,NVIDIA,Consumer; Desktop,3828,6.2.6-325-gea6173b30,https://github.com/dosoos/hashcat_speeds
VeraCrypt RIPEMD160 + XTS 512 bit,Disk Encryption,NVIDIA H100 PCIe,NVIDIA,Server; Data Center,3625,6.2.6-514-gbf1d7d078,https://github.com/dosoos/hashcat_speeds
VeraCrypt RIPEMD160 + XTS 512 bit,Disk Encryption,NVIDIA GeForce RTX 3090 Ti,NVIDIA,Consumer; Desktop,3119,6.2.6-424-g3df97954c,https://www.onlinehashcrack.com/tools-benchmark-hashcat-gtx-1080-ti-1070-ti-rtx-2080-ti-rtx-3090-3080-4090.php
VeraCrypt RIPEMD160 + XTS 512 bit,Disk Encryption,NVIDIA GeForce RTX 3090,NVIDIA,Consumer; Desktop,2841,6.2.5-656-gc8350eb55,https://www.onlinehashcrack.com/tools-benchmark-hashcat-gtx-1080-ti-1070-ti-rtx-2080-ti-rtx-3090-3080-4090.php
VeraCrypt RIPEMD160 + XTS 512 bit,Disk Encryption,NVIDIA A100-PCIE-40GB,NVIDIA,Server; Data Center,2711,6.1.1,https://github.com/dosoos/hashcat_speeds
VeraCrypt RIPEMD160 + XTS 512 bit,Disk Encryption,NVIDIA GeForce RTX 3080 Ti,NVIDIA,Consumer; Desktop,2649,6.2.3,https://www.onlinehashcrack.com/tools-benchmark-hashcat-gtx-1080-ti-1070-ti-rtx-2080-ti-rtx-3090-3080-4090.php
VeraCrypt RIPEMD160 + XTS 512 bit,Disk Encryption,NVIDIA TITAN RTX,NVIDIA,Consumer; Desktop,2437,6.2.6,https://github.com/dosoos/hashcat_speeds
VeraCrypt RIPEMD160 + XTS 512 bit,Disk Encryption,NVIDIA GeForce RTX 3080,NVIDIA,Consumer; Desktop,2366,6.2.6-424-g3df97954c,https://www.onlinehashcrack.com/tools-benchmark-hashcat-gtx-1080-ti-1070-ti-rtx-2080-ti-rtx-3090-3080-4090.php
VeraCrypt RIPEMD160 + XTS 512 bit,Disk Encryption,NVIDIA GeForce RTX 2080 Ti,NVIDIA,Consumer; Desktop,2099,6.2.6,https://www.onlinehashcrack.com/tools-benchmark-hashcat-gtx-1080-ti-1070-ti-rtx-2080-ti-rtx-3090-3080-4090.php
VeraCrypt RIPEMD160 + XTS 512 bit,Disk Encryption,NVIDIA Tesla V100-SXM2-16GB,NVIDIA,Server; Data Center,2036,6.2.6,https://github.com/dosoos/hashcat_speeds
VeraCrypt RIPEMD160 + XTS 512 bit,Disk Encryption,AMD Radeon RX 6800 XT,AMD,Consumer; Desktop,2024,6.1.1-120-g15bf8b730,https://gist.github.com/epixoip/99085955a1145ff61ec83512a50421a7
VeraCrypt RIPEMD160 + XTS 512 bit,Disk Encryption,NVIDIA GeForce RTX 2070 SUPER,NVIDIA,Consumer; Desktop,1384,6.2.6,https://www.onlinehashcrack.com/tools-benchmark-hashcat-gtx-1080-ti-1070-ti-rtx-2080-ti-rtx-3090-3080-4090.php
VeraCrypt RIPEMD160 + XTS 512 bit,Disk Encryption,NVIDIA GeForce GTX 1080 Ti,NVIDIA,Consumer; Desktop,1263,6.2.6,https://www.onlinehashcrack.com/tools-benchmark-hashcat-gtx-1080-ti-1070-ti-rtx-2080-ti-rtx-3090-3080-4090.php
VeraCrypt RIPEMD160 + XTS 512 bit,Disk Encryption,AMD Radeon RX Vega 64,AMD,Consumer; Desktop,1199,6.0.0,https://hashcat.net/hashcat/
VeraCrypt RIPEMD160 + XTS 512 bit,Disk Encryption,AMD Radeon RX 6600 XT,AMD,Consumer; Desktop,964,6.2.4,https://gist.github.com/soxrok2212/7ebabe2136e48514ad579929af123037
VeraCrypt RIPEMD160 + XTS 512 bit,Disk Encryption,NVIDIA Tesla P100-PCIE-16GB,NVIDIA,Server; Data Center,913,6.2.6,https://www.onlinehashcrack.com/tools-benchmark-hashcat-gtx-1080-ti-1070-ti-rtx-2080-ti-rtx-3090-3080-4090.php
VeraCrypt RIPEMD160 + XTS 512 bit,Disk Encryption,NVIDIA Tesla T4,NVIDIA,Server; Data Center,817,6.2.6,https://www.onlinehashcrack.com/tools-benchmark-hashcat-gtx-1080-ti-1070-ti-rtx-2080-ti-rtx-3090-3080-4090.php
VeraCrypt RIPEMD160 + XTS 512 bit,Disk Encryption,Apple M1 Ultra,Apple,Integrated; SoC; Desktop,496,6.2.5-340-g98b89e43d,https://gist.github.com/fhlip0
VeraCrypt RIPEMD160 + XTS 512 bit,Disk Encryption,Apple M3 Pro,Apple,Integrated; SoC; Mobile,289,6.2.6-827-g46ce637d3,https://gist.github.com/Chick3nman/fdf7f9ddcc0a65f6725aefede99ada4e
VeraCrypt RIPEMD160 + XTS 512 bit,Disk Encryption,NVIDIA Tegra X1,NVIDIA,Embedded; SoC,36,6.2.6,https://hashcat.net/forum/printthread.php?tid=11520
VeraCrypt RIPEMD160 + XTS 512 bit + boot-mode,Disk Encryption,NVIDIA GeForce RTX 5090,NVIDIA,Consumer; Desktop,16908,6.2.6-851-g6716447df,https://github.com/dosoos/hashcat_speeds
VeraCrypt RIPEMD160 + XTS 512 bit + boot-mode,Disk Encryption,NVIDIA GeForce RTX 4090,NVIDIA,Consumer; Desktop,13127,6.2.6,https://github.com/dosoos/hashcat_speeds
VeraCrypt RIPEMD160 + XTS 512 bit + boot-mode,Disk Encryption,NVIDIA RTX 6000 Ada Generation,NVIDIA,Professional; Desktop,10726,6.2.6,https://github.com/dosoos/hashcat_speeds
VeraCrypt RIPEMD160 + XTS 512 bit + boot-mode,Disk Encryption,NVIDIA GeForce RTX 4080,NVIDIA,Consumer; Desktop,7714,6.2.6-325-gea6173b30,https://github.com/dosoos/hashcat_speeds
VeraCrypt RIPEMD160 + XTS 512 bit + boot-mode,Disk Encryption,NVIDIA H100 PCIe,NVIDIA,Server; Data Center,7256,6.2.6-514-gbf1d7d078,https://github.com/dosoos/hashcat_speeds
VeraCrypt RIPEMD160 + XTS 512 bit + boot-mode,Disk Encryption,NVIDIA GeForce RTX 3090 Ti,NVIDIA,Consumer; Desktop,6265,6.2.6-424-g3df97954c,https://www.onlinehashcrack.com/tools-benchmark-hashcat-gtx-1080-ti-1070-ti-rtx-2080-ti-rtx-3090-3080-4090.php
VeraCrypt RIPEMD160 + XTS 512 bit + boot-mode,Disk Encryption,NVIDIA GeForce RTX 3090,NVIDIA,Consumer; Desktop,5716,6.2.5-656-gc8350eb55,https://www.onlinehashcrack.com/tools-benchmark-hashcat-gtx-1080-ti-1070-ti-rtx-2080-ti-rtx-3090-3080-4090.php
VeraCrypt RIPEMD160 + XTS 512 bit + boot-mode,Disk Encryption,NVIDIA A100-PCIE-40GB,NVIDIA,Server; Data Center,5491,6.1.1,https://github.com/dosoos/hashcat_speeds
VeraCrypt RIPEMD160 + XTS 512 bit + boot-mode,Disk Encryption,NVIDIA GeForce RTX 3080 Ti,NVIDIA,Consumer; Desktop,5273,6.2.3,https://www.onlinehashcrack.com/tools-benchmark-hashcat-gtx-1080-ti-1070-ti-rtx-2080-ti-rtx-3090-3080-4090.php
VeraCrypt RIPEMD160 + XTS 512 bit + boot-mode,Disk Encryption,NVIDIA TITAN RTX,NVIDIA,Consumer; Desktop,4891,6.2.6,https://github.com/dosoos/hashcat_speeds
VeraCrypt RIPEMD160 + XTS 512 bit + boot-mode,Disk Encryption,NVIDIA GeForce RTX 3080,NVIDIA,Consumer; Desktop,4725,6.2.6-424-g3df97954c,https://www.onlinehashcrack.com/tools-benchmark-hashcat-gtx-1080-ti-1070-ti-rtx-2080-ti-rtx-3090-3080-4090.php
VeraCrypt RIPEMD160 + XTS 512 bit + boot-mode,Disk Encryption,NVIDIA GeForce RTX 2080 Ti,NVIDIA,Consumer; Desktop,4190,6.2.6,https://www.onlinehashcrack.com/tools-benchmark-hashcat-gtx-1080-ti-1070-ti-rtx-2080-ti-rtx-3090-3080-4090.php
VeraCrypt RIPEMD160 + XTS 512 bit + boot-mode,Disk Encryption,NVIDIA Tesla V100-SXM2-16GB,NVIDIA,Server; Data Center,4076,6.2.6,https://github.com/dosoos/hashcat_speeds
VeraCrypt RIPEMD160 + XTS 512 bit + boot-mode,Disk Encryption,AMD Radeon RX 6800 XT,AMD,Consumer; Desktop,4013,6.1.1-120-g15bf8b730,https://gist.github.com/epixoip/99085955a1145ff61ec83512a50421a7
VeraCrypt RIPEMD160 + XTS 512 bit + boot-mode,Disk Encryption,NVIDIA GeForce RTX 2070 SUPER,NVIDIA,Consumer; Desktop,2809,6.2.6,https://www.onlinehashcrack.com/tools-benchmark-hashcat-gtx-1080-ti-1070-ti-rtx-2080-ti-rtx-3090-3080-4090.php
VeraCrypt RIPEMD160 + XTS 512 bit + boot-mode,Disk Encryption,NVIDIA GeForce GTX 1080 Ti,NVIDIA,Consumer; Desktop,2524,6.2.6,https://www.onlinehashcrack.com/tools-benchmark-hashcat-gtx-1080-ti-1070-ti-rtx-2080-ti-rtx-3090-3080-4090.php
VeraCrypt RIPEMD160 + XTS 512 bit + boot-mode,Disk Encryption,AMD Radeon RX Vega 64,AMD,Consumer; Desktop,2400,6.0.0,https://hashcat.net/hashcat/
VeraCrypt RIPEMD160 + XTS 512 bit + boot-mode,Disk Encryption,AMD Radeon RX 6600 XT,AMD,Consumer; Desktop,1939,6.2.4,https://gist.github.com/soxrok2212/7ebabe2136e48514ad579929af123037
VeraCrypt RIPEMD160 + XTS 512 bit + boot-mode,Disk Encryption,NVIDIA Tesla P100-PCIE-16GB,NVIDIA,Server; Data Center,1845,6.2.6,https://www.onlinehashcrack.com/tools-benchmark-hashcat-gtx-1080-ti-1070-ti-rtx-2080-ti-rtx-3090-3080-4090.php
VeraCrypt RIPEMD160 + XTS 512 bit + boot-mode,Disk Encryption,NVIDIA Tesla T4,NVIDIA,Server; Data Center,1675,6.2.6,https://www.onlinehashcrack.com/tools-benchmark-hashcat-gtx-1080-ti-1070-ti-rtx-2080-ti-rtx-3090-3080-4090.php
VeraCrypt RIPEMD160 + XTS 512 bit + boot-mode,Disk Encryption,Apple M1 Ultra,Apple,Integrated; SoC; Desktop,995,6.2.5-340-g98b89e43d,https://gist.github.com/fhlip0
VeraCrypt RIPEMD160 + XTS 512 bit + boot-mode,Disk Encryption,Apple M3 Pro,Apple,Integrated; SoC; Mobile,604,6.2.6-827-g46ce637d3,https://gist.github.com/Chick3nman/fdf7f9ddcc0a65f6725aefede99ada4e
VeraCrypt RIPEMD160 + XTS 512 bit + boot-mode,Disk Encryption,NVIDIA Tegra X1,NVIDIA,Embedded; SoC,73,6.2.6,https://hashcat.net/forum/printthread.php?tid=11520
VeraCrypt SHA256 + XTS 1024 bit,Disk Encryption,NVIDIA GeForce RTX 5090,NVIDIA,Consumer; Desktop,4903,6.2.6-851-g6716447df,https://github.com/dosoos/hashcat_speeds
VeraCrypt SHA256 + XTS 1024 bit,Disk Encryption,NVIDIA GeForce RTX 4090,NVIDIA,Consumer; Desktop,4557,6.2.6,https://github.com/dosoos/hashcat_speeds
VeraCrypt SHA256 + XTS 1024 bit,Disk Encryption,NVIDIA RTX 6000 Ada Generation,NVIDIA,Professional; Desktop,3883,6.2.6,https://github.com/dosoos/hashcat_speeds
VeraCrypt SHA256 + XTS 1024 bit,Disk Encryption,NVIDIA GeForce RTX 4080,NVIDIA,Consumer; Desktop,2597,6.2.6-325-gea6173b30,https://github.com/dosoos/hashcat_speeds
VeraCrypt SHA256 + XTS 1024 bit,Disk Encryption,NVIDIA H100 PCIe,NVIDIA,Server; Data Center,2468,6.2.6-514-gbf1d7d078,https://github.com/dosoos/hashcat_speeds
VeraCrypt SHA256 + XTS 1024 bit,Disk Encryption,NVIDIA GeForce RTX 3090 Ti,NVIDIA,Consumer; Desktop,2180,6.2.6-424-g3df97954c,https://www.onlinehashcrack.com/tools-benchmark-hashcat-gtx-1080-ti-1070-ti-rtx-2080-ti-rtx-3090-3080-4090.php
VeraCrypt SHA256 + XTS 1024 bit,Disk Encryption,NVIDIA GeForce RTX 3090,NVIDIA,Consumer; Desktop,2001,6.2.5-656-gc8350eb55,https://www.onlinehashcrack.com/tools-benchmark-hashcat-gtx-1080-ti-1070-ti-rtx-2080-ti-rtx-3090-3080-4090.php
VeraCrypt SHA256 + XTS 1024 bit,Disk Encryption,NVIDIA A100-PCIE-40GB,NVIDIA,Server; Data Center,1908,6.1.1,https://github.com/dosoos/hashcat_speeds
VeraCrypt SHA256 + XTS 1024 bit,Disk Encryption,NVIDIA GeForce RTX 3080 Ti,NVIDIA,Consumer; Desktop,1820,6.2.3,https://www.onlinehashcrack.com/tools-benchmark-hashcat-gtx-1080-ti-1070-ti-rtx-2080-ti-rtx-3090-3080-4090.php
VeraCrypt SHA256 + XTS 1024 bit,Disk Encryption,AMD Radeon RX 6800 XT,AMD,Consumer; Desktop,1723,6.1.1-120-g15bf8b730,https://gist.github.com/epixoip/99085955a1145ff61ec83512a50421a7
VeraCrypt SHA256 + XTS 1024 bit,Disk Encryption,NVIDIA TITAN RTX,NVIDIA,Consumer; Desktop,1683,6.2.6,https://github.com/dosoos/hashcat_speeds
VeraCrypt SHA256 + XTS 1024 bit,Disk Encryption,NVIDIA GeForce RTX 3080,NVIDIA,Consumer; Desktop,1649,6.2.6-424-g3df97954c,https://www.onlinehashcrack.com/tools-benchmark-hashcat-gtx-1080-ti-1070-ti-rtx-2080-ti-rtx-3090-3080-4090.php
VeraCrypt SHA256 + XTS 1024 bit,Disk Encryption,NVIDIA GeForce RTX 2080 Ti,NVIDIA,Consumer; Desktop,1483,6.2.6,https://www.onlinehashcrack.com/tools-benchmark-hashcat-gtx-1080-ti-1070-ti-rtx-2080-ti-rtx-3090-3080-4090.php
VeraCrypt SHA256 + XTS 1024 bit,Disk Encryption,NVIDIA Tesla V100-SXM2-16GB,NVIDIA,Server; Data Center,1299,6.2.6,https://github.com/dosoos/hashcat_speeds
VeraCrypt SHA256 + XTS 1024 bit,Disk Encryption,NVIDIA GeForce RTX 2070 SUPER,NVIDIA,Consumer; Desktop,973,6.2.6,https://www.onlinehashcrack.com/tools-benchmark-hashcat-gtx-1080-ti-1070-ti-rtx-2080-ti-rtx-3090-3080-4090.php
VeraCrypt SHA256 + XTS 1024 bit,Disk Encryption,NVIDIA GeForce GTX 1080 Ti,NVIDIA,Consumer; Desktop,901,6.2.6,https://www.onlinehashcrack.com/tools-benchmark-hashcat-gtx-1080-ti-1070-ti-rtx-2080-ti-rtx-3090-3080-4090.php
VeraCrypt SHA256 + XTS 1024 bit,Disk Encryption,AMD Radeon RX 6600 XT,AMD,Consumer; Desktop,841,6.2.4,https://gist.github.com/soxrok2212/7ebabe2136e48514ad579929af123037
VeraCrypt SHA256 + XTS 1024 bit,Disk Encryption,NVIDIA Tesla P100-PCIE-16GB,NVIDIA,Server; Data Center,634,6.2.6,https://www.onlinehashcrack.com/tools-benchmark-hashcat-gtx-1080-ti-1070-ti-rtx-2080-ti-rtx-3090-3080-4090.php
VeraCrypt SHA256 + XTS 1024 bit,Disk Encryption,NVIDIA Tesla T4,NVIDIA,Server; Data Center,603,6.2.6,https://www.onlinehashcrack.com/tools-benchmark-hashcat-gtx-1080-ti-1070-ti-rtx-2080-ti-rtx-3090-3080-4090.php
VeraCrypt SHA256 + XTS 1024 bit,Disk Encryption,Apple M1 Ultra,Apple,Integrated; SoC; Desktop,294,6.2.5-340-g98b89e43d,https://gist.github.com/fhlip0
VeraCrypt SHA256 + XTS 1024 bit,Disk Encryption,Apple M3 Pro,Apple,Integrated; SoC; Mobile,202,6.2.6-827-g46ce637d3,https://gist.github.com/Chick3nman/fdf7f9ddcc0a65f6725aefede99ada4e
VeraCrypt SHA256 + XTS 1024 bit,Disk Encryption,NVIDIA Tegra X1,NVIDIA,Embedded; SoC,25,6.2.6,https://hashcat.net/forum/printthread.php?tid=11520
VeraCrypt SHA256 + XTS 1024 bit + boot-mode,Disk Encryption,NVIDIA GeForce RTX 5090,NVIDIA,Consumer; Desktop,12229,6.2.6-851-g6716447df,https://github.com/dosoos/hashcat_speeds
VeraCrypt SHA256 + XTS 1024 bit + boot-mode,Disk Encryption,NVIDIA GeForce RTX 4090,NVIDIA,Consumer; Desktop,11360,6.2.6,https://github.com/dosoos/hashcat_speeds
VeraCrypt SHA256 + XTS 1024 bit + boot-mode,Disk Encryption,NVIDIA RTX 6000 Ada Generation,NVIDIA,Professional; Desktop,9646,6.2.6,https://github.com/dosoos/hashcat_speeds
VeraCrypt SHA256 + XTS 1024 bit + boot-mode,Disk Encryption,NVIDIA GeForce RTX 4080,NVIDIA,Consumer; Desktop,6574,6.2.6-325-gea6173b30,https://github.com/dosoos/hashcat_speeds
VeraCrypt SHA256 + XTS 1024 bit + boot-mode,Disk Encryption,NVIDIA H100 PCIe,NVIDIA,Server; Data Center,6129,6.2.6-514-gbf1d7d078,https://github.com/dosoos/hashcat_speeds
VeraCrypt SHA256 + XTS 1024 bit + boot-mode,Disk Encryption,NVIDIA GeForce RTX 3090 Ti,NVIDIA,Consumer; Desktop,5443,6.2.6-424-g3df97954c,https://www.onlinehashcrack.com/tools-benchmark-hashcat-gtx-1080-ti-1070-ti-rtx-2080-ti-rtx-3090-3080-4090.php
VeraCrypt SHA256 + XTS 1024 bit + boot-mode,Disk Encryption,NVIDIA GeForce RTX 3090,NVIDIA,Consumer; Desktop,4982,6.2.5-656-gc8350eb55,https://www.onlinehashcrack.com/tools-benchmark-hashcat-gtx-1080-ti-1070-ti-rtx-2080-ti-rtx-3090-3080-4090.php
VeraCrypt SHA256 + XTS 1024 bit + boot-mode,Disk Encryption,NVIDIA A100-PCIE-40GB,NVIDIA,Server; Data Center,4748,6.1.1,https://github.com/dosoos/hashcat_speeds
VeraCrypt SHA256 + XTS 1024 bit + boot-mode,Disk Encryption,NVIDIA GeForce RTX 3080 Ti,NVIDIA,Consumer; Desktop,4536,6.2.3,https://www.onlinehashcrack.com/tools-benchmark-hashcat-gtx-1080-ti-1070-ti-rtx-2080-ti-rtx-3090-3080-4090.php
VeraCrypt SHA256 + XTS 1024 bit + boot-mode,Disk Encryption,NVIDIA TITAN RTX,NVIDIA,Consumer; Desktop,4214,6.2.6,https://github.com/dosoos/hashcat_speeds
VeraCrypt SHA256 + XTS 1024 bit + boot-mode,Disk Encryption,AMD Radeon RX 6800 XT,AMD,Consumer; Desktop,4196,6.1.1-120-g15bf8b730,https://gist.github.com/epixoip/99085955a1145ff61ec83512a50421a7
VeraCrypt SHA256 + XTS 1024 bit + boot-mode,Disk Encryption,NVIDIA GeForce RTX 3080,NVIDIA,Consumer; Desktop,4091,6.2.6-424-g3df97954c,https://www.onlinehashcrack.com/tools-benchmark-hashcat-gtx-1080-ti-1070-ti-rtx-2080-ti-rtx-3090-3080-4090.php
VeraCrypt SHA256 + XTS 1024 bit + boot-mode,Disk Encryption,NVIDIA GeForce RTX 2080 Ti,NVIDIA,Consumer; Desktop,3665,6.2.6,https://www.onlinehashcrack.com/tools-benchmark-hashcat-gtx-1080-ti-1070-ti-rtx-2080-ti-rtx-3090-3080-4090.php
VeraCrypt SHA256 + XTS 1024 bit + boot-mode,Disk Encryption,NVIDIA Tesla V100-SXM2-16GB,NVIDIA,Server; Data Center,3312,6.2.6,https://github.com/dosoos/hashcat_speeds
VeraCrypt SHA256 + XTS 1024 bit + boot-mode,Disk Encryption,NVIDIA GeForce RTX 2070 SUPER,NVIDIA,Consumer; Desktop,2434,6.2.6,https://www.onlinehashcrack.com/tools-benchmark-hashcat-gtx-1080-ti-1070-ti-rtx-2080-ti-rtx-3090-3080-4090.php
VeraCrypt SHA256 + XTS 1024 bit + boot-mode,Disk Encryption,NVIDIA GeForce GTX 1080 Ti,NVIDIA,Consumer; Desktop,2230,6.2.6,https://www.onlinehashcrack.com/tools-benchmark-hashcat-gtx-1080-ti-1070-ti-rtx-2080-ti-rtx-3090-3080-4090.php
VeraCrypt SHA256 + XTS 1024 bit + boot-mode,Disk Encryption,AMD Radeon RX 6600 XT,AMD,Consumer; Desktop,2096,6.2.4,https://gist.github.com/soxrok2212/7ebabe2136e48514ad579929af123037
VeraCrypt SHA256 + XTS 1024 bit + boot-mode,Disk Encryption,NVIDIA Tesla P100-PCIE-16GB,NVIDIA,Server; Data Center,1593,6.2.6,https://www.onlinehashcrack.com/tools-benchmark-hashcat-gtx-1080-ti-1070-ti-rtx-2080-ti-rtx-3090-3080-4090.php
VeraCrypt SHA256 + XTS 1024 bit + boot-mode,Disk Encryption,NVIDIA Tesla T4,NVIDIA,Server; Data Center,1501,6.2.6,https://www.onlinehashcrack.com/tools-benchmark-hashcat-gtx-1080-ti-1070-ti-rtx-2080-ti-rtx-3090-3080-4090.php
VeraCrypt SHA256 + XTS 1024 bit + boot-mode,Disk Encryption,Apple M1 Ultra,Apple,Integrated; SoC; Desktop,830,6.2.5-340-g98b89e43d,https://gist.github.com/fhlip0
VeraCrypt SHA256 + XTS 1024 bit + boot-mode,Disk Encryption,Apple M3 Pro,Apple,Integrated; SoC; Mobile,531,6.2.6-827-g46ce637d3,https://gist.github.com/Chick3nman/fdf7f9ddcc0a65f6725aefede99ada4e
VeraCrypt SHA256 + XTS 1024 bit + boot-mode,Disk Encryption,NVIDIA Tegra X1,NVIDIA,Embedded; SoC,63,6.2.6,https://hashcat.net/forum/printthread.php?tid=11520
VeraCrypt SHA256 + XTS 1536 bit,Disk Encryption,NVIDIA GeForce RTX 5090,NVIDIA,Consumer; Desktop,3691,6.2.6-851-g6716447df,https://github.com/dosoos/hashcat_speeds
VeraCrypt SHA256 + XTS 1536 bit,Disk Encryption,NVIDIA GeForce RTX 4090,NVIDIA,Consumer; Desktop,3044,6.2.6,https://github.com/dosoos/hashcat_speeds
VeraCrypt SHA256 + XTS 1536 bit,Disk Encryption,NVIDIA RTX 6000 Ada Generation,NVIDIA,Professional; Desktop,2606,6.2.6,https://github.com/dosoos/hashcat_speeds
VeraCrypt SHA256 + XTS 1536 bit,Disk Encryption,NVIDIA GeForce RTX 4080,NVIDIA,Consumer; Desktop,1760,6.2.6-325-gea6173b30,https://github.com/dosoos/hashcat_speeds
VeraCrypt SHA256 + XTS 1536 bit,Disk Encryption,NVIDIA H100 PCIe,NVIDIA,Server; Data Center,1566,6.2.6-514-gbf1d7d078,https://github.com/dosoos/hashcat_speeds
VeraCrypt SHA256 + XTS 1536 bit,Disk Encryption,NVIDIA GeForce RTX 3090 Ti,NVIDIA,Consumer; Desktop,1451,6.2.6-424-g3df97954c,https://www.onlinehashcrack.com/tools-benchmark-hashcat-gtx-1080-ti-1070-ti-rtx-2080-ti-rtx-3090-3080-4090.php
VeraCrypt SHA256 + XTS 1536 bit,Disk Encryption,NVIDIA GeForce RTX 3090,NVIDIA,Consumer; Desktop,1336,6.2.5-656-gc8350eb55,https://www.onlinehashcrack.com/tools-benchmark-hashcat-gtx-1080-ti-1070-ti-rtx-2080-ti-rtx-3090-3080-4090.php
VeraCrypt SHA256 + XTS 1536 bit,Disk Encryption,NVIDIA A100-PCIE-40GB,NVIDIA,Server; Data Center,1275,6.1.1,https://github.com/dosoos/hashcat_speeds
VeraCrypt SHA256 + XTS 1536 bit,Disk Encryption,NVIDIA GeForce RTX 3080 Ti,NVIDIA,Consumer; Desktop,1178,6.2.3,https://www.onlinehashcrack.com/tools-benchmark-hashcat-gtx-1080-ti-1070-ti-rtx-2080-ti-rtx-3090-3080-4090.php
VeraCrypt SHA256 + XTS 1536 bit,Disk Encryption,AMD Radeon RX 6800 XT,AMD,Consumer; Desktop,1137,6.1.1-120-g15bf8b730,https://gist.github.com/epixoip/99085955a1145ff61ec83512a50421a7
VeraCrypt SHA256 + XTS 1536 bit,Disk Encryption,NVIDIA GeForce RTX 3080,NVIDIA,Consumer; Desktop,1118,6.2.6-424-g3df97954c,https://www.onlinehashcrack.com/tools-benchmark-hashcat-gtx-1080-ti-1070-ti-rtx-2080-ti-rtx-3090-3080-4090.php
VeraCrypt SHA256 + XTS 1536 bit,Disk Encryption,NVIDIA TITAN RTX,NVIDIA,Consumer; Desktop,1116,6.2.6,https://github.com/dosoos/hashcat_speeds
VeraCrypt SHA256 + XTS 1536 bit,Disk Encryption,NVIDIA GeForce RTX 2080 Ti,NVIDIA,Consumer; Desktop,966,6.2.6,https://www.onlinehashcrack.com/tools-benchmark-hashcat-gtx-1080-ti-1070-ti-rtx-2080-ti-rtx-3090-3080-4090.php
VeraCrypt SHA256 + XTS 1536 bit,Disk Encryption,NVIDIA Tesla V100-SXM2-16GB,NVIDIA,Server; Data Center,869,6.2.6,https://github.com/dosoos/hashcat_speeds
VeraCrypt SHA256 + XTS 1536 bit,Disk Encryption,NVIDIA GeForce RTX 2070 SUPER,NVIDIA,Consumer; Desktop,637,6.2.6,https://www.onlinehashcrack.com/tools-benchmark-hashcat-gtx-1080-ti-1070-ti-rtx-2080-ti-rtx-3090-3080-4090.php
VeraCrypt SHA256 + XTS 1536 bit,Disk Encryption,NVIDIA GeForce GTX 1080 Ti,NVIDIA,Consumer; Desktop,598,6.2.6,https://www.onlinehashcrack.com/tools-benchmark-hashcat-gtx-1080-ti-1070-ti-rtx-2080-ti-rtx-3090-3080-4090.php
VeraCrypt SHA256 + XTS 1536 bit,Disk Encryption,AMD Radeon RX 6600 XT,AMD,Consumer; Desktop,566,6.2.4,https://gist.github.com/soxrok2212/7ebabe2136e48514ad579929af123037
VeraCrypt SHA256 + XTS 1536 bit,Disk Encryption,NVIDIA Tesla P100-PCIE-16GB,NVIDIA,Server; Data Center,422,6.2.6,https://www.onlinehashcrack.com/tools-benchmark-hashcat-gtx-1080-ti-1070-ti-rtx-2080-ti-rtx-3090-3080-4090.php
VeraCrypt SHA256 + XTS 1536 bit,Disk Encryption,NVIDIA Tesla T4,NVIDIA,Server; Data Center,389,6.2.6,https://www.onlinehashcrack.com/tools-benchmark-hashcat-gtx-1080-ti-1070-ti-rtx-2080-ti-rtx-3090-3080-4090.php
VeraCrypt SHA256 + XTS 1536 bit,Disk Encryption,Apple M1 Ultra,Apple,Integrated; SoC; Desktop,197,6.2.5-340-g98b89e43d,https://gist.github.com/fhlip0
VeraCrypt SHA256 + XTS 1536 bit,Disk Encryption,Apple M3 Pro,Apple,Integrated; SoC; Mobile,125,6.2.6-827-g46ce637d3,https://gist.github.com/Chick3nman/fdf7f9ddcc0a65f6725aefede99ada4e
VeraCrypt SHA256 + XTS 1536 bit,Disk Encryption,NVIDIA Tegra X1,NVIDIA,Embedded; SoC,17,6.2.6,https://hashcat.net/forum/printthread.php?tid=11520
VeraCrypt SHA256 + XTS 1536 bit + boot-mode,Disk Encryption,NVIDIA GeForce RTX 5090,NVIDIA,Consumer; Desktop,9187,6.2.6-851-g6716447df,https://github.com/dosoos/hashcat_speeds
VeraCrypt SHA256 + XTS 1536 bit + boot-mode,Disk Encryption,NVIDIA GeForce RTX 4090,NVIDIA,Consumer; Desktop,7591,6.2.6,https://github.com/dosoos/hashcat_speeds
VeraCrypt SHA256 + XTS 1536 bit + boot-mode,Disk Encryption,NVIDIA RTX 6000 Ada Generation,NVIDIA,Professional; Desktop,6446,6.2.6,https://github.com/dosoos/hashcat_speeds
VeraCrypt SHA256 + XTS 1536 bit + boot-mode,Disk Encryption,NVIDIA GeForce RTX 4080,NVIDIA,Consumer; Desktop,4434,6.2.6-325-gea6173b30,https://github.com/dosoos/hashcat_speeds
VeraCrypt SHA256 + XTS 1536 bit + boot-mode,Disk Encryption,NVIDIA H100 PCIe,NVIDIA,Server; Data Center,4136,6.2.6-514-gbf1d7d078,https://github.com/dosoos/hashcat_speeds
VeraCrypt SHA256 + XTS 1536 bit + boot-mode,Disk Encryption,NVIDIA GeForce RTX 3090 Ti,NVIDIA,Consumer; Desktop,3628,6.2.6-424-g3df97954c,https://www.onlinehashcrack.com/tools-benchmark-hashcat-gtx-1080-ti-1070-ti-rtx-2080-ti-rtx-3090-3080-4090.php
VeraCrypt SHA256 + XTS 1536 bit + boot-mode,Disk Encryption,NVIDIA GeForce RTX 3090,NVIDIA,Consumer; Desktop,3307,6.2.5-656-gc8350eb55,https://www.onlinehashcrack.com/tools-benchmark-hashcat-gtx-1080-ti-1070-ti-rtx-2080-ti-rtx-3090-3080-4090.php
VeraCrypt SHA256 + XTS 1536 bit + boot-mode,Disk Encryption,NVIDIA A100-PCIE-40GB,NVIDIA,Server; Data Center,3174,6.1.1,https://github.com/dosoos/hashcat_speeds
VeraCrypt SHA256 + XTS 1536 bit + boot-mode,Disk Encryption,NVIDIA GeForce RTX 3080 Ti,NVIDIA,Consumer; Desktop,2953,6.2.3,https://www.onlinehashcrack.com/tools-benchmark-hashcat-gtx-1080-ti-1070-ti-rtx-2080-ti-rtx-3090-3080-4090.php
VeraCrypt SHA256 + XTS 1536 bit + boot-mode,Disk Encryption,AMD Radeon RX 6800 XT,AMD,Consumer; Desktop,2835,6.1.1-120-g15bf8b730,https://gist.github.com/epixoip/99085955a1145ff61ec83512a50421a7
VeraCrypt SHA256 + XTS 1536 bit + boot-mode,Disk Encryption,NVIDIA TITAN RTX,NVIDIA,Consumer; Desktop,2693,6.2.6,https://github.com/dosoos/hashcat_speeds
VeraCrypt SHA256 + XTS 1536 bit + boot-mode,Disk Encryption,NVIDIA GeForce RTX 3080,NVIDIA,Consumer; Desktop,2667,6.2.6-424-g3df97954c,https://www.onlinehashcrack.com/tools-benchmark-hashcat-gtx-1080-ti-1070-ti-rtx-2080-ti-rtx-3090-3080-4090.php
VeraCrypt SHA256 + XTS 1536 bit + boot-mode,Disk Encryption,NVIDIA GeForce RTX 2080 Ti,NVIDIA,Consumer; Desktop,2411,6.2.6,https://www.onlinehashcrack.com/tools-benchmark-hashcat-gtx-1080-ti-1070-ti-rtx-2080-ti-rtx-3090-3080-4090.php
VeraCrypt SHA256 + XTS 1536 bit + boot-mode,Disk Encryption,NVIDIA Tesla V100-SXM2-16GB,NVIDIA,Server; Data Center,2173,6.2.6,https://github.com/dosoos/hashcat_speeds
VeraCrypt SHA256 + XTS 1536 bit + boot-mode,Disk Encryption,NVIDIA GeForce RTX 2070 SUPER,NVIDIA,Consumer; Desktop,1604,6.2.6,https://www.onlinehashcrack.com/tools-benchmark-hashcat-gtx-1080-ti-1070-ti-rtx-2080-ti-rtx-3090-3080-4090.php
VeraCrypt SHA256 + XTS 1536 bit + boot-mode,Disk Encryption,NVIDIA GeForce GTX 1080 Ti,NVIDIA,Consumer; Desktop,1486,6.2.6,https://www.onlinehashcrack.com/tools-benchmark-hashcat-gtx-1080-ti-1070-ti-rtx-2080-ti-rtx-3090-3080-4090.php
VeraCrypt SHA256 + XTS 1536 bit + boot-mode,Disk Encryption,AMD Radeon RX 6600 XT,AMD,Consumer; Desktop,1409,6.2.4,https://gist.github.com/soxrok2212/7ebabe2136e48514ad579929af123037
VeraCrypt SHA256 + XTS 1536 bit + boot-mode,Disk Encryption,NVIDIA Tesla P100-PCIE-16GB,NVIDIA,Server; Data Center,1061,6.2.6,https://www.onlinehashcrack.com/tools-benchmark-hashcat-gtx-1080-ti-1070-ti-rtx-2080-ti-rtx-3090-3080-4090.php
VeraCrypt SHA256 + XTS 1536 bit + boot-mode,Disk Encryption,NVIDIA Tesla T4,NVIDIA,Server; Data Center,916,6.2.6,https://www.onlinehashcrack.com/tools-benchmark-hashcat-gtx-1080-ti-1070-ti-rtx-2080-ti-rtx-3090-3080-4090.php
VeraCrypt SHA256 + XTS 1536 bit + boot-mode,Disk Encryption,Apple M1 Ultra,Apple,Integrated; SoC; Desktop,493,6.2.5-340-g98b89e43d,https://gist.github.com/fhlip0
VeraCrypt SHA256 + XTS 1536 bit + boot-mode,Disk Encryption,Apple M3 Pro,Apple,Integrated; SoC; Mobile,339,6.2.6-827-g46ce637d3,https://gist.github.com/Chick3nman/fdf7f9ddcc0a65f6725aefede99ada4e
VeraCrypt SHA256 + XTS 1536 bit + boot-mode,Disk Encryption,NVIDIA Tegra X1,NVIDIA,Embedded; SoC,42,6.2.6,https://hashcat.net/forum/printthread.php?tid=11520
VeraCrypt SHA256 + XTS 512 bit,Disk Encryption,NVIDIA GeForce RTX 5090,NVIDIA,Consumer; Desktop,11159,6.2.6-851-g6716447df,https://github.com/dosoos/hashcat_speeds
VeraCrypt SHA256 + XTS 512 bit,Disk Encryption,NVIDIA GeForce RTX 4090,NVIDIA,Consumer; Desktop,9060,6.2.6,https://github.com/dosoos/hashcat_speeds
VeraCrypt SHA256 + XTS 512 bit,Disk Encryption,NVIDIA RTX 6000 Ada Generation,NVIDIA,Professional; Desktop,7869,6.2.6,https://github.com/dosoos/hashcat_speeds
VeraCrypt SHA256 + XTS 512 bit,Disk Encryption,NVIDIA GeForce RTX 4080,NVIDIA,Consumer; Desktop,5243,6.2.6-325-gea6173b30,https://github.com/dosoos/hashcat_speeds
VeraCrypt SHA256 + XTS 512 bit,Disk Encryption,NVIDIA H100 PCIe,NVIDIA,Server; Data Center,4849,6.2.6-514-gbf1d7d078,https://github.com/dosoos/hashcat_speeds
VeraCrypt SHA256 + XTS 512 bit,Disk Encryption,NVIDIA GeForce RTX 3090 Ti,NVIDIA,Consumer; Desktop,4342,6.2.6-424-g3df97954c,https://www.onlinehashcrack.com/tools-benchmark-hashcat-gtx-1080-ti-1070-ti-rtx-2080-ti-rtx-3090-3080-4090.php
VeraCrypt SHA256 + XTS 512 bit,Disk Encryption,NVIDIA GeForce RTX 3090,NVIDIA,Consumer; Desktop,3985,6.2.5-656-gc8350eb55,https://www.onlinehashcrack.com/tools-benchmark-hashcat-gtx-1080-ti-1070-ti-rtx-2080-ti-rtx-3090-3080-4090.php
VeraCrypt SHA256 + XTS 512 bit,Disk Encryption,NVIDIA GeForce RTX 3080 Ti,NVIDIA,Consumer; Desktop,3678,6.2.3,https://www.onlinehashcrack.com/tools-benchmark-hashcat-gtx-1080-ti-1070-ti-rtx-2080-ti-rtx-3090-3080-4090.php
VeraCrypt SHA256 + XTS 512 bit,Disk Encryption,NVIDIA A100-PCIE-40GB,NVIDIA,Server; Data Center,3550,6.1.1,https://github.com/dosoos/hashcat_speeds
VeraCrypt SHA256 + XTS 512 bit,Disk Encryption,NVIDIA TITAN RTX,NVIDIA,Consumer; Desktop,3485,6.2.6,https://github.com/dosoos/hashcat_speeds
VeraCrypt SHA256 + XTS 512 bit,Disk Encryption,AMD Radeon RX 6800 XT,AMD,Consumer; Desktop,3431,6.1.1-120-g15bf8b730,https://gist.github.com/epixoip/99085955a1145ff61ec83512a50421a7
VeraCrypt SHA256 + XTS 512 bit,Disk Encryption,NVIDIA GeForce RTX 3080,NVIDIA,Consumer; Desktop,3339,6.2.6-424-g3df97954c,https://www.onlinehashcrack.com/tools-benchmark-hashcat-gtx-1080-ti-1070-ti-rtx-2080-ti-rtx-3090-3080-4090.php
VeraCrypt SHA256 + XTS 512 bit,Disk Encryption,NVIDIA GeForce RTX 2080 Ti,NVIDIA,Consumer; Desktop,2907,6.2.6,https://www.onlinehashcrack.com/tools-benchmark-hashcat-gtx-1080-ti-1070-ti-rtx-2080-ti-rtx-3090-3080-4090.php
VeraCrypt SHA256 + XTS 512 bit,Disk Encryption,NVIDIA Tesla V100-SXM2-16GB,NVIDIA,Server; Data Center,2595,6.2.6,https://github.com/dosoos/hashcat_speeds
VeraCrypt SHA256 + XTS 512 bit,Disk Encryption,NVIDIA GeForce RTX 2070 SUPER,NVIDIA,Consumer; Desktop,1830,6.2.6,https://www.onlinehashcrack.com/tools-benchmark-hashcat-gtx-1080-ti-1070-ti-rtx-2080-ti-rtx-3090-3080-4090.php
VeraCrypt SHA256 + XTS 512 bit,Disk Encryption,NVIDIA GeForce GTX 1080 Ti,NVIDIA,Consumer; Desktop,1780,6.2.6,https://www.onlinehashcrack.com/tools-benchmark-hashcat-gtx-1080-ti-1070-ti-rtx-2080-ti-rtx-3090-3080-4090.php
VeraCrypt SHA256 + XTS 512 bit,Disk Encryption,AMD Radeon RX Vega 64,AMD,Consumer; Desktop,1774,6.0.0,https://hashcat.net/hashcat/
VeraCrypt SHA256 + XTS 512 bit,Disk Encryption,AMD Radeon RX 6600 XT,AMD,Consumer; Desktop,1664,6.2.4,https://gist.github.com/soxrok2212/7ebabe2136e48514ad579929af123037
VeraCrypt SHA256 + XTS 512 bit,Disk Encryption,NVIDIA Tesla P100-PCIE-16GB,NVIDIA,Server; Data Center,1262,6.2.6,https://www.onlinehashcrack.com/tools-benchmark-hashcat-gtx-1080-ti-1070-ti-rtx-2080-ti-rtx-3090-3080-4090.php
VeraCrypt SHA256 + XTS 512 bit,Disk Encryption,NVIDIA Tesla T4,NVIDIA,Server; Data Center,1098,6.2.6,https://www.onlinehashcrack.com/tools-benchmark-hashcat-gtx-1080-ti-1070-ti-rtx-2080-ti-rtx-3090-3080-4090.php
VeraCrypt SHA256 + XTS 512 bit,Disk Encryption,Apple M1 Ultra,Apple,Integrated; SoC; Desktop,677,6.2.5-340-g98b89e43d,https://gist.github.com/fhlip0
VeraCrypt SHA256 + XTS 512 bit,Disk Encryption,Apple M3 Pro,Apple,Integrated; SoC; Mobile,402,6.2.6-827-g46ce637d3,https://gist.github.com/Chick3nman/fdf7f9ddcc0a65f6725aefede99ada4e
VeraCrypt SHA256 + XTS 512 bit,Disk Encryption,NVIDIA Tegra X1,NVIDIA,Embedded; SoC,49,6.2.6,https://hashcat.net/forum/printthread.php?tid=11520
VeraCrypt SHA256 + XTS 512 bit + boot-mode,Disk Encryption,NVIDIA GeForce RTX 5090,NVIDIA,Consumer; Desktop,27901,6.2.6-851-g6716447df,https://github.com/dosoos/hashcat_speeds
VeraCrypt SHA256 + XTS 512 bit + boot-mode,Disk Encryption,NVIDIA GeForce RTX 4090,NVIDIA,Consumer; Desktop,22728,6.2.6,https://github.com/dosoos/hashcat_speeds
VeraCrypt SHA256 + XTS 512 bit + boot-mode,Disk Encryption,NVIDIA RTX 6000 Ada Generation,NVIDIA,Professional; Desktop,19840,6.2.6,https://github.com/dosoos/hashcat_speeds
VeraCrypt SHA256 + XTS 512 bit + boot-mode,Disk Encryption,NVIDIA GeForce RTX 4080,NVIDIA,Consumer; Desktop,13329,6.2.6-325-gea6173b30,https://github.com/dosoos/hashcat_speeds
VeraCrypt SHA256 + XTS 512 bit + boot-mode,Disk Encryption,NVIDIA H100 PCIe,NVIDIA,Server; Data Center,12308,6.2.6-514-gbf1d7d078,https://github.com/dosoos/hashcat_speeds
VeraCrypt SHA256 + XTS 512 bit + boot-mode,Disk Encryption,NVIDIA GeForce RTX 3090 Ti,NVIDIA,Consumer; Desktop,10872,6.2.6-424-g3df97954c,https://www.onlinehashcrack.com/tools-benchmark-hashcat-gtx-1080-ti-1070-ti-rtx-2080-ti-rtx-3090-3080-4090.php
VeraCrypt SHA256 + XTS 512 bit + boot-mode,Disk Encryption,NVIDIA GeForce RTX 3090,NVIDIA,Consumer; Desktop,9992,6.2.5-656-gc8350eb55,https://www.onlinehashcrack.com/tools-benchmark-hashcat-gtx-1080-ti-1070-ti-rtx-2080-ti-rtx-3090-3080-4090.php
VeraCrypt SHA256 + XTS 512 bit + boot-mode,Disk Encryption,NVIDIA GeForce RTX 3080 Ti,NVIDIA,Consumer; Desktop,9167,6.2.3,https://www.onlinehashcrack.com/tools-benchmark-hashcat-gtx-1080-ti-1070-ti-rtx-2080-ti-rtx-3090-3080-4090.php
VeraCrypt SHA256 + XTS 512 bit + boot-mode,Disk Encryption,NVIDIA A100-PCIE-40GB,NVIDIA,Server; Data Center,8874,6.1.1,https://github.com/dosoos/hashcat_speeds
VeraCrypt SHA256 + XTS 512 bit + boot-mode,Disk Encryption,NVIDIA TITAN RTX,NVIDIA,Consumer; Desktop,8680,6.2.6,https://github.com/dosoos/hashcat_speeds
VeraCrypt SHA256 + XTS 512 bit + boot-mode,Disk Encryption,AMD Radeon RX 6800 XT,AMD,Consumer; Desktop,8623,6.1.1-120-g15bf8b730,https://gist.github.com/epixoip/99085955a1145ff61ec83512a50421a7
VeraCrypt SHA256 + XTS 512 bit + boot-mode,Disk Encryption,NVIDIA GeForce RTX 3080,NVIDIA,Consumer; Desktop,8355,6.2.6-424-g3df97954c,https://www.onlinehashcrack.com/tools-benchmark-hashcat-gtx-1080-ti-1070-ti-rtx-2080-ti-rtx-3090-3080-4090.php
VeraCrypt SHA256 + XTS 512 bit + boot-mode,Disk Encryption,NVIDIA GeForce RTX 2080 Ti,NVIDIA,Consumer; Desktop,7355,6.2.6,https://www.onlinehashcrack.com/tools-benchmark-hashcat-gtx-1080-ti-1070-ti-rtx-2080-ti-rtx-3090-3080-4090.php
VeraCrypt SHA256 + XTS 512 bit + boot-mode,Disk Encryption,NVIDIA Tesla V100-SXM2-16GB,NVIDIA,Server; Data Center,6631,6.2.6,https://github.com/dosoos/hashcat_speeds
VeraCrypt SHA256 + XTS 512 bit + boot-mode,Disk Encryption,NVIDIA GeForce RTX 2070 SUPER,NVIDIA,Consumer; Desktop,4570,6.2.6,https://www.onlinehashcrack.com/tools-benchmark-hashcat-gtx-1080-ti-1070-ti-rtx-2080-ti-rtx-3090-3080-4090.php
VeraCrypt SHA256 + XTS 512 bit + boot-mode,Disk Encryption,AMD Radeon RX Vega 64,AMD,Consumer; Desktop,4446,6.0.0,https://hashcat.net/hashcat/
VeraCrypt SHA256 + XTS 512 bit + boot-mode,Disk Encryption,NVIDIA GeForce GTX 1080 Ti,NVIDIA,Consumer; Desktop,4444,6.2.6,https://www.onlinehashcrack.com/tools-benchmark-hashcat-gtx-1080-ti-1070-ti-rtx-2080-ti-rtx-3090-3080-4090.php
VeraCrypt SHA256 + XTS 512 bit + boot-mode,Disk Encryption,AMD Radeon RX 6600 XT,AMD,Consumer; Desktop,4176,6.2.4,https://gist.github.com/soxrok2212/7ebabe2136e48514ad579929af123037
VeraCrypt SHA256 + XTS 512 bit + boot-mode,Disk Encryption,NVIDIA Tesla P100-PCIE-16GB,NVIDIA,Server; Data Center,3152,6.2.6,https://www.onlinehashcrack.com/tools-benchmark-hashcat-gtx-1080-ti-1070-ti-rtx-2080-ti-rtx-3090-3080-4090.php
VeraCrypt SHA256 + XTS 512 bit + boot-mode,Disk Encryption,NVIDIA Tesla T4,NVIDIA,Server; Data Center,2740,6.2.6,https://www.onlinehashcrack.com/tools-benchmark-hashcat-gtx-1080-ti-1070-ti-rtx-2080-ti-rtx-3090-3080-4090.php
VeraCrypt SHA256 + XTS 512 bit + boot-mode,Disk Encryption,Apple M1 Ultra,Apple,Integrated; SoC; Desktop,1668,6.2.5-340-g98b89e43d,https://gist.github.com/fhlip0
VeraCrypt SHA256 + XTS 512 bit + boot-mode,Disk Encryption,Apple M3 Pro,Apple,Integrated; SoC; Mobile,1056,6.2.6-827-g46ce637d3,https://gist.github.com/Chick3nman/fdf7f9ddcc0a65f6725aefede99ada4e
VeraCrypt SHA256 + XTS 512 bit + boot-mode,Disk Encryption,NVIDIA Tegra X1,NVIDIA,Embedded; SoC,125,6.2.6,https://hashcat.net/forum/printthread.php?tid=11520
VeraCrypt SHA512 + XTS 1024 bit,Disk Encryption,NVIDIA GeForce RTX 5090,NVIDIA,Consumer; Desktop,4162,6.2.6-851-g6716447df,https://github.com/dosoos/hashcat_speeds
VeraCrypt SHA512 + XTS 1024 bit,Disk Encryption,NVIDIA GeForce RTX 4090,NVIDIA,Consumer; Desktop,3306,6.2.6,https://github.com/dosoos/hashcat_speeds
VeraCrypt SHA512 + XTS 1024 bit,Disk Encryption,NVIDIA RTX 6000 Ada Generation,NVIDIA,Professional; Desktop,2781,6.2.6,https://github.com/dosoos/hashcat_speeds
VeraCrypt SHA512 + XTS 1024 bit,Disk Encryption,NVIDIA GeForce RTX 4080,NVIDIA,Consumer; Desktop,1908,6.2.6-325-gea6173b30,https://github.com/dosoos/hashcat_speeds
VeraCrypt SHA512 + XTS 1024 bit,Disk Encryption,NVIDIA H100 PCIe,NVIDIA,Server; Data Center,1798,6.2.6-514-gbf1d7d078,https://github.com/dosoos/hashcat_speeds
VeraCrypt SHA512 + XTS 1024 bit,Disk Encryption,NVIDIA GeForce RTX 3090 Ti,NVIDIA,Consumer; Desktop,1575,6.2.6-424-g3df97954c,https://www.onlinehashcrack.com/tools-benchmark-hashcat-gtx-1080-ti-1070-ti-rtx-2080-ti-rtx-3090-3080-4090.php
VeraCrypt SHA512 + XTS 1024 bit,Disk Encryption,NVIDIA GeForce RTX 3090,NVIDIA,Consumer; Desktop,1447,6.2.5-656-gc8350eb55,https://www.onlinehashcrack.com/tools-benchmark-hashcat-gtx-1080-ti-1070-ti-rtx-2080-ti-rtx-3090-3080-4090.php
VeraCrypt SHA512 + XTS 1024 bit,Disk Encryption,NVIDIA GeForce RTX 3080 Ti,NVIDIA,Consumer; Desktop,1363,6.2.3,https://www.onlinehashcrack.com/tools-benchmark-hashcat-gtx-1080-ti-1070-ti-rtx-2080-ti-rtx-3090-3080-4090.php
VeraCrypt SHA512 + XTS 1024 bit,Disk Encryption,NVIDIA A100-PCIE-40GB,NVIDIA,Server; Data Center,1309,6.1.1,https://github.com/dosoos/hashcat_speeds
VeraCrypt SHA512 + XTS 1024 bit,Disk Encryption,NVIDIA GeForce RTX 3080,NVIDIA,Consumer; Desktop,1183,6.2.6-424-g3df97954c,https://www.onlinehashcrack.com/tools-benchmark-hashcat-gtx-1080-ti-1070-ti-rtx-2080-ti-rtx-3090-3080-4090.php
VeraCrypt SHA512 + XTS 1024 bit,Disk Encryption,AMD Radeon RX 6800 XT,AMD,Consumer; Desktop,1017,6.1.1-120-g15bf8b730,https://gist.github.com/epixoip/99085955a1145ff61ec83512a50421a7
VeraCrypt SHA512 + XTS 1024 bit,Disk Encryption,NVIDIA GeForce RTX 2080 Ti,NVIDIA,Consumer; Desktop,998,6.2.6,https://www.onlinehashcrack.com/tools-benchmark-hashcat-gtx-1080-ti-1070-ti-rtx-2080-ti-rtx-3090-3080-4090.php
VeraCrypt SHA512 + XTS 1024 bit,Disk Encryption,NVIDIA Tesla V100-SXM2-16GB,NVIDIA,Server; Data Center,947,6.2.6,https://github.com/dosoos/hashcat_speeds
VeraCrypt SHA512 + XTS 1024 bit,Disk Encryption,NVIDIA GeForce RTX 2070 SUPER,NVIDIA,Consumer; Desktop,663,6.2.6,https://www.onlinehashcrack.com/tools-benchmark-hashcat-gtx-1080-ti-1070-ti-rtx-2080-ti-rtx-3090-3080-4090.php
VeraCrypt SHA512 + XTS 1024 bit,Disk Encryption,NVIDIA GeForce GTX 1080 Ti,NVIDIA,Consumer; Desktop,641,6.2.6,https://www.onlinehashcrack.com/tools-benchmark-hashcat-gtx-1080-ti-1070-ti-rtx-2080-ti-rtx-3090-3080-4090.php
VeraCrypt SHA512 + XTS 1024 bit,Disk Encryption,NVIDIA TITAN RTX,NVIDIA,Consumer; Desktop,520,6.2.6,https://github.com/dosoos/hashcat_speeds
VeraCrypt SHA512 + XTS 1024 bit,Disk Encryption,AMD Radeon RX 6600 XT,AMD,Consumer; Desktop,503,6.2.4,https://gist.github.com/soxrok2212/7ebabe2136e48514ad579929af123037
VeraCrypt SHA512 + XTS 1024 bit,Disk Encryption,NVIDIA Tesla P100-PCIE-16GB,NVIDIA,Server; Data Center,462,6.2.6,https://www.onlinehashcrack.com/tools-benchmark-hashcat-gtx-1080-ti-1070-ti-rtx-2080-ti-rtx-3090-3080-4090.php
VeraCrypt SHA512 + XTS 1024 bit,Disk Encryption,NVIDIA Tesla T4,NVIDIA,Server; Data Center,413,6.2.6,https://www.onlinehashcrack.com/tools-benchmark-hashcat-gtx-1080-ti-1070-ti-rtx-2080-ti-rtx-3090-3080-4090.php
VeraCrypt SHA512 + XTS 1024 bit,Disk Encryption,Apple M1 Ultra,Apple,Integrated; SoC; Desktop,99,6.2.5-340-g98b89e43d,https://gist.github.com/fhlip0
VeraCrypt SHA512 + XTS 1024 bit,Disk Encryption,Apple M3 Pro,Apple,Integrated; SoC; Mobile,97,6.2.6-827-g46ce637d3,https://gist.github.com/Chick3nman/fdf7f9ddcc0a65f6725aefede99ada4e
VeraCrypt SHA512 + XTS 1024 bit,Disk Encryption,NVIDIA Tegra X1,NVIDIA,Embedded; SoC,16,6.2.6,https://hashcat.net/forum/printthread.php?tid=11520
VeraCrypt SHA512 + XTS 1536 bit,Disk Encryption,NVIDIA GeForce RTX 5090,NVIDIA,Consumer; Desktop,2278,6.2.6-851-g6716447df,https://github.com/dosoos/hashcat_speeds
VeraCrypt SHA512 + XTS 1536 bit,Disk Encryption,NVIDIA GeForce RTX 4090,NVIDIA,Consumer; Desktop,2201,6.2.6,https://github.com/dosoos/hashcat_speeds
VeraCrypt SHA512 + XTS 1536 bit,Disk Encryption,NVIDIA RTX 6000 Ada Generation,NVIDIA,Professional; Desktop,1875,6.2.6,https://github.com/dosoos/hashcat_speeds
VeraCrypt SHA512 + XTS 1536 bit,Disk Encryption,NVIDIA GeForce RTX 4080,NVIDIA,Consumer; Desktop,1230,6.2.6-325-gea6173b30,https://github.com/dosoos/hashcat_speeds
VeraCrypt SHA512 + XTS 1536 bit,Disk Encryption,NVIDIA H100 PCIe,NVIDIA,Server; Data Center,1171,6.2.6-514-gbf1d7d078,https://github.com/dosoos/hashcat_speeds
VeraCrypt SHA512 + XTS 1536 bit,Disk Encryption,NVIDIA GeForce RTX 3090 Ti,NVIDIA,Consumer; Desktop,1029,6.2.6-424-g3df97954c,https://www.onlinehashcrack.com/tools-benchmark-hashcat-gtx-1080-ti-1070-ti-rtx-2080-ti-rtx-3090-3080-4090.php
VeraCrypt SHA512 + XTS 1536 bit,Disk Encryption,NVIDIA GeForce RTX 3090,NVIDIA,Consumer; Desktop,964,6.2.5-656-gc8350eb55,https://www.onlinehashcrack.com/tools-benchmark-hashcat-gtx-1080-ti-1070-ti-rtx-2080-ti-rtx-3090-3080-4090.php
VeraCrypt SHA512 + XTS 1536 bit,Disk Encryption,NVIDIA GeForce RTX 3080 Ti,NVIDIA,Consumer; Desktop,905,6.2.3,https://www.onlinehashcrack.com/tools-benchmark-hashcat-gtx-1080-ti-1070-ti-rtx-2080-ti-rtx-3090-3080-4090.php
VeraCrypt SHA512 + XTS 1536 bit,Disk Encryption,NVIDIA A100-PCIE-40GB,NVIDIA,Server; Data Center,881,6.1.1,https://github.com/dosoos/hashcat_speeds
VeraCrypt SHA512 + XTS 1536 bit,Disk Encryption,NVIDIA GeForce RTX 3080,NVIDIA,Consumer; Desktop,795,6.2.6-424-g3df97954c,https://www.onlinehashcrack.com/tools-benchmark-hashcat-gtx-1080-ti-1070-ti-rtx-2080-ti-rtx-3090-3080-4090.php
VeraCrypt SHA512 + XTS 1536 bit,Disk Encryption,NVIDIA TITAN RTX,NVIDIA,Consumer; Desktop,701,6.2.6,https://github.com/dosoos/hashcat_speeds
VeraCrypt SHA512 + XTS 1536 bit,Disk Encryption,AMD Radeon RX 6800 XT,AMD,Consumer; Desktop,674,6.1.1-120-g15bf8b730,https://gist.github.com/epixoip/99085955a1145ff61ec83512a50421a7
VeraCrypt SHA512 + XTS 1536 bit,Disk Encryption,NVIDIA GeForce RTX 2080 Ti,NVIDIA,Consumer; Desktop,666,6.2.6,https://www.onlinehashcrack.com/tools-benchmark-hashcat-gtx-1080-ti-1070-ti-rtx-2080-ti-rtx-3090-3080-4090.php
VeraCrypt SHA512 + XTS 1536 bit,Disk Encryption,NVIDIA Tesla V100-SXM2-16GB,NVIDIA,Server; Data Center,555,6.2.6,https://github.com/dosoos/hashcat_speeds
VeraCrypt SHA512 + XTS 1536 bit,Disk Encryption,NVIDIA GeForce RTX 2070 SUPER,NVIDIA,Consumer; Desktop,444,6.2.6,https://www.onlinehashcrack.com/tools-benchmark-hashcat-gtx-1080-ti-1070-ti-rtx-2080-ti-rtx-3090-3080-4090.php
VeraCrypt SHA512 + XTS 1536 bit,Disk Encryption,NVIDIA GeForce GTX 1080 Ti,NVIDIA,Consumer; Desktop,423,6.2.6,https://www.onlinehashcrack.com/tools-benchmark-hashcat-gtx-1080-ti-1070-ti-rtx-2080-ti-rtx-3090-3080-4090.php
VeraCrypt SHA512 + XTS 1536 bit,Disk Encryption,AMD Radeon RX 6600 XT,AMD,Consumer; Desktop,337,6.2.4,https://gist.github.com/soxrok2212/7ebabe2136e48514ad579929af123037
VeraCrypt SHA512 + XTS 1536 bit,Disk Encryption,NVIDIA Tesla P100-PCIE-16GB,NVIDIA,Server; Data Center,309,6.2.6,https://www.onlinehashcrack.com/tools-benchmark-hashcat-gtx-1080-ti-1070-ti-rtx-2080-ti-rtx-3090-3080-4090.php
VeraCrypt SHA512 + XTS 1536 bit,Disk Encryption,NVIDIA Tesla T4,NVIDIA,Server; Data Center,275,6.2.6,https://www.onlinehashcrack.com/tools-benchmark-hashcat-gtx-1080-ti-1070-ti-rtx-2080-ti-rtx-3090-3080-4090.php
VeraCrypt SHA512 + XTS 1536 bit,Disk Encryption,Apple M3 Pro,Apple,Integrated; SoC; Mobile,64,6.2.6-827-g46ce637d3,https://gist.github.com/Chick3nman/fdf7f9ddcc0a65f6725aefede99ada4e
VeraCrypt SHA512 + XTS 1536 bit,Disk Encryption,NVIDIA Tegra X1,NVIDIA,Embedded; SoC,11,6.2.6,https://hashcat.net/forum/printthread.php?tid=11520
VeraCrypt SHA512 + XTS 1536 bit,Disk Encryption,Apple M1 Ultra,Apple,Integrated; SoC; Desktop,5,6.2.5-340-g98b89e43d,https://gist.github.com/fhlip0
VeraCrypt SHA512 + XTS 512 bit,Disk Encryption,NVIDIA GeForce RTX 5090,NVIDIA,Consumer; Desktop,8474,6.2.6-851-g6716447df,https://github.com/dosoos/hashcat_speeds
VeraCrypt SHA512 + XTS 512 bit,Disk Encryption,NVIDIA GeForce RTX 4090,NVIDIA,Consumer; Desktop,6597,6.2.6,https://github.com/dosoos/hashcat_speeds
VeraCrypt SHA512 + XTS 512 bit,Disk Encryption,NVIDIA RTX 6000 Ada Generation,NVIDIA,Professional; Desktop,5677,6.2.6,https://github.com/dosoos/hashcat_speeds
VeraCrypt SHA512 + XTS 512 bit,Disk Encryption,NVIDIA GeForce RTX 4080,NVIDIA,Consumer; Desktop,3856,6.2.6-325-gea6173b30,https://github.com/dosoos/hashcat_speeds
VeraCrypt SHA512 + XTS 512 bit,Disk Encryption,NVIDIA H100 PCIe,NVIDIA,Server; Data Center,3587,6.2.6-514-gbf1d7d078,https://github.com/dosoos/hashcat_speeds
VeraCrypt SHA512 + XTS 512 bit,Disk Encryption,NVIDIA GeForce RTX 3090 Ti,NVIDIA,Consumer; Desktop,3148,6.2.6-424-g3df97954c,https://www.onlinehashcrack.com/tools-benchmark-hashcat-gtx-1080-ti-1070-ti-rtx-2080-ti-rtx-3090-3080-4090.php
VeraCrypt SHA512 + XTS 512 bit,Disk Encryption,NVIDIA GeForce RTX 3090,NVIDIA,Consumer; Desktop,2886,6.2.5-656-gc8350eb55,https://www.onlinehashcrack.com/tools-benchmark-hashcat-gtx-1080-ti-1070-ti-rtx-2080-ti-rtx-3090-3080-4090.php
VeraCrypt SHA512 + XTS 512 bit,Disk Encryption,NVIDIA A100-PCIE-40GB,NVIDIA,Server; Data Center,2780,6.1.1,https://github.com/dosoos/hashcat_speeds
VeraCrypt SHA512 + XTS 512 bit,Disk Encryption,NVIDIA GeForce RTX 3080 Ti,NVIDIA,Consumer; Desktop,2679,6.2.3,https://www.onlinehashcrack.com/tools-benchmark-hashcat-gtx-1080-ti-1070-ti-rtx-2080-ti-rtx-3090-3080-4090.php
VeraCrypt SHA512 + XTS 512 bit,Disk Encryption,NVIDIA GeForce RTX 3080,NVIDIA,Consumer; Desktop,2405,6.2.6-424-g3df97954c,https://www.onlinehashcrack.com/tools-benchmark-hashcat-gtx-1080-ti-1070-ti-rtx-2080-ti-rtx-3090-3080-4090.php
VeraCrypt SHA512 + XTS 512 bit,Disk Encryption,NVIDIA TITAN RTX,NVIDIA,Consumer; Desktop,2378,6.2.6,https://github.com/dosoos/hashcat_speeds
VeraCrypt SHA512 + XTS 512 bit,Disk Encryption,NVIDIA GeForce RTX 2080 Ti,NVIDIA,Consumer; Desktop,2073,6.2.6,https://www.onlinehashcrack.com/tools-benchmark-hashcat-gtx-1080-ti-1070-ti-rtx-2080-ti-rtx-3090-3080-4090.php
VeraCrypt SHA512 + XTS 512 bit,Disk Encryption,AMD Radeon RX 6800 XT,AMD,Consumer; Desktop,2071,6.1.1-120-g15bf8b730,https://gist.github.com/epixoip/99085955a1145ff61ec83512a50421a7
VeraCrypt SHA512 + XTS 512 bit,Disk Encryption,NVIDIA Tesla V100-SXM2-16GB,NVIDIA,Server; Data Center,1890,6.2.6,https://github.com/dosoos/hashcat_speeds
VeraCrypt SHA512 + XTS 512 bit,Disk Encryption,NVIDIA GeForce RTX 2070 SUPER,NVIDIA,Consumer; Desktop,1393,6.2.6,https://www.onlinehashcrack.com/tools-benchmark-hashcat-gtx-1080-ti-1070-ti-rtx-2080-ti-rtx-3090-3080-4090.php
VeraCrypt SHA512 + XTS 512 bit,Disk Encryption,NVIDIA GeForce GTX 1080 Ti,NVIDIA,Consumer; Desktop,1259,6.2.6,https://www.onlinehashcrack.com/tools-benchmark-hashcat-gtx-1080-ti-1070-ti-rtx-2080-ti-rtx-3090-3080-4090.php
VeraCrypt SHA512 + XTS 512 bit,Disk Encryption,AMD Radeon RX 6600 XT,AMD,Consumer; Desktop,1002,6.2.4,https://gist.github.com/soxrok2212/7ebabe2136e48514ad579929af123037
VeraCrypt SHA512 + XTS 512 bit,Disk Encryption,AMD Radeon RX Vega 64,AMD,Consumer; Desktop,978,6.0.0,https://hashcat.net/hashcat/
VeraCrypt SHA512 + XTS 512 bit,Disk Encryption,NVIDIA Tesla P100-PCIE-16GB,NVIDIA,Server; Data Center,944,6.2.6,https://www.onlinehashcrack.com/tools-benchmark-hashcat-gtx-1080-ti-1070-ti-rtx-2080-ti-rtx-3090-3080-4090.php
VeraCrypt SHA512 + XTS 512 bit,Disk Encryption,NVIDIA Tesla T4,NVIDIA,Server; Data Center,840,6.2.6,https://www.onlinehashcrack.com/tools-benchmark-hashcat-gtx-1080-ti-1070-ti-rtx-2080-ti-rtx-3090-3080-4090.php
VeraCrypt SHA512 + XTS 512 bit,Disk Encryption,Apple M3 Pro,Apple,Integrated; SoC; Mobile,194,6.2.6-827-g46ce637d3,https://gist.github.com/Chick3nman/fdf7f9ddcc0a65f6725aefede99ada4e
VeraCrypt SHA512 + XTS 512 bit,Disk Encryption,Apple M1 Ultra,Apple,Integrated; SoC; Desktop,191,6.2.5-340-g98b89e43d,https://gist.github.com/fhlip0
VeraCrypt SHA512 + XTS 512 bit,Disk Encryption,NVIDIA Tegra X1,NVIDIA,Embedded; SoC,33,6.2.6,https://hashcat.net/forum/printthread.php?tid=11520
VeraCrypt Streebog-512 + XTS 1024 bit,Disk Encryption,NVIDIA GeForce RTX 5090,NVIDIA,Consumer; Desktop,158,6.2.6-851-g6716447df,https://github.com/dosoos/hashcat_speeds
VeraCrypt Streebog-512 + XTS 1024 bit,Disk Encryption,NVIDIA GeForce RTX 4090,NVIDIA,Consumer; Desktop,153,6.2.6,https://github.com/dosoos/hashcat_speeds
VeraCrypt Streebog-512 + XTS 1024 bit,Disk Encryption,NVIDIA RTX 6000 Ada Generation,NVIDIA,Professional; Desktop,149,6.2.6,https://github.com/dosoos/hashcat_speeds
VeraCrypt Streebog-512 + XTS 1024 bit,Disk Encryption,NVIDIA GeForce RTX 4080,NVIDIA,Consumer; Desktop,84,6.2.6-325-gea6173b30,https://github.com/dosoos/hashcat_speeds
VeraCrypt Streebog-512 + XTS 1024 bit,Disk Encryption,NVIDIA GeForce RTX 3090 Ti,NVIDIA,Consumer; Desktop,68,6.2.6-424-g3df97954c,https://www.onlinehashcrack.com/tools-benchmark-hashcat-gtx-1080-ti-1070-ti-rtx-2080-ti-rtx-3090-3080-4090.php
VeraCrypt Streebog-512 + XTS 1024 bit,Disk Encryption,NVIDIA GeForce RTX 3080 Ti,NVIDIA,Consumer; Desktop,67,6.2.3,https://www.onlinehashcrack.com/tools-benchmark-hashcat-gtx-1080-ti-1070-ti-rtx-2080-ti-rtx-3090-3080-4090.php
VeraCrypt Streebog-512 + XTS 1024 bit,Disk Encryption,NVIDIA A100-PCIE-40GB,NVIDIA,Server; Data Center,64,6.1.1,https://github.com/dosoos/hashcat_speeds
VeraCrypt Streebog-512 + XTS 1024 bit,Disk Encryption,NVIDIA GeForce RTX 3090,NVIDIA,Consumer; Desktop,59,6.2.5-656-gc8350eb55,https://www.onlinehashcrack.com/tools-benchmark-hashcat-gtx-1080-ti-1070-ti-rtx-2080-ti-rtx-3090-3080-4090.php
VeraCrypt Streebog-512 + XTS 1024 bit,Disk Encryption,NVIDIA GeForce RTX 3080,NVIDIA,Consumer; Desktop,53,6.2.6-424-g3df97954c,https://www.onlinehashcrack.com/tools-benchmark-hashcat-gtx-1080-ti-1070-ti-rtx-2080-ti-rtx-3090-3080-4090.php
VeraCrypt Streebog-512 + XTS 1024 bit,Disk Encryption,NVIDIA H100 PCIe,NVIDIA,Server; Data Center,47,6.2.6-514-gbf1d7d078,https://github.com/dosoos/hashcat_speeds
VeraCrypt Streebog-512 + XTS 1024 bit,Disk Encryption,NVIDIA Tesla V100-SXM2-16GB,NVIDIA,Server; Data Center,40,6.2.6,https://github.com/dosoos/hashcat_speeds
VeraCrypt Streebog-512 + XTS 1024 bit,Disk Encryption,AMD Radeon RX 6800 XT,AMD,Consumer; Desktop,39,6.1.1-120-g15bf8b730,https://gist.github.com/epixoip/99085955a1145ff61ec83512a50421a7
VeraCrypt Streebog-512 + XTS 1024 bit,Disk Encryption,NVIDIA Tesla P100-PCIE-16GB,NVIDIA,Server; Data Center,31,6.2.6,https://www.onlinehashcrack.com/tools-benchmark-hashcat-gtx-1080-ti-1070-ti-rtx-2080-ti-rtx-3090-3080-4090.php
VeraCrypt Streebog-512 + XTS 1024 bit,Disk Encryption,NVIDIA GeForce RTX 2080 Ti,NVIDIA,Consumer; Desktop,27,6.2.6,https://www.onlinehashcrack.com/tools-benchmark-hashcat-gtx-1080-ti-1070-ti-rtx-2080-ti-rtx-3090-3080-4090.php
VeraCrypt Streebog-512 + XTS 1024 bit,Disk Encryption,NVIDIA GeForce GTX 1080 Ti,NVIDIA,Consumer; Desktop,22,6.2.6,https://www.onlinehashcrack.com/tools-benchmark-hashcat-gtx-1080-ti-1070-ti-rtx-2080-ti-rtx-3090-3080-4090.php
VeraCrypt Streebog-512 + XTS 1024 bit,Disk Encryption,AMD Radeon RX 6600 XT,AMD,Consumer; Desktop,20,6.2.4,https://gist.github.com/soxrok2212/7ebabe2136e48514ad579929af123037
VeraCrypt Streebog-512 + XTS 1024 bit,Disk Encryption,NVIDIA GeForce RTX 2070 SUPER,NVIDIA,Consumer; Desktop,17,6.2.6,https://www.onlinehashcrack.com/tools-benchmark-hashcat-gtx-1080-ti-1070-ti-rtx-2080-ti-rtx-3090-3080-4090.php
VeraCrypt Streebog-512 + XTS 1024 bit,Disk Encryption,NVIDIA Tesla T4,NVIDIA,Server; Data Center,13,6.2.6,https://www.onlinehashcrack.com/tools-benchmark-hashcat-gtx-1080-ti-1070-ti-rtx-2080-ti-rtx-3090-3080-4090.php
VeraCrypt Streebog-512 + XTS 1024 bit,Disk Encryption,Apple M3 Pro,Apple,Integrated; SoC; Mobile,13,6.2.6-827-g46ce637d3,https://gist.github.com/Chick3nman/fdf7f9ddcc0a65f6725aefede99ada4e
VeraCrypt Streebog-512 + XTS 1536 bit,Disk Encryption,NVIDIA GeForce RTX 5090,NVIDIA,Consumer; Desktop,105,6.2.6-851-g6716447df,https://github.com/dosoos/hashcat_speeds
VeraCrypt Streebog-512 + XTS 1536 bit,Disk Encryption,NVIDIA GeForce RTX 4090,NVIDIA,Consumer; Desktop,102,6.2.6,https://github.com/dosoos/hashcat_speeds
VeraCrypt Streebog-512 + XTS 1536 bit,Disk Encryption,NVIDIA RTX 6000 Ada Generation,NVIDIA,Professional; Desktop,100,6.2.6,https://github.com/dosoos/hashcat_speeds
VeraCrypt Streebog-512 + XTS 1536 bit,Disk Encryption,NVIDIA GeForce RTX 4080,NVIDIA,Consumer; Desktop,56,6.2.6-325-gea6173b30,https://github.com/dosoos/hashcat_speeds
VeraCrypt Streebog-512 + XTS 1536 bit,Disk Encryption,NVIDIA H100 PCIe,NVIDIA,Server; Data Center,48,6.2.6-514-gbf1d7d078,https://github.com/dosoos/hashcat_speeds
VeraCrypt Streebog-512 + XTS 1536 bit,Disk Encryption,NVIDIA GeForce RTX 3090 Ti,NVIDIA,Consumer; Desktop,45,6.2.6-424-g3df97954c,https://www.onlinehashcrack.com/tools-benchmark-hashcat-gtx-1080-ti-1070-ti-rtx-2080-ti-rtx-3090-3080-4090.php
VeraCrypt Streebog-512 + XTS 1536 bit,Disk Encryption,NVIDIA GeForce RTX 3080 Ti,NVIDIA,Consumer; Desktop,44,6.2.3,https://www.onlinehashcrack.com/tools-benchmark-hashcat-gtx-1080-ti-1070-ti-rtx-2080-ti-rtx-3090-3080-4090.php
VeraCrypt Streebog-512 + XTS 1536 bit,Disk Encryption,NVIDIA GeForce RTX 3090,NVIDIA,Consumer; Desktop,43,6.2.5-656-gc8350eb55,https://www.onlinehashcrack.com/tools-benchmark-hashcat-gtx-1080-ti-1070-ti-rtx-2080-ti-rtx-3090-3080-4090.php
VeraCrypt Streebog-512 + XTS 1536 bit,Disk Encryption,NVIDIA A100-PCIE-40GB,NVIDIA,Server; Data Center,42,6.1.1,https://github.com/dosoos/hashcat_speeds
VeraCrypt Streebog-512 + XTS 1536 bit,Disk Encryption,NVIDIA GeForce RTX 3080,NVIDIA,Consumer; Desktop,35,6.2.6-424-g3df97954c,https://www.onlinehashcrack.com/tools-benchmark-hashcat-gtx-1080-ti-1070-ti-rtx-2080-ti-rtx-3090-3080-4090.php
VeraCrypt Streebog-512 + XTS 1536 bit,Disk Encryption,AMD Radeon RX 6800 XT,AMD,Consumer; Desktop,27,6.1.1-120-g15bf8b730,https://gist.github.com/epixoip/99085955a1145ff61ec83512a50421a7
VeraCrypt Streebog-512 + XTS 1536 bit,Disk Encryption,NVIDIA Tesla V100-SXM2-16GB,NVIDIA,Server; Data Center,26,6.2.6,https://github.com/dosoos/hashcat_speeds
VeraCrypt Streebog-512 + XTS 1536 bit,Disk Encryption,NVIDIA Tesla P100-PCIE-16GB,NVIDIA,Server; Data Center,21,6.2.6,https://www.onlinehashcrack.com/tools-benchmark-hashcat-gtx-1080-ti-1070-ti-rtx-2080-ti-rtx-3090-3080-4090.php
VeraCrypt Streebog-512 + XTS 1536 bit,Disk Encryption,NVIDIA GeForce RTX 2080 Ti,NVIDIA,Consumer; Desktop,17,6.2.6,https://www.onlinehashcrack.com/tools-benchmark-hashcat-gtx-1080-ti-1070-ti-rtx-2080-ti-rtx-3090-3080-4090.php
VeraCrypt Streebog-512 + XTS 1536 bit,Disk Encryption,NVIDIA GeForce GTX 1080 Ti,NVIDIA,Consumer; Desktop,15,6.2.6,https://www.onlinehashcrack.com/tools-benchmark-hashcat-gtx-1080-ti-1070-ti-rtx-2080-ti-rtx-3090-3080-4090.php
VeraCrypt Streebog-512 + XTS 1536 bit,Disk Encryption,AMD Radeon RX 6600 XT,AMD,Consumer; Desktop,12,6.2.4,https://gist.github.com/soxrok2212/7ebabe2136e48514ad579929af123037
VeraCrypt Streebog-512 + XTS 1536 bit,Disk Encryption,NVIDIA GeForce RTX 2070 SUPER,NVIDIA,Consumer; Desktop,11,6.2.6,https://www.onlinehashcrack.com/tools-benchmark-hashcat-gtx-1080-ti-1070-ti-rtx-2080-ti-rtx-3090-3080-4090.php
VeraCrypt Streebog-512 + XTS 1536 bit,Disk Encryption,NVIDIA Tesla T4,NVIDIA,Server; Data Center,9,6.2.6,https://www.onlinehashcrack.com/tools-benchmark-hashcat-gtx-1080-ti-1070-ti-rtx-2080-ti-rtx-3090-3080-4090.php
VeraCrypt Streebog-512 + XTS 1536 bit,Disk Encryption,Apple M3 Pro,Apple,Integrated; SoC; Mobile,9,6.2.6-827-g46ce637d3,https://gist.github.com/Chick3nman/fdf7f9ddcc0a65f6725aefede99ada4e
VeraCrypt Streebog-512 + XTS 512 bit,Disk Encryption,NVIDIA GeForce RTX 5090,NVIDIA,Consumer; Desktop,344,6.2.6-851-g6716447df,https://github.com/dosoos/hashcat_speeds
VeraCrypt Streebog-512 + XTS 512 bit,Disk Encryption,NVIDIA GeForce RTX 4090,NVIDIA,Consumer; Desktop,306,6.2.6,https://github.com/dosoos/hashcat_speeds
VeraCrypt Streebog-512 + XTS 512 bit,Disk Encryption,NVIDIA RTX 6000 Ada Generation,NVIDIA,Professional; Desktop,297,6.2.6,https://github.com/dosoos/hashcat_speeds
VeraCrypt Streebog-512 + XTS 512 bit,Disk Encryption,NVIDIA GeForce RTX 4080,NVIDIA,Consumer; Desktop,167,6.2.6-325-gea6173b30,https://github.com/dosoos/hashcat_speeds
VeraCrypt Streebog-512 + XTS 512 bit,Disk Encryption,NVIDIA GeForce RTX 3090 Ti,NVIDIA,Consumer; Desktop,137,6.2.6-424-g3df97954c,https://www.onlinehashcrack.com/tools-benchmark-hashcat-gtx-1080-ti-1070-ti-rtx-2080-ti-rtx-3090-3080-4090.php
VeraCrypt Streebog-512 + XTS 512 bit,Disk Encryption,NVIDIA GeForce RTX 3080 Ti,NVIDIA,Consumer; Desktop,134,6.2.3,https://www.onlinehashcrack.com/tools-benchmark-hashcat-gtx-1080-ti-1070-ti-rtx-2080-ti-rtx-3090-3080-4090.php
VeraCrypt Streebog-512 + XTS 512 bit,Disk Encryption,NVIDIA GeForce RTX 3090,NVIDIA,Consumer; Desktop,128,6.2.5-656-gc8350eb55,https://www.onlinehashcrack.com/tools-benchmark-hashcat-gtx-1080-ti-1070-ti-rtx-2080-ti-rtx-3090-3080-4090.php
VeraCrypt Streebog-512 + XTS 512 bit,Disk Encryption,NVIDIA A100-PCIE-40GB,NVIDIA,Server; Data Center,128,6.1.1,https://github.com/dosoos/hashcat_speeds
VeraCrypt Streebog-512 + XTS 512 bit,Disk Encryption,NVIDIA H100 PCIe,NVIDIA,Server; Data Center,118,6.2.6-514-gbf1d7d078,https://github.com/dosoos/hashcat_speeds
VeraCrypt Streebog-512 + XTS 512 bit,Disk Encryption,NVIDIA GeForce RTX 3080,NVIDIA,Consumer; Desktop,106,6.2.6-424-g3df97954c,https://www.onlinehashcrack.com/tools-benchmark-hashcat-gtx-1080-ti-1070-ti-rtx-2080-ti-rtx-3090-3080-4090.php
VeraCrypt Streebog-512 + XTS 512 bit,Disk Encryption,AMD Radeon RX 6800 XT,AMD,Consumer; Desktop,82,6.1.1-120-g15bf8b730,https://gist.github.com/epixoip/99085955a1145ff61ec83512a50421a7
VeraCrypt Streebog-512 + XTS 512 bit,Disk Encryption,NVIDIA Tesla V100-SXM2-16GB,NVIDIA,Server; Data Center,80,6.2.6,https://github.com/dosoos/hashcat_speeds
VeraCrypt Streebog-512 + XTS 512 bit,Disk Encryption,AMD Radeon RX Vega 64,AMD,Consumer; Desktop,73,6.0.0,https://hashcat.net/hashcat/
VeraCrypt Streebog-512 + XTS 512 bit,Disk Encryption,NVIDIA Tesla P100-PCIE-16GB,NVIDIA,Server; Data Center,59,6.2.6,https://www.onlinehashcrack.com/tools-benchmark-hashcat-gtx-1080-ti-1070-ti-rtx-2080-ti-rtx-3090-3080-4090.php
VeraCrypt Streebog-512 + XTS 512 bit,Disk Encryption,NVIDIA GeForce RTX 2080 Ti,NVIDIA,Consumer; Desktop,55,6.2.6,https://www.onlinehashcrack.com/tools-benchmark-hashcat-gtx-1080-ti-1070-ti-rtx-2080-ti-rtx-3090-3080-4090.php
VeraCrypt Streebog-512 + XTS 512 bit,Disk Encryption,NVIDIA GeForce GTX 1080 Ti,NVIDIA,Consumer; Desktop,43,6.2.6,https://www.onlinehashcrack.com/tools-benchmark-hashcat-gtx-1080-ti-1070-ti-rtx-2080-ti-rtx-3090-3080-4090.php
VeraCrypt Streebog-512 + XTS 512 bit,Disk Encryption,AMD Radeon RX 6600 XT,AMD,Consumer; Desktop,35,6.2.4,https://gist.github.com/soxrok2212/7ebabe2136e48514ad579929af123037
VeraCrypt Streebog-512 + XTS 512 bit,Disk Encryption,NVIDIA GeForce RTX 2070 SUPER,NVIDIA,Consumer; Desktop,33,6.2.6,https://www.onlinehashcrack.com/tools-benchmark-hashcat-gtx-1080-ti-1070-ti-rtx-2080-ti-rtx-3090-3080-4090.php
VeraCrypt Streebog-512 + XTS 512 bit,Disk Encryption,NVIDIA Tesla T4,NVIDIA,Server; Data Center,27,6.2.6,https://www.onlinehashcrack.com/tools-benchmark-hashcat-gtx-1080-ti-1070-ti-rtx-2080-ti-rtx-3090-3080-4090.php
VeraCrypt Streebog-512 + XTS 512 bit,Disk Encryption,Apple M3 Pro,Apple,Integrated; SoC; Mobile,27,6.2.6-827-g46ce637d3,https://gist.github.com/Chick3nman/fdf7f9ddcc0a65f6725aefede99ada4e
VeraCrypt Whirlpool + XTS 1024 bit,Disk Encryption,NVIDIA GeForce RTX 5090,NVIDIA,Consumer; Desktop,690,6.2.6-851-g6716447df,https://github.com/dosoos/hashcat_speeds
VeraCrypt Whirlpool + XTS 1024 bit,Disk Encryption,NVIDIA GeForce RTX 4090,NVIDIA,Consumer; Desktop,387,6.2.6,https://github.com/dosoos/hashcat_speeds
VeraCrypt Whirlpool + XTS 1024 bit,Disk Encryption,NVIDIA RTX 6000 Ada Generation,NVIDIA,Professional; Desktop,375,6.2.6,https://github.com/dosoos/hashcat_speeds
VeraCrypt Whirlpool + XTS 1024 bit,Disk Encryption,NVIDIA GeForce RTX 4080,NVIDIA,Consumer; Desktop,198,6.2.6-325-gea6173b30,https://github.com/dosoos/hashcat_speeds
VeraCrypt Whirlpool + XTS 1024 bit,Disk Encryption,NVIDIA GeForce RTX 3080 Ti,NVIDIA,Consumer; Desktop,172,6.2.3,https://www.onlinehashcrack.com/tools-benchmark-hashcat-gtx-1080-ti-1070-ti-rtx-2080-ti-rtx-3090-3080-4090.php
VeraCrypt Whirlpool + XTS 1024 bit,Disk Encryption,NVIDIA A100-PCIE-40GB,NVIDIA,Server; Data Center,166,6.1.1,https://github.com/dosoos/hashcat_speeds
VeraCrypt Whirlpool + XTS 1024 bit,Disk Encryption,NVIDIA GeForce RTX 3090 Ti,NVIDIA,Consumer; Desktop,166,6.2.6-424-g3df97954c,https://www.onlinehashcrack.com/tools-benchmark-hashcat-gtx-1080-ti-1070-ti-rtx-2080-ti-rtx-3090-3080-4090.php
VeraCrypt Whirlpool + XTS 1024 bit,Disk Encryption,NVIDIA H100 PCIe,NVIDIA,Server; Data Center,141,6.2.6-514-gbf1d7d078,https://github.com/dosoos/hashcat_speeds
VeraCrypt Whirlpool + XTS 1024 bit,Disk Encryption,NVIDIA GeForce RTX 3080,NVIDIA,Consumer; Desktop,139,6.2.6-424-g3df97954c,https://www.onlinehashcrack.com/tools-benchmark-hashcat-gtx-1080-ti-1070-ti-rtx-2080-ti-rtx-3090-3080-4090.php
VeraCrypt Whirlpool + XTS 1024 bit,Disk Encryption,NVIDIA GeForce RTX 3090,NVIDIA,Consumer; Desktop,134,6.2.5-656-gc8350eb55,https://www.onlinehashcrack.com/tools-benchmark-hashcat-gtx-1080-ti-1070-ti-rtx-2080-ti-rtx-3090-3080-4090.php
VeraCrypt Whirlpool + XTS 1024 bit,Disk Encryption,AMD Radeon RX 6800 XT,AMD,Consumer; Desktop,113,6.1.1-120-g15bf8b730,https://gist.github.com/epixoip/99085955a1145ff61ec83512a50421a7
VeraCrypt Whirlpool + XTS 1024 bit,Disk Encryption,NVIDIA Tesla V100-SXM2-16GB,NVIDIA,Server; Data Center,103,6.2.6,https://github.com/dosoos/hashcat_speeds
VeraCrypt Whirlpool + XTS 1024 bit,Disk Encryption,NVIDIA TITAN RTX,NVIDIA,Consumer; Desktop,71,6.2.6,https://github.com/dosoos/hashcat_speeds
VeraCrypt Whirlpool + XTS 1024 bit,Disk Encryption,NVIDIA GeForce RTX 2080 Ti,NVIDIA,Consumer; Desktop,71,6.2.6,https://www.onlinehashcrack.com/tools-benchmark-hashcat-gtx-1080-ti-1070-ti-rtx-2080-ti-rtx-3090-3080-4090.php
VeraCrypt Whirlpool + XTS 1024 bit,Disk Encryption,NVIDIA Tesla P100-PCIE-16GB,NVIDIA,Server; Data Center,69,6.2.6,https://www.onlinehashcrack.com/tools-benchmark-hashcat-gtx-1080-ti-1070-ti-rtx-2080-ti-rtx-3090-3080-4090.php
VeraCrypt Whirlpool + XTS 1024 bit,Disk Encryption,AMD Radeon RX 6600 XT,AMD,Consumer; Desktop,60,6.2.4,https://gist.github.com/soxrok2212/7ebabe2136e48514ad579929af123037
VeraCrypt Whirlpool + XTS 1024 bit,Disk Encryption,NVIDIA GeForce GTX 1080 Ti,NVIDIA,Consumer; Desktop,59,6.2.6,https://www.onlinehashcrack.com/tools-benchmark-hashcat-gtx-1080-ti-1070-ti-rtx-2080-ti-rtx-3090-3080-4090.php
VeraCrypt Whirlpool + XTS 1024 bit,Disk Encryption,NVIDIA GeForce RTX 2070 SUPER,NVIDIA,Consumer; Desktop,43,6.2.6,https://www.onlinehashcrack.com/tools-benchmark-hashcat-gtx-1080-ti-1070-ti-rtx-2080-ti-rtx-3090-3080-4090.php
VeraCrypt Whirlpool + XTS 1024 bit,Disk Encryption,Apple M1 Ultra,Apple,Integrated; SoC; Desktop,37,6.2.5-340-g98b89e43d,https://gist.github.com/fhlip0
VeraCrypt Whirlpool + XTS 1024 bit,Disk Encryption,NVIDIA Tesla T4,NVIDIA,Server; Data Center,34,6.2.6,https://www.onlinehashcrack.com/tools-benchmark-hashcat-gtx-1080-ti-1070-ti-rtx-2080-ti-rtx-3090-3080-4090.php
VeraCrypt Whirlpool + XTS 1536 bit,Disk Encryption,NVIDIA GeForce RTX 5090,NVIDIA,Consumer; Desktop,446,6.2.6-851-g6716447df,https://github.com/dosoos/hashcat_speeds
VeraCrypt Whirlpool + XTS 1536 bit,Disk Encryption,NVIDIA GeForce RTX 4090,NVIDIA,Consumer; Desktop,257,6.2.6,https://github.com/dosoos/hashcat_speeds
VeraCrypt Whirlpool + XTS 1536 bit,Disk Encryption,NVIDIA RTX 6000 Ada Generation,NVIDIA,Professional; Desktop,249,6.2.6,https://github.com/dosoos/hashcat_speeds
VeraCrypt Whirlpool + XTS 1536 bit,Disk Encryption,NVIDIA GeForce RTX 4080,NVIDIA,Consumer; Desktop,129,6.2.6-325-gea6173b30,https://github.com/dosoos/hashcat_speeds
VeraCrypt Whirlpool + XTS 1536 bit,Disk Encryption,NVIDIA GeForce RTX 3080 Ti,NVIDIA,Consumer; Desktop,115,6.2.3,https://www.onlinehashcrack.com/tools-benchmark-hashcat-gtx-1080-ti-1070-ti-rtx-2080-ti-rtx-3090-3080-4090.php
VeraCrypt Whirlpool + XTS 1536 bit,Disk Encryption,NVIDIA A100-PCIE-40GB,NVIDIA,Server; Data Center,106,6.1.1,https://github.com/dosoos/hashcat_speeds
VeraCrypt Whirlpool + XTS 1536 bit,Disk Encryption,NVIDIA GeForce RTX 3090 Ti,NVIDIA,Consumer; Desktop,103,6.2.6-424-g3df97954c,https://www.onlinehashcrack.com/tools-benchmark-hashcat-gtx-1080-ti-1070-ti-rtx-2080-ti-rtx-3090-3080-4090.php
VeraCrypt Whirlpool + XTS 1536 bit,Disk Encryption,NVIDIA H100 PCIe,NVIDIA,Server; Data Center,95,6.2.6-514-gbf1d7d078,https://github.com/dosoos/hashcat_speeds
VeraCrypt Whirlpool + XTS 1536 bit,Disk Encryption,NVIDIA GeForce RTX 3080,NVIDIA,Consumer; Desktop,92,6.2.6-424-g3df97954c,https://www.onlinehashcrack.com/tools-benchmark-hashcat-gtx-1080-ti-1070-ti-rtx-2080-ti-rtx-3090-3080-4090.php
VeraCrypt Whirlpool + XTS 1536 bit,Disk Encryption,NVIDIA GeForce RTX 3090,NVIDIA,Consumer; Desktop,89,6.2.5-656-gc8350eb55,https://www.onlinehashcrack.com/tools-benchmark-hashcat-gtx-1080-ti-1070-ti-rtx-2080-ti-rtx-3090-3080-4090.php
VeraCrypt Whirlpool + XTS 1536 bit,Disk Encryption,AMD Radeon RX 6800 XT,AMD,Consumer; Desktop,81,6.1.1-120-g15bf8b730,https://gist.github.com/epixoip/99085955a1145ff61ec83512a50421a7
VeraCrypt Whirlpool + XTS 1536 bit,Disk Encryption,NVIDIA Tesla V100-SXM2-16GB,NVIDIA,Server; Data Center,67,6.2.6,https://github.com/dosoos/hashcat_speeds
VeraCrypt Whirlpool + XTS 1536 bit,Disk Encryption,NVIDIA TITAN RTX,NVIDIA,Consumer; Desktop,48,6.2.6,https://github.com/dosoos/hashcat_speeds
VeraCrypt Whirlpool + XTS 1536 bit,Disk Encryption,NVIDIA GeForce RTX 2080 Ti,NVIDIA,Consumer; Desktop,48,6.2.6,https://www.onlinehashcrack.com/tools-benchmark-hashcat-gtx-1080-ti-1070-ti-rtx-2080-ti-rtx-3090-3080-4090.php
VeraCrypt Whirlpool + XTS 1536 bit,Disk Encryption,NVIDIA Tesla P100-PCIE-16GB,NVIDIA,Server; Data Center,46,6.2.6,https://www.onlinehashcrack.com/tools-benchmark-hashcat-gtx-1080-ti-1070-ti-rtx-2080-ti-rtx-3090-3080-4090.php
VeraCrypt Whirlpool + XTS 1536 bit,Disk Encryption,AMD Radeon RX 6600 XT,AMD,Consumer; Desktop,40,6.2.4,https://gist.github.com/soxrok2212/7ebabe2136e48514ad579929af123037
VeraCrypt Whirlpool + XTS 1536 bit,Disk Encryption,NVIDIA GeForce GTX 1080 Ti,NVIDIA,Consumer; Desktop,40,6.2.6,https://www.onlinehashcrack.com/tools-benchmark-hashcat-gtx-1080-ti-1070-ti-rtx-2080-ti-rtx-3090-3080-4090.php
VeraCrypt Whirlpool + XTS 1536 bit,Disk Encryption,NVIDIA GeForce RTX 2070 SUPER,NVIDIA,Consumer; Desktop,29,6.2.6,https://www.onlinehashcrack.com/tools-benchmark-hashcat-gtx-1080-ti-1070-ti-rtx-2080-ti-rtx-3090-3080-4090.php
VeraCrypt Whirlpool + XTS 1536 bit,Disk Encryption,Apple M1 Ultra,Apple,Integrated; SoC; Desktop,25,6.2.5-340-g98b89e43d,https://gist.github.com/fhlip0
VeraCrypt Whirlpool + XTS 1536 bit,Disk Encryption,NVIDIA Tesla T4,NVIDIA,Server; Data Center,23,6.2.6,https://www.onlinehashcrack.com/tools-benchmark-hashcat-gtx-1080-ti-1070-ti-rtx-2080-ti-rtx-3090-3080-4090.php
VeraCrypt Whirlpool + XTS 512 bit,Disk Encryption,NVIDIA GeForce RTX 5090,NVIDIA,Consumer; Desktop,1367,6.2.6-851-g6716447df,https://github.com/dosoos/hashcat_speeds
VeraCrypt Whirlpool + XTS 512 bit,Disk Encryption,NVIDIA GeForce RTX 4090,NVIDIA,Consumer; Desktop,781,6.2.6,https://github.com/dosoos/hashcat_speeds
VeraCrypt Whirlpool + XTS 512 bit,Disk Encryption,NVIDIA RTX 6000 Ada Generation,NVIDIA,Professional; Desktop,762,6.2.6,https://github.com/dosoos/hashcat_speeds
VeraCrypt Whirlpool + XTS 512 bit,Disk Encryption,NVIDIA GeForce RTX 4080,NVIDIA,Consumer; Desktop,396,6.2.6-325-gea6173b30,https://github.com/dosoos/hashcat_speeds
VeraCrypt Whirlpool + XTS 512 bit,Disk Encryption,NVIDIA GeForce RTX 3080 Ti,NVIDIA,Consumer; Desktop,346,6.2.3,https://www.onlinehashcrack.com/tools-benchmark-hashcat-gtx-1080-ti-1070-ti-rtx-2080-ti-rtx-3090-3080-4090.php
VeraCrypt Whirlpool + XTS 512 bit,Disk Encryption,NVIDIA GeForce RTX 3090,NVIDIA,Consumer; Desktop,339,6.2.5-656-gc8350eb55,https://www.onlinehashcrack.com/tools-benchmark-hashcat-gtx-1080-ti-1070-ti-rtx-2080-ti-rtx-3090-3080-4090.php
VeraCrypt Whirlpool + XTS 512 bit,Disk Encryption,NVIDIA GeForce RTX 3090 Ti,NVIDIA,Consumer; Desktop,332,6.2.6-424-g3df97954c,https://www.onlinehashcrack.com/tools-benchmark-hashcat-gtx-1080-ti-1070-ti-rtx-2080-ti-rtx-3090-3080-4090.php
VeraCrypt Whirlpool + XTS 512 bit,Disk Encryption,NVIDIA A100-PCIE-40GB,NVIDIA,Server; Data Center,331,6.1.1,https://github.com/dosoos/hashcat_speeds
VeraCrypt Whirlpool + XTS 512 bit,Disk Encryption,NVIDIA H100 PCIe,NVIDIA,Server; Data Center,309,6.2.6-514-gbf1d7d078,https://github.com/dosoos/hashcat_speeds
VeraCrypt Whirlpool + XTS 512 bit,Disk Encryption,NVIDIA GeForce RTX 3080,NVIDIA,Consumer; Desktop,277,6.2.6-424-g3df97954c,https://www.onlinehashcrack.com/tools-benchmark-hashcat-gtx-1080-ti-1070-ti-rtx-2080-ti-rtx-3090-3080-4090.php
VeraCrypt Whirlpool + XTS 512 bit,Disk Encryption,AMD Radeon RX 6800 XT,AMD,Consumer; Desktop,244,6.1.1-120-g15bf8b730,https://gist.github.com/epixoip/99085955a1145ff61ec83512a50421a7
VeraCrypt Whirlpool + XTS 512 bit,Disk Encryption,NVIDIA Tesla V100-SXM2-16GB,NVIDIA,Server; Data Center,205,6.2.6,https://github.com/dosoos/hashcat_speeds
VeraCrypt Whirlpool + XTS 512 bit,Disk Encryption,NVIDIA Tesla P100-PCIE-16GB,NVIDIA,Server; Data Center,162,6.2.6,https://www.onlinehashcrack.com/tools-benchmark-hashcat-gtx-1080-ti-1070-ti-rtx-2080-ti-rtx-3090-3080-4090.php
VeraCrypt Whirlpool + XTS 512 bit,Disk Encryption,NVIDIA TITAN RTX,NVIDIA,Consumer; Desktop,143,6.2.6,https://github.com/dosoos/hashcat_speeds
VeraCrypt Whirlpool + XTS 512 bit,Disk Encryption,NVIDIA GeForce RTX 2080 Ti,NVIDIA,Consumer; Desktop,143,6.2.6,https://www.onlinehashcrack.com/tools-benchmark-hashcat-gtx-1080-ti-1070-ti-rtx-2080-ti-rtx-3090-3080-4090.php
VeraCrypt Whirlpool + XTS 512 bit,Disk Encryption,NVIDIA GeForce GTX 1080 Ti,NVIDIA,Consumer; Desktop,121,6.2.6,https://www.onlinehashcrack.com/tools-benchmark-hashcat-gtx-1080-ti-1070-ti-rtx-2080-ti-rtx-3090-3080-4090.php
VeraCrypt Whirlpool + XTS 512 bit,Disk Encryption,AMD Radeon RX 6600 XT,AMD,Consumer; Desktop,120,6.2.4,https://gist.github.com/soxrok2212/7ebabe2136e48514ad579929af123037
VeraCrypt Whirlpool + XTS 512 bit,Disk Encryption,NVIDIA GeForce RTX 2070 SUPER,NVIDIA,Consumer; Desktop,86,6.2.6,https://www.onlinehashcrack.com/tools-benchmark-hashcat-gtx-1080-ti-1070-ti-rtx-2080-ti-rtx-3090-3080-4090.php
VeraCrypt Whirlpool + XTS 512 bit,Disk Encryption,Apple M1 Ultra,Apple,Integrated; SoC; Desktop,75,6.2.5-340-g98b89e43d,https://gist.github.com/fhlip0
VeraCrypt Whirlpool + XTS 512 bit,Disk Encryption,AMD Radeon RX Vega 64,AMD,Consumer; Desktop,70,6.0.0,https://hashcat.net/hashcat/
VeraCrypt Whirlpool + XTS 512 bit,Disk Encryption,NVIDIA Tesla T4,NVIDIA,Server; Data Center,68,6.2.6,https://www.onlinehashcrack.com/tools-benchmark-hashcat-gtx-1080-ti-1070-ti-rtx-2080-ti-rtx-3090-3080-4090.php
VeraCrypt Whirlpool + XTS 512 bit,Disk Encryption,NVIDIA Tegra X1,NVIDIA,Embedded; SoC,3,6.2.6,https://hashcat.net/forum/printthread.php?tid=11520
WPA/WPA2,Network Auth,NVIDIA RTX PRO 6000 Blackwell Workstation Edition,NVIDIA,Professional; Desktop,4175429,7.1.2,https://openbenchmarking.org/test/pts/hashcat
WPA/WPA2,Network Auth,NVIDIA GeForce RTX 5090,NVIDIA,Consumer; Desktop,3468500,6.2.6-1087-gd3983edaf,https://www.onlinehashcrack.com/tools-benchmark-hashcat-gtx-1080-ti-1070-ti-rtx-2080-ti-rtx-3090-3080-4090.php
WPA/WPA2,Network Auth,NVIDIA RTX PRO 6000 Blackwell Max-Q Workstation Edition,NVIDIA,Professional; Mobile,2948636,7.1.2,https://openbenchmarking.org/test/pts/hashcat
WPA/WPA2,Network Auth,NVIDIA GeForce RTX 4090,NVIDIA,Consumer; Desktop,2533300,6.2.6,https://github.com/dosoos/hashcat_speeds
WPA/WPA2,Network Auth,NVIDIA RTX PRO 5000 Blackwell,NVIDIA,Professional; Desktop,2250745,7.1.2,https://openbenchmarking.org/test/pts/hashcat
WPA/WPA2,Network Auth,NVIDIA H100 SXM5 80GB,NVIDIA,Server; Data Center,2189500,6.2.6,https://www.onlinehashcrack.com/tools-benchmark-hashcat-gtx-1080-ti-1070-ti-rtx-2080-ti-rtx-3090-3080-4090.php
WPA/WPA2,Network Auth,NVIDIA RTX 6000 Ada Generation,NVIDIA,Professional; Desktop,2088516,7.1.2,https://openbenchmarking.org/test/pts/hashcat
WPA/WPA2,Network Auth,NVIDIA GeForce RTX 5080,NVIDIA,Consumer; Desktop,1625100,7.1.2,https://openbenchmarking.org/test/pts/hashcat
WPA/WPA2,Network Auth,NVIDIA RTX PRO 4500 Blackwell,NVIDIA,Professional; Desktop,1593664,7.1.2,https://openbenchmarking.org/test/pts/hashcat
WPA/WPA2,Network Auth,NVIDIA GeForce RTX 4080 SUPER,NVIDIA,Consumer; Desktop,1530100,6.2.6,https://hashcat.net/forum/printthread.php?tid=11520
WPA/WPA2,Network Auth,NVIDIA GeForce RTX 4080,NVIDIA,Consumer; Desktop,1523700,6.2.6-325-gea6173b30,https://github.com/dosoos/hashcat_speeds
WPA/WPA2,Network Auth,NVIDIA H100 PCIe,NVIDIA,Server; Data Center,1453700,6.2.6-514-gbf1d7d078,https://github.com/dosoos/hashcat_speeds
WPA/WPA2,Network Auth,NVIDIA GeForce RTX 5070 Ti,NVIDIA,Consumer; Desktop,1358900,6.2.6,https://github.com/dosoos/hashcat_speeds
WPA/WPA2,Network Auth,AMD Radeon PRO W7900,AMD,Professional; Desktop,1310296,7.1.2,https://openbenchmarking.org/test/pts/hashcat
WPA/WPA2,Network Auth,NVIDIA GeForce RTX 3090 Ti,NVIDIA,Consumer; Desktop,1253800,6.2.6-424-g3df97954c,https://www.onlinehashcrack.com/tools-benchmark-hashcat-gtx-1080-ti-1070-ti-rtx-2080-ti-rtx-3090-3080-4090.php
WPA/WPA2,Network Auth,NVIDIA RTX PRO 4000 Blackwell,NVIDIA,Professional; Desktop,1215987,7.1.2,https://openbenchmarking.org/test/pts/hashcat
WPA/WPA2,Network Auth,NVIDIA GeForce RTX 3090,NVIDIA,Consumer; Desktop,1135400,6.2.5-656-gc8350eb55,https://www.onlinehashcrack.com/tools-benchmark-hashcat-gtx-1080-ti-1070-ti-rtx-2080-ti-rtx-3090-3080-4090.php
WPA/WPA2,Network Auth,NVIDIA A800 80GB PCIe,NVIDIA,Server; Data Center,1125200,6.2.6,https://github.com/dosoos/hashcat_speeds
WPA/WPA2,Network Auth,NVIDIA A100-SXM4-40GB,NVIDIA,Server; Data Center,1108100,6.2.3,https://www.onlinehashcrack.com/tools-benchmark-hashcat-gtx-1080-ti-1070-ti-rtx-2080-ti-rtx-3090-3080-4090.php
WPA/WPA2,Network Auth,NVIDIA A100-PCIE-40GB,NVIDIA,Server; Data Center,1103200,6.1.1,https://github.com/dosoos/hashcat_speeds
WPA/WPA2,Network Auth,NVIDIA GeForce RTX 3080 Ti,NVIDIA,Consumer; Desktop,1074500,6.2.3,https://www.onlinehashcrack.com/tools-benchmark-hashcat-gtx-1080-ti-1070-ti-rtx-2080-ti-rtx-3090-3080-4090.php
WPA/WPA2,Network Auth,AMD Radeon RX 6800 XT,AMD,Consumer; Desktop,1071000,6.1.1-120-g15bf8b730,https://gist.github.com/epixoip/99085955a1145ff61ec83512a50421a7
WPA/WPA2,Network Auth,NVIDIA TITAN RTX,NVIDIA,Consumer; Desktop,991600,6.2.6,https://github.com/dosoos/hashcat_speeds
WPA/WPA2,Network Auth,NVIDIA GeForce RTX 3080,NVIDIA,Consumer; Desktop,966900,6.2.6-424-g3df97954c,https://www.onlinehashcrack.com/tools-benchmark-hashcat-gtx-1080-ti-1070-ti-rtx-2080-ti-rtx-3090-3080-4090.php
WPA/WPA2,Network Auth,NVIDIA GeForce RTX 4070,NVIDIA,Consumer; Desktop,911800,6.2.6,https://github.com/dosoos/hashcat_speeds
WPA/WPA2,Network Auth,NVIDIA Tesla V100-SXM2-16GB,NVIDIA,Server; Data Center,884400,6.2.6,https://github.com/dosoos/hashcat_speeds
WPA/WPA2,Network Auth,AMD Radeon RX 9070 GRE,AMD,Consumer; Desktop,840767,7.1.2,https://openbenchmarking.org/test/pts/hashcat
WPA/WPA2,Network Auth,NVIDIA GeForce RTX 2080 Ti,NVIDIA,Consumer; Desktop,838500,6.2.6,https://www.onlinehashcrack.com/tools-benchmark-hashcat-gtx-1080-ti-1070-ti-rtx-2080-ti-rtx-3090-3080-4090.php
WPA/WPA2,Network Auth,NVIDIA RTX A5000,NVIDIA,Professional; Desktop,816400,6.2.6,https://www.onlinehashcrack.com/tools-benchmark-hashcat-gtx-1080-ti-1070-ti-rtx-2080-ti-rtx-3090-3080-4090.php
WPA/WPA2,Network Auth,Intel Arc A770,Intel,Consumer; Desktop,808121,7.1.2,https://openbenchmarking.org/test/pts/hashcat
WPA/WPA2,Network Auth,NVIDIA RTX 4000 Ada Generation,NVIDIA,Professional; Desktop,802533,7.1.2,https://openbenchmarking.org/test/pts/hashcat
WPA/WPA2,Network Auth,NVIDIA GeForce RTX 5060 Ti,NVIDIA,Consumer; Desktop,737800,7.1.2,https://github.com/dosoos/hashcat_speeds
WPA/WPA2,Network Auth,NVIDIA CMP 50HX,NVIDIA,Mining; Desktop,706200,6.2.6,https://github.com/dosoos/hashcat_speeds
WPA/WPA2,Network Auth,Intel Arc B580,Intel,Consumer; Desktop,688611,7.1.2,https://openbenchmarking.org/test/pts/hashcat
WPA/WPA2,Network Auth,NVIDIA CMP 90HX,NVIDIA,Mining; Desktop,688100,6.2.6,https://github.com/dosoos/hashcat_speeds
WPA/WPA2,Network Auth,NVIDIA GeForce GTX 1080 Ti,NVIDIA,Consumer; Desktop,631200,6.2.6,https://www.onlinehashcrack.com/tools-benchmark-hashcat-gtx-1080-ti-1070-ti-rtx-2080-ti-rtx-3090-3080-4090.php
WPA/WPA2,Network Auth,NVIDIA RTX PRO 2000 Blackwell,NVIDIA,Professional; Desktop,626573,7.1.2,https://openbenchmarking.org/test/pts/hashcat
WPA/WPA2,Network Auth,NVIDIA GeForce RTX 2070 SUPER,NVIDIA,Consumer; Desktop,560800,6.2.6,https://www.onlinehashcrack.com/tools-benchmark-hashcat-gtx-1080-ti-1070-ti-rtx-2080-ti-rtx-3090-3080-4090.php
WPA/WPA2,Network Auth,NVIDIA P102-100,NVIDIA,Mining; Desktop,548800,7.1.2,https://github.com/dosoos/hashcat_speeds
WPA/WPA2,Network Auth,AMD Radeon RX Vega 64,AMD,Consumer; Desktop,526499,6.0.0,https://hashcat.net/hashcat/
WPA/WPA2,Network Auth,AMD Radeon RX 6600 XT,AMD,Consumer; Desktop,495900,6.2.4,https://gist.github.com/soxrok2212/7ebabe2136e48514ad579929af123037
WPA/WPA2,Network Auth,NVIDIA Tesla P100-PCIE-16GB,NVIDIA,Server; Data Center,476000,6.2.6,https://www.onlinehashcrack.com/tools-benchmark-hashcat-gtx-1080-ti-1070-ti-rtx-2080-ti-rtx-3090-3080-4090.php
WPA/WPA2,Network Auth,NVIDIA GeForce RTX 4060,NVIDIA,Consumer; Desktop,461100,6.2.6,https://github.com/dosoos/hashcat_speeds
WPA/WPA2,Network Auth,NVIDIA RTX 2000 Ada Generation,NVIDIA,Professional; Desktop,407548,7.1.2,https://openbenchmarking.org/test/pts/hashcat
WPA/WPA2,Network Auth,Intel Arc Pro B50,Intel,Professional; Desktop,360263,7.1.2,https://openbenchmarking.org/test/pts/hashcat
WPA/WPA2,Network Auth,NVIDIA Tesla T4,NVIDIA,Server; Data Center,345500,6.2.6,https://www.onlinehashcrack.com/tools-benchmark-hashcat-gtx-1080-ti-1070-ti-rtx-2080-ti-rtx-3090-3080-4090.php
WPA/WPA2,Network Auth,NVIDIA P104-100,NVIDIA,Mining; Desktop,341800,6.2.6,https://github.com/dosoos/hashcat_speeds
WPA/WPA2,Network Auth,NVIDIA GeForce GTX 1070,NVIDIA,Consumer; Desktop,334500,6.2.5-620-g31758f09a,https://github.com/dosoos/hashcat_speeds
WPA/WPA2,Network Auth,Apple M1 Ultra,Apple,Integrated; SoC; Desktop,297000,6.2.5-340-g98b89e43d,https://gist.github.com/fhlip0
WPA/WPA2,Network Auth,NVIDIA RTX A1000,NVIDIA,Professional; Desktop,226827,7.1.2,https://openbenchmarking.org/test/pts/hashcat
WPA/WPA2,Network Auth,Apple M3 Pro,Apple,Integrated; SoC; Mobile,145700,6.2.6-827-g46ce637d3,https://gist.github.com/Chick3nman/fdf7f9ddcc0a65f6725aefede99ada4e
WPA/WPA2,Network Auth,Intel Iris Xe TGL GT2,Intel,Integrated; iGPU; Mobile,59955,7.1.2,https://openbenchmarking.org/test/pts/hashcat
WPA/WPA2,Network Auth,Intel Iris Xe ADL GT2,Intel,Integrated; iGPU,59486,7.1.2,https://openbenchmarking.org/test/pts/hashcat
WPA/WPA2,Network Auth,Intel UHD 730,Intel,Integrated; iGPU; Desktop,17123,6.2.6,https://github.com/dosoos/hashcat_speeds
WPA/WPA2,Network Auth,NVIDIA Tegra X1,NVIDIA,Embedded; SoC,16573,6.2.6,https://hashcat.net/forum/printthread.php?tid=11520
WinZip,Archive,NVIDIA GeForce RTX 5090,NVIDIA,Consumer; Desktop,25400200,6.2.6-851-g6716447df,https://github.com/dosoos/hashcat_speeds
WinZip,Archive,NVIDIA GeForce RTX 4090,NVIDIA,Consumer; Desktop,18870100,6.2.6,https://github.com/dosoos/hashcat_speeds
WinZip,Archive,NVIDIA RTX 6000 Ada Generation,NVIDIA,Professional; Desktop,16713600,6.2.6,https://github.com/dosoos/hashcat_speeds
WinZip,Archive,NVIDIA GeForce RTX 4080,NVIDIA,Consumer; Desktop,11704500,6.2.6-325-gea6173b30,https://github.com/dosoos/hashcat_speeds
WinZip,Archive,NVIDIA H100 PCIe,NVIDIA,Server; Data Center,11239400,6.2.6-514-gbf1d7d078,https://github.com/dosoos/hashcat_speeds
WinZip,Archive,NVIDIA GeForce RTX 3090 Ti,NVIDIA,Consumer; Desktop,9512200,6.2.6-424-g3df97954c,https://www.onlinehashcrack.com/tools-benchmark-hashcat-gtx-1080-ti-1070-ti-rtx-2080-ti-rtx-3090-3080-4090.php
WinZip,Archive,NVIDIA GeForce RTX 3090,NVIDIA,Consumer; Desktop,8772800,6.2.5-656-gc8350eb55,https://www.onlinehashcrack.com/tools-benchmark-hashcat-gtx-1080-ti-1070-ti-rtx-2080-ti-rtx-3090-3080-4090.php
WinZip,Archive,NVIDIA GeForce RTX 3080 Ti,NVIDIA,Consumer; Desktop,8655900,6.2.3,https://www.onlinehashcrack.com/tools-benchmark-hashcat-gtx-1080-ti-1070-ti-rtx-2080-ti-rtx-3090-3080-4090.php
WinZip,Archive,NVIDIA A100-PCIE-40GB,NVIDIA,Server; Data Center,8231000,6.1.1,https://github.com/dosoos/hashcat_speeds
WinZip,Archive,AMD Radeon RX 6800 XT,AMD,Consumer; Desktop,8203100,6.1.1-120-g15bf8b730,https://gist.github.com/epixoip/99085955a1145ff61ec83512a50421a7
WinZip,Archive,NVIDIA GeForce RTX 3080,NVIDIA,Consumer; Desktop,7299600,6.2.6-424-g3df97954c,https://www.onlinehashcrack.com/tools-benchmark-hashcat-gtx-1080-ti-1070-ti-rtx-2080-ti-rtx-3090-3080-4090.php
WinZip,Archive,NVIDIA GeForce RTX 2080 Ti,NVIDIA,Consumer; Desktop,6670300,6.2.6,https://www.onlinehashcrack.com/tools-benchmark-hashcat-gtx-1080-ti-1070-ti-rtx-2080-ti-rtx-3090-3080-4090.php
WinZip,Archive,NVIDIA Tesla V100-SXM2-16GB,NVIDIA,Server; Data Center,6170100,6.2.6,https://github.com/dosoos/hashcat_speeds
WinZip,Archive,NVIDIA GeForce RTX 5060 Ti,NVIDIA,Consumer; Desktop,5820000,7.1.2,https://github.com/dosoos/hashcat_speeds
WinZip,Archive,NVIDIA GeForce GTX 1080 Ti,NVIDIA,Consumer; Desktop,4728200,6.2.6,https://www.onlinehashcrack.com/tools-benchmark-hashcat-gtx-1080-ti-1070-ti-rtx-2080-ti-rtx-3090-3080-4090.php
WinZip,Archive,NVIDIA GeForce RTX 2070 SUPER,NVIDIA,Consumer; Desktop,4473500,6.2.6,https://www.onlinehashcrack.com/tools-benchmark-hashcat-gtx-1080-ti-1070-ti-rtx-2080-ti-rtx-3090-3080-4090.php
WinZip,Archive,NVIDIA P102-100,NVIDIA,Mining; Desktop,4308400,7.1.2,https://github.com/dosoos/hashcat_speeds
WinZip,Archive,AMD Radeon RX Vega 64,AMD,Consumer; Desktop,4014494,6.0.0,https://hashcat.net/hashcat/
WinZip,Archive,NVIDIA Tesla P100-PCIE-16GB,NVIDIA,Server; Data Center,3790200,6.2.6,https://www.onlinehashcrack.com/tools-benchmark-hashcat-gtx-1080-ti-1070-ti-rtx-2080-ti-rtx-3090-3080-4090.php
WinZip,Archive,AMD Radeon RX 6600 XT,AMD,Consumer; Desktop,3239300,6.2.4,https://gist.github.com/soxrok2212/7ebabe2136e48514ad579929af123037
WinZip,Archive,NVIDIA TITAN RTX,NVIDIA,Consumer; Desktop,2693900,6.2.6,https://github.com/dosoos/hashcat_speeds
WinZip,Archive,NVIDIA Tesla T4,NVIDIA,Server; Data Center,2642700,6.2.6,https://www.onlinehashcrack.com/tools-benchmark-hashcat-gtx-1080-ti-1070-ti-rtx-2080-ti-rtx-3090-3080-4090.php
WinZip,Archive,Apple M1 Ultra,Apple,Integrated; SoC; Desktop,2309800,6.2.5-340-g98b89e43d,https://gist.github.com/fhlip0
WinZip,Archive,Apple M3 Pro,Apple,Integrated; SoC; Mobile,1138700,6.2.6-827-g46ce637d3,https://gist.github.com/Chick3nman/fdf7f9ddcc0a65f6725aefede99ada4e
WinZip,Archive,NVIDIA Tegra X1,NVIDIA,Embedded; SoC,125000,6.2.6,https://hashcat.net/forum/printthread.php?tid=11520
bcrypt,Password Hash / KDF,NVIDIA H100 SXM5 80GB,NVIDIA,Server; Data Center,367900,6.2.6,https://www.onlinehashcrack.com/tools-benchmark-hashcat-gtx-1080-ti-1070-ti-rtx-2080-ti-rtx-3090-3080-4090.php
bcrypt,Password Hash / KDF,NVIDIA RTX PRO 6000 Blackwell Workstation Edition,NVIDIA,Professional; Desktop,316774,7.1.2,https://openbenchmarking.org/test/pts/hashcat
bcrypt,Password Hash / KDF,NVIDIA GeForce RTX 5090,NVIDIA,Consumer; Desktop,314200,6.2.6-1087-gd3983edaf,https://www.onlinehashcrack.com/tools-benchmark-hashcat-gtx-1080-ti-1070-ti-rtx-2080-ti-rtx-3090-3080-4090.php
bcrypt,Password Hash / KDF,NVIDIA RTX 6000 Ada Generation,NVIDIA,Professional; Desktop,262565,7.1.2,https://openbenchmarking.org/test/pts/hashcat
bcrypt,Password Hash / KDF,NVIDIA RTX PRO 6000 Blackwell Max-Q Workstation Edition,NVIDIA,Professional; Mobile,259993,7.1.2,https://openbenchmarking.org/test/pts/hashcat
bcrypt,Password Hash / KDF,NVIDIA H100 PCIe,NVIDIA,Server; Data Center,251500,6.2.6-514-gbf1d7d078,https://github.com/dosoos/hashcat_speeds
bcrypt,Password Hash / KDF,NVIDIA GeForce RTX 4090,NVIDIA,Consumer; Desktop,184000,6.2.6,https://github.com/dosoos/hashcat_speeds
bcrypt,Password Hash / KDF,NVIDIA RTX PRO 5000 Blackwell,NVIDIA,Professional; Desktop,166539,7.1.2,https://openbenchmarking.org/test/pts/hashcat
bcrypt,Password Hash / KDF,NVIDIA GeForce RTX 5080,NVIDIA,Consumer; Desktop,140100,7.1.2,https://openbenchmarking.org/test/pts/hashcat
bcrypt,Password Hash / KDF,NVIDIA A100-SXM4-40GB,NVIDIA,Server; Data Center,139900,6.2.3,https://www.onlinehashcrack.com/tools-benchmark-hashcat-gtx-1080-ti-1070-ti-rtx-2080-ti-rtx-3090-3080-4090.php
bcrypt,Password Hash / KDF,NVIDIA A100-PCIE-40GB,NVIDIA,Server; Data Center,138400,6.1.1,https://github.com/dosoos/hashcat_speeds
bcrypt,Password Hash / KDF,NVIDIA A800 80GB PCIe,NVIDIA,Server; Data Center,137900,6.2.6,https://github.com/dosoos/hashcat_speeds
bcrypt,Password Hash / KDF,NVIDIA RTX PRO 4500 Blackwell,NVIDIA,Professional; Desktop,134812,7.1.2,https://openbenchmarking.org/test/pts/hashcat
bcrypt,Password Hash / KDF,NVIDIA GeForce RTX 4080,NVIDIA,Consumer; Desktop,131200,6.2.6-325-gea6173b30,https://github.com/dosoos/hashcat_speeds
bcrypt,Password Hash / KDF,NVIDIA GeForce RTX 3090 Ti,NVIDIA,Consumer; Desktop,116500,6.2.6-424-g3df97954c,https://www.onlinehashcrack.com/tools-benchmark-hashcat-gtx-1080-ti-1070-ti-rtx-2080-ti-rtx-3090-3080-4090.php
bcrypt,Password Hash / KDF,NVIDIA GeForce RTX 4080 SUPER,NVIDIA,Consumer; Desktop,116500,6.2.6,https://hashcat.net/forum/printthread.php?tid=11520
bcrypt,Password Hash / KDF,NVIDIA GeForce RTX 5070 Ti,NVIDIA,Consumer; Desktop,107700,6.2.6,https://github.com/dosoos/hashcat_speeds
bcrypt,Password Hash / KDF,NVIDIA GeForce RTX 3090,NVIDIA,Consumer; Desktop,104200,6.2.5-656-gc8350eb55,https://www.onlinehashcrack.com/tools-benchmark-hashcat-gtx-1080-ti-1070-ti-rtx-2080-ti-rtx-3090-3080-4090.php
bcrypt,Password Hash / KDF,NVIDIA RTX PRO 4000 Blackwell,NVIDIA,Professional; Desktop,101028,7.1.2,https://openbenchmarking.org/test/pts/hashcat
bcrypt,Password Hash / KDF,NVIDIA GeForce RTX 3080 Ti,NVIDIA,Consumer; Desktop,99215,6.2.3,https://www.onlinehashcrack.com/tools-benchmark-hashcat-gtx-1080-ti-1070-ti-rtx-2080-ti-rtx-3090-3080-4090.php
bcrypt,Password Hash / KDF,AMD Radeon PRO W7900,AMD,Professional; Desktop,96774,7.1.2,https://openbenchmarking.org/test/pts/hashcat
bcrypt,Password Hash / KDF,NVIDIA GeForce RTX 3080,NVIDIA,Consumer; Desktop,90044,6.2.6-424-g3df97954c,https://www.onlinehashcrack.com/tools-benchmark-hashcat-gtx-1080-ti-1070-ti-rtx-2080-ti-rtx-3090-3080-4090.php
bcrypt,Password Hash / KDF,NVIDIA RTX A5000,NVIDIA,Professional; Desktop,85607,6.2.6,https://www.onlinehashcrack.com/tools-benchmark-hashcat-gtx-1080-ti-1070-ti-rtx-2080-ti-rtx-3090-3080-4090.php
bcrypt,Password Hash / KDF,AMD Radeon RX 7900 XTX,AMD,Consumer; Desktop,84233,6.2.6,https://docs.google.com/document/d/1q0dhInwifS8yDYQFYe0hTSECvaLE3LSqkR1dRZ-_PtM/edit
bcrypt,Password Hash / KDF,NVIDIA Tesla V100-SXM2-16GB,NVIDIA,Server; Data Center,78651,6.2.6,https://github.com/dosoos/hashcat_speeds
bcrypt,Password Hash / KDF,NVIDIA RTX 4000 Ada Generation,NVIDIA,Professional; Desktop,74959,7.1.2,https://openbenchmarking.org/test/pts/hashcat
bcrypt,Password Hash / KDF,AMD Radeon AI PRO R9700,AMD,Professional; Desktop,69276,7.1.2,https://openbenchmarking.org/test/pts/hashcat
bcrypt,Password Hash / KDF,NVIDIA GeForce RTX 5060 Ti,NVIDIA,Consumer; Desktop,66257,7.1.2,https://github.com/dosoos/hashcat_speeds
bcrypt,Password Hash / KDF,NVIDIA CMP 90HX,NVIDIA,Mining; Desktop,62357,6.2.6,https://github.com/dosoos/hashcat_speeds
bcrypt,Password Hash / KDF,AMD Radeon RX 6800 XT,AMD,Consumer; Desktop,58134,6.1.1-120-g15bf8b730,https://gist.github.com/epixoip/99085955a1145ff61ec83512a50421a7
bcrypt,Password Hash / KDF,NVIDIA RTX PRO 2000 Blackwell,NVIDIA,Professional; Desktop,55277,7.1.2,https://openbenchmarking.org/test/pts/hashcat
bcrypt,Password Hash / KDF,NVIDIA GeForce RTX 2080 Ti,NVIDIA,Consumer; Desktop,54644,6.2.6,https://www.onlinehashcrack.com/tools-benchmark-hashcat-gtx-1080-ti-1070-ti-rtx-2080-ti-rtx-3090-3080-4090.php
bcrypt,Password Hash / KDF,AMD Radeon RX 9070 GRE,AMD,Consumer; Desktop,49442,7.1.2,https://openbenchmarking.org/test/pts/hashcat
bcrypt,Password Hash / KDF,NVIDIA CMP 50HX,NVIDIA,Mining; Desktop,45885,6.2.6,https://github.com/dosoos/hashcat_speeds
bcrypt,Password Hash / KDF,NVIDIA TITAN RTX,NVIDIA,Consumer; Desktop,39584,6.2.6,https://github.com/dosoos/hashcat_speeds
bcrypt,Password Hash / KDF,NVIDIA GeForce RTX 4060,NVIDIA,Consumer; Desktop,38666,6.2.6,https://github.com/dosoos/hashcat_speeds
bcrypt,Password Hash / KDF,NVIDIA RTX 2000 Ada Generation,NVIDIA,Professional; Desktop,37679,7.1.2,https://openbenchmarking.org/test/pts/hashcat
bcrypt,Password Hash / KDF,Intel Arc Pro B70,Intel,Professional; Desktop,37095,7.1.2,https://openbenchmarking.org/test/pts/hashcat
bcrypt,Password Hash / KDF,NVIDIA GeForce GTX 1080 Ti,NVIDIA,Consumer; Desktop,33669,6.2.6,https://www.onlinehashcrack.com/tools-benchmark-hashcat-gtx-1080-ti-1070-ti-rtx-2080-ti-rtx-3090-3080-4090.php
bcrypt,Password Hash / KDF,NVIDIA GeForce RTX 2070 SUPER,NVIDIA,Consumer; Desktop,33268,6.2.6,https://www.onlinehashcrack.com/tools-benchmark-hashcat-gtx-1080-ti-1070-ti-rtx-2080-ti-rtx-3090-3080-4090.php
bcrypt,Password Hash / KDF,AMD Radeon RX 6600 XT,AMD,Consumer; Desktop,29919,6.2.4,https://gist.github.com/soxrok2212/7ebabe2136e48514ad579929af123037
bcrypt,Password Hash / KDF,NVIDIA P102-100,NVIDIA,Mining; Desktop,27216,7.1.2,https://github.com/dosoos/hashcat_speeds
bcrypt,Password Hash / KDF,NVIDIA Tesla T4,NVIDIA,Server; Data Center,26785,6.2.6,https://www.onlinehashcrack.com/tools-benchmark-hashcat-gtx-1080-ti-1070-ti-rtx-2080-ti-rtx-3090-3080-4090.php
bcrypt,Password Hash / KDF,AMD Radeon RX Vega 64,AMD,Consumer; Desktop,25224,6.0.0,https://hashcat.net/hashcat/
bcrypt,Password Hash / KDF,NVIDIA RTX A1000,NVIDIA,Professional; Desktop,23497,7.1.2,https://openbenchmarking.org/test/pts/hashcat
bcrypt,Password Hash / KDF,NVIDIA Tesla P100-PCIE-16GB,NVIDIA,Server; Data Center,23072,6.2.6,https://www.onlinehashcrack.com/tools-benchmark-hashcat-gtx-1080-ti-1070-ti-rtx-2080-ti-rtx-3090-3080-4090.php
bcrypt,Password Hash / KDF,NVIDIA GeForce RTX 4070,NVIDIA,Consumer; Desktop,23054,6.2.6,https://github.com/dosoos/hashcat_speeds
bcrypt,Password Hash / KDF,Intel Arc B580,Intel,Consumer; Desktop,22225,7.1.2,https://openbenchmarking.org/test/pts/hashcat
bcrypt,Password Hash / KDF,Intel Arc Pro B50,Intel,Professional; Desktop,17747,7.1.2,https://openbenchmarking.org/test/pts/hashcat
bcrypt,Password Hash / KDF,NVIDIA GeForce GTX 1070,NVIDIA,Consumer; Desktop,16505,6.2.5-620-g31758f09a,https://github.com/dosoos/hashcat_speeds
bcrypt,Password Hash / KDF,Apple M1 Ultra,Apple,Integrated; SoC; Desktop,10077,6.2.5-340-g98b89e43d,https://gist.github.com/fhlip0
bcrypt,Password Hash / KDF,Intel Arc A770,Intel,Consumer; Desktop,9356,7.1.2,https://openbenchmarking.org/test/pts/hashcat
bcrypt,Password Hash / KDF,NVIDIA P104-100,NVIDIA,Mining; Desktop,8084,6.2.6,https://github.com/dosoos/hashcat_speeds
bcrypt,Password Hash / KDF,Apple M3 Pro,Apple,Integrated; SoC; Mobile,6032,6.2.6-827-g46ce637d3,https://gist.github.com/Chick3nman/fdf7f9ddcc0a65f6725aefede99ada4e
bcrypt,Password Hash / KDF,Intel Iris Xe ADL GT2,Intel,Integrated; iGPU,2993,7.1.2,https://openbenchmarking.org/test/pts/hashcat
bcrypt,Password Hash / KDF,Intel Iris Xe TGL GT2,Intel,Integrated; iGPU; Mobile,2773,7.1.2,https://openbenchmarking.org/test/pts/hashcat
bcrypt,Password Hash / KDF,Intel UHD 730,Intel,Integrated; iGPU; Desktop,1527,6.2.6,https://github.com/dosoos/hashcat_speeds
bcrypt,Password Hash / KDF,NVIDIA Tegra X1,NVIDIA,Embedded; SoC,442,6.2.6,https://hashcat.net/forum/printthread.php?tid=11520
macOS v10.8+ (PBKDF2-SHA512),OS Credentials,NVIDIA GeForce RTX 5090,NVIDIA,Consumer; Desktop,4245000,6.2.6-1087-gd3983edaf,https://www.onlinehashcrack.com/tools-benchmark-hashcat-gtx-1080-ti-1070-ti-rtx-2080-ti-rtx-3090-3080-4090.php
macOS v10.8+ (PBKDF2-SHA512),OS Credentials,NVIDIA GeForce RTX 4090,NVIDIA,Consumer; Desktop,3023700,6.2.6,https://github.com/dosoos/hashcat_speeds
macOS v10.8+ (PBKDF2-SHA512),OS Credentials,NVIDIA RTX 6000 Ada Generation,NVIDIA,Professional; Desktop,2736100,6.2.6,https://github.com/dosoos/hashcat_speeds
macOS v10.8+ (PBKDF2-SHA512),OS Credentials,NVIDIA H100 SXM5 80GB,NVIDIA,Server; Data Center,2297000,6.2.6,https://www.onlinehashcrack.com/tools-benchmark-hashcat-gtx-1080-ti-1070-ti-rtx-2080-ti-rtx-3090-3080-4090.php
macOS v10.8+ (PBKDF2-SHA512),OS Credentials,NVIDIA GeForce RTX 5080,NVIDIA,Consumer; Desktop,1973900,6.2.6,https://github.com/dosoos/hashcat_speeds
macOS v10.8+ (PBKDF2-SHA512),OS Credentials,NVIDIA GeForce RTX 4080,NVIDIA,Consumer; Desktop,1858400,6.2.6-325-gea6173b30,https://github.com/dosoos/hashcat_speeds
macOS v10.8+ (PBKDF2-SHA512),OS Credentials,NVIDIA GeForce RTX 4080 SUPER,NVIDIA,Consumer; Desktop,1825300,6.2.6,https://hashcat.net/forum/printthread.php?tid=11520
macOS v10.8+ (PBKDF2-SHA512),OS Credentials,NVIDIA H100 PCIe,NVIDIA,Server; Data Center,1698500,6.2.6-514-gbf1d7d078,https://github.com/dosoos/hashcat_speeds
macOS v10.8+ (PBKDF2-SHA512),OS Credentials,NVIDIA GeForce RTX 5070 Ti,NVIDIA,Consumer; Desktop,1652700,6.2.6,https://github.com/dosoos/hashcat_speeds
macOS v10.8+ (PBKDF2-SHA512),OS Credentials,NVIDIA GeForce RTX 3090 Ti,NVIDIA,Consumer; Desktop,1512800,6.2.6-424-g3df97954c,https://www.onlinehashcrack.com/tools-benchmark-hashcat-gtx-1080-ti-1070-ti-rtx-2080-ti-rtx-3090-3080-4090.php
macOS v10.8+ (PBKDF2-SHA512),OS Credentials,NVIDIA A100-SXM4-40GB,NVIDIA,Server; Data Center,1382300,6.2.3,https://www.onlinehashcrack.com/tools-benchmark-hashcat-gtx-1080-ti-1070-ti-rtx-2080-ti-rtx-3090-3080-4090.php
macOS v10.8+ (PBKDF2-SHA512),OS Credentials,AMD Radeon RX 7900 XTX,AMD,Consumer; Desktop,1367900,6.2.6,https://docs.google.com/document/d/1q0dhInwifS8yDYQFYe0hTSECvaLE3LSqkR1dRZ-_PtM/edit
macOS v10.8+ (PBKDF2-SHA512),OS Credentials,NVIDIA GeForce RTX 3090,NVIDIA,Consumer; Desktop,1364900,6.2.5-656-gc8350eb55,https://www.onlinehashcrack.com/tools-benchmark-hashcat-gtx-1080-ti-1070-ti-rtx-2080-ti-rtx-3090-3080-4090.php
macOS v10.8+ (PBKDF2-SHA512),OS Credentials,NVIDIA A800 80GB PCIe,NVIDIA,Server; Data Center,1359700,6.2.6,https://github.com/dosoos/hashcat_speeds
macOS v10.8+ (PBKDF2-SHA512),OS Credentials,NVIDIA A100-PCIE-40GB,NVIDIA,Server; Data Center,1326500,6.1.1,https://github.com/dosoos/hashcat_speeds
macOS v10.8+ (PBKDF2-SHA512),OS Credentials,NVIDIA GeForce RTX 3080 Ti,NVIDIA,Consumer; Desktop,1314200,6.2.3,https://www.onlinehashcrack.com/tools-benchmark-hashcat-gtx-1080-ti-1070-ti-rtx-2080-ti-rtx-3090-3080-4090.php
macOS v10.8+ (PBKDF2-SHA512),OS Credentials,NVIDIA GeForce RTX 3080,NVIDIA,Consumer; Desktop,1165600,6.2.6-424-g3df97954c,https://www.onlinehashcrack.com/tools-benchmark-hashcat-gtx-1080-ti-1070-ti-rtx-2080-ti-rtx-3090-3080-4090.php
macOS v10.8+ (PBKDF2-SHA512),OS Credentials,NVIDIA GeForce RTX 4070,NVIDIA,Consumer; Desktop,1128100,6.2.6,https://github.com/dosoos/hashcat_speeds
macOS v10.8+ (PBKDF2-SHA512),OS Credentials,NVIDIA TITAN RTX,NVIDIA,Consumer; Desktop,1112300,6.2.6,https://github.com/dosoos/hashcat_speeds
macOS v10.8+ (PBKDF2-SHA512),OS Credentials,AMD Radeon RX 6800 XT,AMD,Consumer; Desktop,1011400,6.1.1-120-g15bf8b730,https://gist.github.com/epixoip/99085955a1145ff61ec83512a50421a7
macOS v10.8+ (PBKDF2-SHA512),OS Credentials,NVIDIA GeForce RTX 2080 Ti,NVIDIA,Consumer; Desktop,1006600,6.2.6,https://www.onlinehashcrack.com/tools-benchmark-hashcat-gtx-1080-ti-1070-ti-rtx-2080-ti-rtx-3090-3080-4090.php
macOS v10.8+ (PBKDF2-SHA512),OS Credentials,NVIDIA RTX A5000,NVIDIA,Professional; Desktop,992400,6.2.6,https://www.onlinehashcrack.com/tools-benchmark-hashcat-gtx-1080-ti-1070-ti-rtx-2080-ti-rtx-3090-3080-4090.php
macOS v10.8+ (PBKDF2-SHA512),OS Credentials,NVIDIA Tesla V100-SXM2-16GB,NVIDIA,Server; Data Center,986800,6.2.6,https://github.com/dosoos/hashcat_speeds
macOS v10.8+ (PBKDF2-SHA512),OS Credentials,NVIDIA CMP 50HX,NVIDIA,Mining; Desktop,860100,6.2.6,https://github.com/dosoos/hashcat_speeds
macOS v10.8+ (PBKDF2-SHA512),OS Credentials,NVIDIA CMP 90HX,NVIDIA,Mining; Desktop,835400,6.2.6,https://github.com/dosoos/hashcat_speeds
macOS v10.8+ (PBKDF2-SHA512),OS Credentials,NVIDIA GeForce RTX 5060 Ti,NVIDIA,Consumer; Desktop,763300,7.1.2,https://github.com/dosoos/hashcat_speeds
macOS v10.8+ (PBKDF2-SHA512),OS Credentials,NVIDIA GeForce RTX 2070 SUPER,NVIDIA,Consumer; Desktop,676600,6.2.6,https://www.onlinehashcrack.com/tools-benchmark-hashcat-gtx-1080-ti-1070-ti-rtx-2080-ti-rtx-3090-3080-4090.php
macOS v10.8+ (PBKDF2-SHA512),OS Credentials,NVIDIA GeForce GTX 1080 Ti,NVIDIA,Consumer; Desktop,600400,6.2.6,https://www.onlinehashcrack.com/tools-benchmark-hashcat-gtx-1080-ti-1070-ti-rtx-2080-ti-rtx-3090-3080-4090.php
macOS v10.8+ (PBKDF2-SHA512),OS Credentials,NVIDIA GeForce RTX 4060,NVIDIA,Consumer; Desktop,539800,6.2.6,https://github.com/dosoos/hashcat_speeds
macOS v10.8+ (PBKDF2-SHA512),OS Credentials,AMD Radeon RX Vega 64,AMD,Consumer; Desktop,473338,6.0.0,https://hashcat.net/hashcat/
macOS v10.8+ (PBKDF2-SHA512),OS Credentials,NVIDIA Tesla P100-PCIE-16GB,NVIDIA,Server; Data Center,462000,6.2.6,https://www.onlinehashcrack.com/tools-benchmark-hashcat-gtx-1080-ti-1070-ti-rtx-2080-ti-rtx-3090-3080-4090.php
macOS v10.8+ (PBKDF2-SHA512),OS Credentials,AMD Radeon RX 6600 XT,AMD,Consumer; Desktop,457000,6.2.4,https://gist.github.com/soxrok2212/7ebabe2136e48514ad579929af123037
macOS v10.8+ (PBKDF2-SHA512),OS Credentials,NVIDIA Tesla T4,NVIDIA,Server; Data Center,406200,6.2.6,https://www.onlinehashcrack.com/tools-benchmark-hashcat-gtx-1080-ti-1070-ti-rtx-2080-ti-rtx-3090-3080-4090.php
macOS v10.8+ (PBKDF2-SHA512),OS Credentials,NVIDIA P102-100,NVIDIA,Mining; Desktop,389400,7.1.2,https://github.com/dosoos/hashcat_speeds
macOS v10.8+ (PBKDF2-SHA512),OS Credentials,NVIDIA GeForce GTX 1070,NVIDIA,Consumer; Desktop,334400,6.2.5-620-g31758f09a,https://github.com/dosoos/hashcat_speeds
macOS v10.8+ (PBKDF2-SHA512),OS Credentials,NVIDIA P104-100,NVIDIA,Mining; Desktop,303200,6.2.6,https://github.com/dosoos/hashcat_speeds
macOS v10.8+ (PBKDF2-SHA512),OS Credentials,Apple M3 Pro,Apple,Integrated; SoC; Mobile,96143,6.2.6-827-g46ce637d3,https://gist.github.com/Chick3nman/fdf7f9ddcc0a65f6725aefede99ada4e
macOS v10.8+ (PBKDF2-SHA512),OS Credentials,Apple M1 Ultra,Apple,Integrated; SoC; Desktop,87787,6.2.5-340-g98b89e43d,https://gist.github.com/fhlip0
macOS v10.8+ (PBKDF2-SHA512),OS Credentials,NVIDIA Tegra X1,NVIDIA,Embedded; SoC,15865,6.2.6,https://hashcat.net/forum/printthread.php?tid=11520
macOS v10.8+ (PBKDF2-SHA512),OS Credentials,Intel UHD 730,Intel,Integrated; iGPU; Desktop,13247,6.2.6,https://github.com/dosoos/hashcat_speeds
md5crypt / MD5 (Unix) / Cisco-IOS $1$,OS Credentials,NVIDIA GeForce RTX 5090,NVIDIA,Consumer; Desktop,97279500,6.2.6-1087-gd3983edaf,https://www.onlinehashcrack.com/tools-benchmark-hashcat-gtx-1080-ti-1070-ti-rtx-2080-ti-rtx-3090-3080-4090.php
md5crypt / MD5 (Unix) / Cisco-IOS $1$,OS Credentials,NVIDIA GeForce RTX 4090,NVIDIA,Consumer; Desktop,61283800,6.2.6,https://github.com/dosoos/hashcat_speeds
md5crypt / MD5 (Unix) / Cisco-IOS $1$,OS Credentials,NVIDIA H100 SXM5 80GB,NVIDIA,Server; Data Center,58692800,6.2.6,https://www.onlinehashcrack.com/tools-benchmark-hashcat-gtx-1080-ti-1070-ti-rtx-2080-ti-rtx-3090-3080-4090.php
md5crypt / MD5 (Unix) / Cisco-IOS $1$,OS Credentials,NVIDIA RTX 6000 Ada Generation,NVIDIA,Professional; Desktop,55230900,6.2.6,https://github.com/dosoos/hashcat_speeds
md5crypt / MD5 (Unix) / Cisco-IOS $1$,OS Credentials,NVIDIA GeForce RTX 5080,NVIDIA,Consumer; Desktop,43863700,6.2.6,https://github.com/dosoos/hashcat_speeds
md5crypt / MD5 (Unix) / Cisco-IOS $1$,OS Credentials,NVIDIA GeForce RTX 4080,NVIDIA,Consumer; Desktop,37316000,6.2.6-325-gea6173b30,https://github.com/dosoos/hashcat_speeds
md5crypt / MD5 (Unix) / Cisco-IOS $1$,OS Credentials,NVIDIA H100 PCIe,NVIDIA,Server; Data Center,37287100,6.2.6-514-gbf1d7d078,https://github.com/dosoos/hashcat_speeds
md5crypt / MD5 (Unix) / Cisco-IOS $1$,OS Credentials,NVIDIA GeForce RTX 4080 SUPER,NVIDIA,Consumer; Desktop,37014500,6.2.6,https://hashcat.net/forum/printthread.php?tid=11520
md5crypt / MD5 (Unix) / Cisco-IOS $1$,OS Credentials,NVIDIA GeForce RTX 5070 Ti,NVIDIA,Consumer; Desktop,36701400,6.2.6,https://github.com/dosoos/hashcat_speeds
md5crypt / MD5 (Unix) / Cisco-IOS $1$,OS Credentials,NVIDIA A100-SXM4-40GB,NVIDIA,Server; Data Center,31831100,6.2.3,https://www.onlinehashcrack.com/tools-benchmark-hashcat-gtx-1080-ti-1070-ti-rtx-2080-ti-rtx-3090-3080-4090.php
md5crypt / MD5 (Unix) / Cisco-IOS $1$,OS Credentials,NVIDIA A100-PCIE-40GB,NVIDIA,Server; Data Center,31615800,6.1.1,https://github.com/dosoos/hashcat_speeds
md5crypt / MD5 (Unix) / Cisco-IOS $1$,OS Credentials,NVIDIA GeForce RTX 3080 Ti,NVIDIA,Consumer; Desktop,30181900,6.2.3,https://www.onlinehashcrack.com/tools-benchmark-hashcat-gtx-1080-ti-1070-ti-rtx-2080-ti-rtx-3090-3080-4090.php
md5crypt / MD5 (Unix) / Cisco-IOS $1$,OS Credentials,NVIDIA A800 80GB PCIe,NVIDIA,Server; Data Center,29514700,6.2.6,https://github.com/dosoos/hashcat_speeds
md5crypt / MD5 (Unix) / Cisco-IOS $1$,OS Credentials,NVIDIA GeForce RTX 3090 Ti,NVIDIA,Consumer; Desktop,29409700,6.2.6-424-g3df97954c,https://www.onlinehashcrack.com/tools-benchmark-hashcat-gtx-1080-ti-1070-ti-rtx-2080-ti-rtx-3090-3080-4090.php
md5crypt / MD5 (Unix) / Cisco-IOS $1$,OS Credentials,NVIDIA GeForce RTX 3090,NVIDIA,Consumer; Desktop,27990900,6.2.5-656-gc8350eb55,https://www.onlinehashcrack.com/tools-benchmark-hashcat-gtx-1080-ti-1070-ti-rtx-2080-ti-rtx-3090-3080-4090.php
md5crypt / MD5 (Unix) / Cisco-IOS $1$,OS Credentials,NVIDIA TITAN RTX,NVIDIA,Consumer; Desktop,27644800,6.2.6,https://github.com/dosoos/hashcat_speeds
md5crypt / MD5 (Unix) / Cisco-IOS $1$,OS Credentials,NVIDIA GeForce RTX 4070,NVIDIA,Consumer; Desktop,23750700,6.2.6,https://github.com/dosoos/hashcat_speeds
md5crypt / MD5 (Unix) / Cisco-IOS $1$,OS Credentials,NVIDIA GeForce RTX 2080 Ti,NVIDIA,Consumer; Desktop,23648200,6.2.6,https://www.onlinehashcrack.com/tools-benchmark-hashcat-gtx-1080-ti-1070-ti-rtx-2080-ti-rtx-3090-3080-4090.php
md5crypt / MD5 (Unix) / Cisco-IOS $1$,OS Credentials,NVIDIA GeForce RTX 3080,NVIDIA,Consumer; Desktop,22903000,6.2.6-424-g3df97954c,https://www.onlinehashcrack.com/tools-benchmark-hashcat-gtx-1080-ti-1070-ti-rtx-2080-ti-rtx-3090-3080-4090.php
md5crypt / MD5 (Unix) / Cisco-IOS $1$,OS Credentials,AMD Radeon RX 6800 XT,AMD,Consumer; Desktop,21811900,6.1.1-120-g15bf8b730,https://gist.github.com/epixoip/99085955a1145ff61ec83512a50421a7
md5crypt / MD5 (Unix) / Cisco-IOS $1$,OS Credentials,NVIDIA GeForce RTX 5060 Ti,NVIDIA,Consumer; Desktop,21394700,7.1.2,https://github.com/dosoos/hashcat_speeds
md5crypt / MD5 (Unix) / Cisco-IOS $1$,OS Credentials,NVIDIA RTX A5000,NVIDIA,Professional; Desktop,21165300,6.2.6,https://www.onlinehashcrack.com/tools-benchmark-hashcat-gtx-1080-ti-1070-ti-rtx-2080-ti-rtx-3090-3080-4090.php
md5crypt / MD5 (Unix) / Cisco-IOS $1$,OS Credentials,NVIDIA Tesla V100-SXM2-16GB,NVIDIA,Server; Data Center,17127600,6.2.6,https://github.com/dosoos/hashcat_speeds
md5crypt / MD5 (Unix) / Cisco-IOS $1$,OS Credentials,NVIDIA CMP 90HX,NVIDIA,Mining; Desktop,16579200,6.2.6,https://github.com/dosoos/hashcat_speeds
md5crypt / MD5 (Unix) / Cisco-IOS $1$,OS Credentials,NVIDIA GeForce RTX 2070 SUPER,NVIDIA,Consumer; Desktop,15633400,6.2.6,https://www.onlinehashcrack.com/tools-benchmark-hashcat-gtx-1080-ti-1070-ti-rtx-2080-ti-rtx-3090-3080-4090.php
md5crypt / MD5 (Unix) / Cisco-IOS $1$,OS Credentials,NVIDIA CMP 50HX,NVIDIA,Mining; Desktop,14968000,6.2.6,https://github.com/dosoos/hashcat_speeds
md5crypt / MD5 (Unix) / Cisco-IOS $1$,OS Credentials,AMD Radeon RX 7900 XTX,AMD,Consumer; Desktop,14796700,6.2.6,https://docs.google.com/document/d/1q0dhInwifS8yDYQFYe0hTSECvaLE3LSqkR1dRZ-_PtM/edit
md5crypt / MD5 (Unix) / Cisco-IOS $1$,OS Credentials,NVIDIA GeForce GTX 1080 Ti,NVIDIA,Consumer; Desktop,14062000,6.2.6,https://www.onlinehashcrack.com/tools-benchmark-hashcat-gtx-1080-ti-1070-ti-rtx-2080-ti-rtx-3090-3080-4090.php
md5crypt / MD5 (Unix) / Cisco-IOS $1$,OS Credentials,NVIDIA P102-100,NVIDIA,Mining; Desktop,12922800,7.1.2,https://github.com/dosoos/hashcat_speeds
md5crypt / MD5 (Unix) / Cisco-IOS $1$,OS Credentials,AMD Radeon RX Vega 64,AMD,Consumer; Desktop,11784259,6.0.0,https://hashcat.net/hashcat/
md5crypt / MD5 (Unix) / Cisco-IOS $1$,OS Credentials,NVIDIA GeForce RTX 4060,NVIDIA,Consumer; Desktop,11352500,6.2.6,https://github.com/dosoos/hashcat_speeds
md5crypt / MD5 (Unix) / Cisco-IOS $1$,OS Credentials,NVIDIA Tesla P100-PCIE-16GB,NVIDIA,Server; Data Center,10477600,6.2.6,https://www.onlinehashcrack.com/tools-benchmark-hashcat-gtx-1080-ti-1070-ti-rtx-2080-ti-rtx-3090-3080-4090.php
md5crypt / MD5 (Unix) / Cisco-IOS $1$,OS Credentials,NVIDIA Tesla T4,NVIDIA,Server; Data Center,9772400,6.2.6,https://www.onlinehashcrack.com/tools-benchmark-hashcat-gtx-1080-ti-1070-ti-rtx-2080-ti-rtx-3090-3080-4090.php
md5crypt / MD5 (Unix) / Cisco-IOS $1$,OS Credentials,AMD Radeon RX 6600 XT,AMD,Consumer; Desktop,9496000,6.2.4,https://gist.github.com/soxrok2212/7ebabe2136e48514ad579929af123037
md5crypt / MD5 (Unix) / Cisco-IOS $1$,OS Credentials,NVIDIA GeForce GTX 1070,NVIDIA,Consumer; Desktop,7254100,6.2.5-620-g31758f09a,https://github.com/dosoos/hashcat_speeds
md5crypt / MD5 (Unix) / Cisco-IOS $1$,OS Credentials,Apple M1 Ultra,Apple,Integrated; SoC; Desktop,6996500,6.2.5-340-g98b89e43d,https://gist.github.com/fhlip0
md5crypt / MD5 (Unix) / Cisco-IOS $1$,OS Credentials,NVIDIA P104-100,NVIDIA,Mining; Desktop,3398600,6.2.6,https://github.com/dosoos/hashcat_speeds
md5crypt / MD5 (Unix) / Cisco-IOS $1$,OS Credentials,Apple M3 Pro,Apple,Integrated; SoC; Mobile,3076800,6.2.6-827-g46ce637d3,https://gist.github.com/Chick3nman/fdf7f9ddcc0a65f6725aefede99ada4e
md5crypt / MD5 (Unix) / Cisco-IOS $1$,OS Credentials,NVIDIA Tegra X1,NVIDIA,Embedded; SoC,385200,6.2.6,https://hashcat.net/forum/printthread.php?tid=11520
md5crypt / MD5 (Unix) / Cisco-IOS $1$,OS Credentials,Intel UHD 730,Intel,Integrated; iGPU; Desktop,367400,6.2.6,https://github.com/dosoos/hashcat_speeds
phpass / WordPress / phpBB3 / Joomla,OS Credentials,NVIDIA GeForce RTX 5090,NVIDIA,Consumer; Desktop,64227500,6.2.6-851-g6716447df,https://github.com/dosoos/hashcat_speeds
phpass / WordPress / phpBB3 / Joomla,OS Credentials,NVIDIA GeForce RTX 4090,NVIDIA,Consumer; Desktop,45561400,6.2.6,https://github.com/dosoos/hashcat_speeds
phpass / WordPress / phpBB3 / Joomla,OS Credentials,NVIDIA RTX 6000 Ada Generation,NVIDIA,Professional; Desktop,39755600,6.2.6,https://github.com/dosoos/hashcat_speeds
phpass / WordPress / phpBB3 / Joomla,OS Credentials,NVIDIA GeForce RTX 4080,NVIDIA,Consumer; Desktop,28045100,6.2.6-325-gea6173b30,https://github.com/dosoos/hashcat_speeds
phpass / WordPress / phpBB3 / Joomla,OS Credentials,NVIDIA H100 PCIe,NVIDIA,Server; Data Center,26903900,6.2.6-514-gbf1d7d078,https://github.com/dosoos/hashcat_speeds
phpass / WordPress / phpBB3 / Joomla,OS Credentials,NVIDIA GeForce RTX 3090 Ti,NVIDIA,Consumer; Desktop,22031400,6.2.6-424-g3df97954c,https://www.onlinehashcrack.com/tools-benchmark-hashcat-gtx-1080-ti-1070-ti-rtx-2080-ti-rtx-3090-3080-4090.php
phpass / WordPress / phpBB3 / Joomla,OS Credentials,NVIDIA GeForce RTX 3080 Ti,NVIDIA,Consumer; Desktop,21002000,6.2.3,https://www.onlinehashcrack.com/tools-benchmark-hashcat-gtx-1080-ti-1070-ti-rtx-2080-ti-rtx-3090-3080-4090.php
phpass / WordPress / phpBB3 / Joomla,OS Credentials,NVIDIA GeForce RTX 3090,NVIDIA,Consumer; Desktop,20669700,6.2.5-656-gc8350eb55,https://www.onlinehashcrack.com/tools-benchmark-hashcat-gtx-1080-ti-1070-ti-rtx-2080-ti-rtx-3090-3080-4090.php
phpass / WordPress / phpBB3 / Joomla,OS Credentials,NVIDIA A100-PCIE-40GB,NVIDIA,Server; Data Center,18760800,6.1.1,https://github.com/dosoos/hashcat_speeds
phpass / WordPress / phpBB3 / Joomla,OS Credentials,NVIDIA TITAN RTX,NVIDIA,Consumer; Desktop,17151800,6.2.6,https://github.com/dosoos/hashcat_speeds
phpass / WordPress / phpBB3 / Joomla,OS Credentials,NVIDIA GeForce RTX 3080,NVIDIA,Consumer; Desktop,17068900,6.2.6-424-g3df97954c,https://www.onlinehashcrack.com/tools-benchmark-hashcat-gtx-1080-ti-1070-ti-rtx-2080-ti-rtx-3090-3080-4090.php
phpass / WordPress / phpBB3 / Joomla,OS Credentials,AMD Radeon RX 7900 XTX,AMD,Consumer; Desktop,16044900,6.2.6,https://docs.google.com/document/d/1q0dhInwifS8yDYQFYe0hTSECvaLE3LSqkR1dRZ-_PtM/edit
phpass / WordPress / phpBB3 / Joomla,OS Credentials,AMD Radeon RX 6800 XT,AMD,Consumer; Desktop,15183700,6.1.1-120-g15bf8b730,https://gist.github.com/epixoip/99085955a1145ff61ec83512a50421a7
phpass / WordPress / phpBB3 / Joomla,OS Credentials,NVIDIA GeForce RTX 5060 Ti,NVIDIA,Consumer; Desktop,14805700,7.1.2,https://github.com/dosoos/hashcat_speeds
phpass / WordPress / phpBB3 / Joomla,OS Credentials,NVIDIA GeForce RTX 2080 Ti,NVIDIA,Consumer; Desktop,14282600,6.2.6,https://www.onlinehashcrack.com/tools-benchmark-hashcat-gtx-1080-ti-1070-ti-rtx-2080-ti-rtx-3090-3080-4090.php
phpass / WordPress / phpBB3 / Joomla,OS Credentials,NVIDIA Tesla V100-SXM2-16GB,NVIDIA,Server; Data Center,13708800,6.2.6,https://github.com/dosoos/hashcat_speeds
phpass / WordPress / phpBB3 / Joomla,OS Credentials,NVIDIA P102-100,NVIDIA,Mining; Desktop,9491700,7.1.2,https://github.com/dosoos/hashcat_speeds
phpass / WordPress / phpBB3 / Joomla,OS Credentials,NVIDIA GeForce RTX 2070 SUPER,NVIDIA,Consumer; Desktop,9433300,6.2.6,https://www.onlinehashcrack.com/tools-benchmark-hashcat-gtx-1080-ti-1070-ti-rtx-2080-ti-rtx-3090-3080-4090.php
phpass / WordPress / phpBB3 / Joomla,OS Credentials,NVIDIA GeForce GTX 1080 Ti,NVIDIA,Consumer; Desktop,9419200,6.2.6,https://www.onlinehashcrack.com/tools-benchmark-hashcat-gtx-1080-ti-1070-ti-rtx-2080-ti-rtx-3090-3080-4090.php
phpass / WordPress / phpBB3 / Joomla,OS Credentials,AMD Radeon RX Vega 64,AMD,Consumer; Desktop,9227820,6.0.0,https://hashcat.net/hashcat/
phpass / WordPress / phpBB3 / Joomla,OS Credentials,NVIDIA Tesla P100-PCIE-16GB,NVIDIA,Server; Data Center,7465500,6.2.6,https://www.onlinehashcrack.com/tools-benchmark-hashcat-gtx-1080-ti-1070-ti-rtx-2080-ti-rtx-3090-3080-4090.php
phpass / WordPress / phpBB3 / Joomla,OS Credentials,AMD Radeon RX 6600 XT,AMD,Consumer; Desktop,6815200,6.2.4,https://gist.github.com/soxrok2212/7ebabe2136e48514ad579929af123037
phpass / WordPress / phpBB3 / Joomla,OS Credentials,NVIDIA Tesla T4,NVIDIA,Server; Data Center,5889800,6.2.6,https://www.onlinehashcrack.com/tools-benchmark-hashcat-gtx-1080-ti-1070-ti-rtx-2080-ti-rtx-3090-3080-4090.php
phpass / WordPress / phpBB3 / Joomla,OS Credentials,Apple M1 Ultra,Apple,Integrated; SoC; Desktop,5289600,6.2.5-340-g98b89e43d,https://gist.github.com/fhlip0
phpass / WordPress / phpBB3 / Joomla,OS Credentials,Apple M3 Pro,Apple,Integrated; SoC; Mobile,1985500,6.2.6-827-g46ce637d3,https://gist.github.com/Chick3nman/fdf7f9ddcc0a65f6725aefede99ada4e
phpass / WordPress / phpBB3 / Joomla,OS Credentials,NVIDIA Tegra X1,NVIDIA,Embedded; SoC,273000,6.2.6,https://hashcat.net/forum/printthread.php?tid=11520
sha512crypt / SHA512 (Unix),OS Credentials,NVIDIA GeForce RTX 5090,NVIDIA,Consumer; Desktop,1565700,6.2.6-1087-gd3983edaf,https://www.onlinehashcrack.com/tools-benchmark-hashcat-gtx-1080-ti-1070-ti-rtx-2080-ti-rtx-3090-3080-4090.php
sha512crypt / SHA512 (Unix),OS Credentials,NVIDIA GeForce RTX 4090,NVIDIA,Consumer; Desktop,1179600,6.2.6,https://github.com/dosoos/hashcat_speeds
sha512crypt / SHA512 (Unix),OS Credentials,NVIDIA H100 SXM5 80GB,NVIDIA,Server; Data Center,873500,6.2.6,https://www.onlinehashcrack.com/tools-benchmark-hashcat-gtx-1080-ti-1070-ti-rtx-2080-ti-rtx-3090-3080-4090.php
sha512crypt / SHA512 (Unix),OS Credentials,NVIDIA RTX 6000 Ada Generation,NVIDIA,Professional; Desktop,850400,6.2.6,https://github.com/dosoos/hashcat_speeds
sha512crypt / SHA512 (Unix),OS Credentials,NVIDIA GeForce RTX 5080,NVIDIA,Consumer; Desktop,775900,6.2.6,https://github.com/dosoos/hashcat_speeds
sha512crypt / SHA512 (Unix),OS Credentials,NVIDIA GeForce RTX 4080,NVIDIA,Consumer; Desktop,698700,6.2.6-325-gea6173b30,https://github.com/dosoos/hashcat_speeds
sha512crypt / SHA512 (Unix),OS Credentials,NVIDIA GeForce RTX 4080 SUPER,NVIDIA,Consumer; Desktop,690200,6.2.6,https://hashcat.net/forum/printthread.php?tid=11520
sha512crypt / SHA512 (Unix),OS Credentials,NVIDIA GeForce RTX 5070 Ti,NVIDIA,Consumer; Desktop,667000,6.2.6,https://github.com/dosoos/hashcat_speeds
sha512crypt / SHA512 (Unix),OS Credentials,NVIDIA H100 PCIe,NVIDIA,Server; Data Center,665500,6.2.6-514-gbf1d7d078,https://github.com/dosoos/hashcat_speeds
sha512crypt / SHA512 (Unix),OS Credentials,NVIDIA A100-SXM4-40GB,NVIDIA,Server; Data Center,544000,6.2.3,https://www.onlinehashcrack.com/tools-benchmark-hashcat-gtx-1080-ti-1070-ti-rtx-2080-ti-rtx-3090-3080-4090.php
sha512crypt / SHA512 (Unix),OS Credentials,NVIDIA GeForce RTX 3090 Ti,NVIDIA,Consumer; Desktop,543700,6.2.6-424-g3df97954c,https://www.onlinehashcrack.com/tools-benchmark-hashcat-gtx-1080-ti-1070-ti-rtx-2080-ti-rtx-3090-3080-4090.php
sha512crypt / SHA512 (Unix),OS Credentials,NVIDIA A800 80GB PCIe,NVIDIA,Server; Data Center,526900,6.2.6,https://github.com/dosoos/hashcat_speeds
sha512crypt / SHA512 (Unix),OS Credentials,AMD Radeon RX 7900 XTX,AMD,Consumer; Desktop,513200,6.2.6,https://docs.google.com/document/d/1q0dhInwifS8yDYQFYe0hTSECvaLE3LSqkR1dRZ-_PtM/edit
sha512crypt / SHA512 (Unix),OS Credentials,NVIDIA A100-PCIE-40GB,NVIDIA,Server; Data Center,480400,6.1.1,https://github.com/dosoos/hashcat_speeds
sha512crypt / SHA512 (Unix),OS Credentials,NVIDIA GeForce RTX 3090,NVIDIA,Consumer; Desktop,476000,6.2.5-656-gc8350eb55,https://www.onlinehashcrack.com/tools-benchmark-hashcat-gtx-1080-ti-1070-ti-rtx-2080-ti-rtx-3090-3080-4090.php
sha512crypt / SHA512 (Unix),OS Credentials,NVIDIA GeForce RTX 3080 Ti,NVIDIA,Consumer; Desktop,460000,6.2.3,https://www.onlinehashcrack.com/tools-benchmark-hashcat-gtx-1080-ti-1070-ti-rtx-2080-ti-rtx-3090-3080-4090.php
sha512crypt / SHA512 (Unix),OS Credentials,NVIDIA GeForce RTX 3080,NVIDIA,Consumer; Desktop,417800,6.2.6-424-g3df97954c,https://www.onlinehashcrack.com/tools-benchmark-hashcat-gtx-1080-ti-1070-ti-rtx-2080-ti-rtx-3090-3080-4090.php
sha512crypt / SHA512 (Unix),OS Credentials,NVIDIA TITAN RTX,NVIDIA,Consumer; Desktop,390400,6.2.6,https://github.com/dosoos/hashcat_speeds
sha512crypt / SHA512 (Unix),OS Credentials,NVIDIA Tesla V100-SXM2-16GB,NVIDIA,Server; Data Center,369500,6.2.6,https://github.com/dosoos/hashcat_speeds
sha512crypt / SHA512 (Unix),OS Credentials,NVIDIA RTX A5000,NVIDIA,Professional; Desktop,347300,6.2.6,https://www.onlinehashcrack.com/tools-benchmark-hashcat-gtx-1080-ti-1070-ti-rtx-2080-ti-rtx-3090-3080-4090.php
sha512crypt / SHA512 (Unix),OS Credentials,NVIDIA GeForce RTX 4070,NVIDIA,Consumer; Desktop,339500,6.2.6,https://github.com/dosoos/hashcat_speeds
sha512crypt / SHA512 (Unix),OS Credentials,NVIDIA CMP 50HX,NVIDIA,Mining; Desktop,295500,6.2.6,https://github.com/dosoos/hashcat_speeds
sha512crypt / SHA512 (Unix),OS Credentials,NVIDIA GeForce RTX 5060 Ti,NVIDIA,Consumer; Desktop,287800,7.1.2,https://github.com/dosoos/hashcat_speeds
sha512crypt / SHA512 (Unix),OS Credentials,AMD Radeon RX 6800 XT,AMD,Consumer; Desktop,286800,6.1.1-120-g15bf8b730,https://gist.github.com/epixoip/99085955a1145ff61ec83512a50421a7
sha512crypt / SHA512 (Unix),OS Credentials,NVIDIA CMP 90HX,NVIDIA,Mining; Desktop,278800,6.2.6,https://github.com/dosoos/hashcat_speeds
sha512crypt / SHA512 (Unix),OS Credentials,NVIDIA GeForce RTX 2080 Ti,NVIDIA,Consumer; Desktop,254100,6.2.6,https://www.onlinehashcrack.com/tools-benchmark-hashcat-gtx-1080-ti-1070-ti-rtx-2080-ti-rtx-3090-3080-4090.php
sha512crypt / SHA512 (Unix),OS Credentials,NVIDIA GeForce RTX 2070 SUPER,NVIDIA,Consumer; Desktop,244500,6.2.6,https://www.onlinehashcrack.com/tools-benchmark-hashcat-gtx-1080-ti-1070-ti-rtx-2080-ti-rtx-3090-3080-4090.php
sha512crypt / SHA512 (Unix),OS Credentials,NVIDIA GeForce RTX 4060,NVIDIA,Consumer; Desktop,222600,6.2.6,https://github.com/dosoos/hashcat_speeds
sha512crypt / SHA512 (Unix),OS Credentials,NVIDIA GeForce GTX 1080 Ti,NVIDIA,Consumer; Desktop,204800,6.2.6,https://www.onlinehashcrack.com/tools-benchmark-hashcat-gtx-1080-ti-1070-ti-rtx-2080-ti-rtx-3090-3080-4090.php
sha512crypt / SHA512 (Unix),OS Credentials,NVIDIA Tesla P100-PCIE-16GB,NVIDIA,Server; Data Center,180100,6.2.6,https://www.onlinehashcrack.com/tools-benchmark-hashcat-gtx-1080-ti-1070-ti-rtx-2080-ti-rtx-3090-3080-4090.php
sha512crypt / SHA512 (Unix),OS Credentials,AMD Radeon RX 6600 XT,AMD,Consumer; Desktop,179400,6.2.4,https://gist.github.com/soxrok2212/7ebabe2136e48514ad579929af123037
sha512crypt / SHA512 (Unix),OS Credentials,AMD Radeon RX Vega 64,AMD,Consumer; Desktop,139547,6.0.0,https://hashcat.net/hashcat/
sha512crypt / SHA512 (Unix),OS Credentials,NVIDIA Tesla T4,NVIDIA,Server; Data Center,118600,6.2.6,https://www.onlinehashcrack.com/tools-benchmark-hashcat-gtx-1080-ti-1070-ti-rtx-2080-ti-rtx-3090-3080-4090.php
sha512crypt / SHA512 (Unix),OS Credentials,NVIDIA GeForce GTX 1070,NVIDIA,Consumer; Desktop,110900,6.2.5-620-g31758f09a,https://github.com/dosoos/hashcat_speeds
sha512crypt / SHA512 (Unix),OS Credentials,NVIDIA P102-100,NVIDIA,Mining; Desktop,64728,7.1.2,https://github.com/dosoos/hashcat_speeds
sha512crypt / SHA512 (Unix),OS Credentials,NVIDIA P104-100,NVIDIA,Mining; Desktop,58758,6.2.6,https://github.com/dosoos/hashcat_speeds
sha512crypt / SHA512 (Unix),OS Credentials,NVIDIA Tegra X1,NVIDIA,Embedded; SoC,6629,6.2.6,https://hashcat.net/forum/printthread.php?tid=11520
sha512crypt / SHA512 (Unix),OS Credentials,Intel UHD 730,Intel,Integrated; iGPU; Desktop,4583,6.2.6,https://github.com/dosoos/hashcat_speeds
